Customer_ID,Order_Date,Category,Quantity,Unit_Price,Total_Amount
1103,2024-01-01 00:00:00.000000000,Home,4,1430.57,5722.28
1436,2024-01-01 03:30:16.923384676,Sports,3,2301.37,6904.11
1349,2024-01-01 07:00:33.846769353,Sports,1,3298.79,3298.79
1271,2024-01-01 10:30:50.770154030,Electronics,3,4295.12,12885.36
1107,2024-01-01 14:01:07.693538707,Electronics,1,1506.95,1506.95
1072,2024-01-01 17:31:24.616923384,Electronics,2,1000.27,2000.54
1189,2024-01-01 21:01:41.540308061,Sports,4,1956.35,7825.4
1021,2024-01-02 00:31:58.463692738,Sports,2,4482.48,8964.96
1103,2024-01-02 04:02:15.387077415,Sports,2,148.32,296.64
1122,2024-01-02 07:32:32.310462092,Home,1,3421.56,3421.56
1467,2024-01-02 11:02:49.233846769,Sports,3,2438.08,7314.24
1215,2024-01-02 14:33:06.157231446,Home,5,889.13,4445.65
1331,2024-01-02 18:03:23.080616123,Electronics,1,1673.01,1673.01
1459,2024-01-02 21:33:40.004000800,Electronics,5,1202.26,6011.3
1088,2024-01-03 01:03:56.927385477,Electronics,2,4401.38,8802.76
1373,2024-01-03 04:34:13.850770154,Clothing,5,2461.18,12305.9
1100,2024-01-03 08:04:30.774154830,Clothing,3,2859.16,8577.48
1360,2024-01-03 11:34:47.697539507,Beauty,1,3009.07,3009.07
1152,2024-01-03 15:05:04.620924184,Beauty,3,3234.12,9702.36
1131,2024-01-03 18:35:21.544308861,Beauty,3,2528.22,7584.66
1150,2024-01-03 22:05:38.467693538,Clothing,1,187.58,187.58
1309,2024-01-04 01:35:55.391078215,Clothing,3,1740.14,5220.42
1258,2024-01-04 05:06:12.314462892,Beauty,4,1000.98,4003.92
1344,2024-01-04 08:36:29.237847569,Beauty,4,3432.7,13730.8
1492,2024-01-04 12:06:46.161232246,Sports,4,377.85,1511.4
1414,2024-01-04 15:37:03.084616923,Beauty,5,2862.64,14313.2
1294,2024-01-04 19:07:20.008001600,Sports,3,1132.1,3396.3
1386,2024-01-04 22:37:36.931386277,Home,1,4749.34,4749.34
1192,2024-01-05 02:07:53.854770954,Clothing,1,1744.15,1744.15
1444,2024-01-05 05:38:10.778155631,Beauty,5,1693.58,8467.9
1277,2024-01-05 09:08:27.701540308,Clothing,1,4624.58,4624.58
1161,2024-01-05 12:38:44.624924985,Clothing,4,2145.0,8580.0
1460,2024-01-05 16:09:01.548309661,Clothing,3,4818.03,14454.09
1314,2024-01-05 19:39:18.471694338,Home,1,218.43,218.43
1022,2024-01-05 23:09:35.395079015,Electronics,1,1601.09,1601.09
1253,2024-01-06 02:39:52.318463692,Beauty,2,3364.35,6728.7
1236,2024-01-06 06:10:09.241848369,Electronics,2,4465.2,8930.4
1345,2024-01-06 09:40:26.165233046,Electronics,2,1356.39,2712.78
1049,2024-01-06 13:10:43.088617723,Electronics,3,4659.34,13978.02
1475,2024-01-06 16:41:00.012002400,Clothing,4,3011.2,12044.8
1059,2024-01-06 20:11:16.935387077,Sports,4,4024.94,16099.76
1170,2024-01-06 23:41:33.858771754,Clothing,4,2046.32,8185.28
1476,2024-01-07 03:11:50.782156431,Clothing,3,1139.68,3419.04
1188,2024-01-07 06:42:07.705541108,Electronics,3,4565.05,13695.15
1464,2024-01-07 10:12:24.628925785,Clothing,2,4672.37,9344.74
1271,2024-01-07 13:42:41.552310462,Electronics,1,2538.12,2538.12
1190,2024-01-07 17:12:58.475695139,Sports,5,131.83,659.15
1446,2024-01-07 20:43:15.399079816,Beauty,5,637.94,3189.7
1175,2024-01-08 00:13:32.322464492,Electronics,1,2907.84,2907.84
1446,2024-01-08 03:43:49.245849169,Sports,2,216.51,433.02
1051,2024-01-08 07:14:06.169233846,Beauty,1,2044.87,2044.87
1364,2024-01-08 10:44:23.092618523,Home,1,1586.51,1586.51
1055,2024-01-08 14:14:40.016003200,Electronics,5,3600.31,18001.55
1244,2024-01-08 17:44:56.939387877,Electronics,2,372.34,744.68
1320,2024-01-08 21:15:13.862772554,Home,3,2494.78,7484.34
1131,2024-01-09 00:45:30.786157231,Home,5,2937.66,14688.3
1485,2024-01-09 04:15:47.709541908,Electronics,3,3124.73,9374.19
1307,2024-01-09 07:46:04.632926585,Home,2,2085.27,4170.54
1135,2024-01-09 11:16:21.556311262,Clothing,1,1591.4,1591.4
1021,2024-01-09 14:46:38.479695939,Beauty,4,3444.22,13776.88
1329,2024-01-09 18:16:55.403080616,Beauty,4,4253.09,17012.36
1167,2024-01-09 21:47:12.326465293,Beauty,2,3498.73,6997.46
1274,2024-01-10 01:17:29.249849970,Clothing,4,4667.3,18669.2
1388,2024-01-10 04:47:46.173234647,Home,3,3614.59,10843.77
1089,2024-01-10 08:18:03.096619323,Sports,4,3846.63,15386.52
1316,2024-01-10 11:48:20.020004000,Home,2,922.73,1845.46
1014,2024-01-10 15:18:36.943388677,Electronics,2,2155.74,4311.48
1242,2024-01-10 18:48:53.866773354,Beauty,3,2476.77,7430.31
1265,2024-01-10 22:19:10.790158031,Home,4,1355.84,5423.36
1346,2024-01-11 01:49:27.713542708,Sports,4,2689.85,10759.4
1053,2024-01-11 05:19:44.636927385,Electronics,1,1524.88,1524.88
1386,2024-01-11 08:50:01.560312062,Clothing,5,3468.76,17343.8
1340,2024-01-11 12:20:18.483696739,Clothing,2,2404.41,4808.82
1092,2024-01-11 15:50:35.407081416,Sports,1,2348.15,2348.15
1367,2024-01-11 19:20:52.330466093,Electronics,2,4919.85,9839.7
1444,2024-01-11 22:51:09.253850770,Beauty,1,2022.98,2022.98
1455,2024-01-12 02:21:26.177235447,Home,5,1875.25,9376.25
1428,2024-01-12 05:51:43.100620124,Electronics,1,1661.16,1661.16
1264,2024-01-12 09:22:00.024004801,Clothing,2,4484.27,8968.54
1431,2024-01-12 12:52:16.947389477,Sports,4,2533.95,10135.8
1035,2024-01-12 16:22:33.870774154,Sports,2,3040.07,6080.14
1206,2024-01-12 19:52:50.794158831,Home,3,986.01,2958.03
1081,2024-01-12 23:23:07.717543508,Sports,3,2750.62,8251.86
1420,2024-01-13 02:53:24.640928185,Sports,3,1445.78,4337.34
1050,2024-01-13 06:23:41.564312862,Electronics,3,3680.12,11040.36
1360,2024-01-13 09:53:58.487697539,Beauty,5,4179.39,20896.95
1388,2024-01-13 13:24:15.411082216,Home,4,3602.57,14410.28
1002,2024-01-13 16:54:32.334466893,Electronics,4,3678.2,14712.8
1390,2024-01-13 20:24:49.257851570,Beauty,2,2611.13,5222.26
1054,2024-01-13 23:55:06.181236247,Electronics,1,3589.38,3589.38
1106,2024-01-14 03:25:23.104620924,Electronics,2,2171.17,4342.34
1260,2024-01-14 06:55:40.028005601,Sports,2,3292.3,6584.6
1310,2024-01-14 10:25:56.951390278,Beauty,2,1369.29,2738.58
1477,2024-01-14 13:56:13.874774955,Home,2,441.81,883.62
1191,2024-01-14 17:26:30.798159632,Home,4,2126.02,8504.08
1402,2024-01-14 20:56:47.721544309,Beauty,1,2362.71,2362.71
1218,2024-01-15 00:27:04.644928985,Sports,2,1356.4,2712.8
1044,2024-01-15 03:57:21.568313662,Clothing,4,3665.78,14663.12
1162,2024-01-15 07:27:38.491698339,Electronics,2,460.4,920.8
1202,2024-01-15 10:57:55.415083016,Sports,3,1191.47,3574.41
1446,2024-01-15 14:28:12.338467693,Beauty,2,3767.97,7535.94
1484,2024-01-15 17:58:29.261852370,Electronics,2,2241.91,4483.82
1270,2024-01-15 21:28:46.185237047,Home,5,3555.89,17779.45
1351,2024-01-16 00:59:03.108621724,Clothing,3,2880.68,8642.04
1304,2024-01-16 04:29:20.032006401,Home,1,4758.49,4758.49
1271,2024-01-16 07:59:36.955391078,Beauty,2,3029.2,6058.4
1456,2024-01-16 11:29:53.878775755,Electronics,1,172.86,172.86
1462,2024-01-16 15:00:10.802160432,Beauty,3,1829.1,5487.3
1215,2024-01-16 18:30:27.725545109,Electronics,2,801.0,1602.0
1252,2024-01-16 22:00:44.648929786,Sports,5,4630.71,23153.55
1190,2024-01-17 01:31:01.572314463,Clothing,4,609.66,2438.64
1296,2024-01-17 05:01:18.495699139,Sports,5,1999.76,9998.8
1213,2024-01-17 08:31:35.419083816,Sports,5,1207.89,6039.45
1208,2024-01-17 12:01:52.342468493,Beauty,4,4248.94,16995.76
1237,2024-01-17 15:32:09.265853170,Clothing,4,1611.98,6447.92
1338,2024-01-17 19:02:26.189237847,Electronics,4,4960.28,19841.12
1367,2024-01-17 22:32:43.112622524,Electronics,2,289.22,578.44
1053,2024-01-18 02:03:00.036007201,Home,1,728.56,728.56
1280,2024-01-18 05:33:16.959391878,Electronics,1,1200.73,1200.73
1410,2024-01-18 09:03:33.882776555,Beauty,4,4074.42,16297.68
1217,2024-01-18 12:33:50.806161232,Sports,5,4404.73,22023.65
1252,2024-01-18 16:04:07.729545909,Sports,3,450.11,1350.33
1188,2024-01-18 19:34:24.652930586,Sports,4,259.05,1036.2
1380,2024-01-18 23:04:41.576315263,Clothing,5,3748.33,18741.65
1493,2024-01-19 02:34:58.499699940,Electronics,5,753.42,3767.1
1041,2024-01-19 06:05:15.423084617,Beauty,2,751.69,1503.38
1157,2024-01-19 09:35:32.346469294,Clothing,2,209.6,419.2
1015,2024-01-19 13:05:49.269853970,Home,1,344.06,344.06
1301,2024-01-19 16:36:06.193238647,Beauty,1,1392.01,1392.01
1065,2024-01-19 20:06:23.116623324,Beauty,3,418.53,1255.59
1345,2024-01-19 23:36:40.040008001,Beauty,3,1907.51,5722.53
1327,2024-01-20 03:06:56.963392678,Sports,3,4180.6,12541.8
1009,2024-01-20 06:37:13.886777355,Beauty,3,1698.97,5096.91
1344,2024-01-20 10:07:30.810162032,Electronics,5,3666.39,18331.95
1129,2024-01-20 13:37:47.733546709,Beauty,5,560.16,2800.8
1492,2024-01-20 17:08:04.656931386,Sports,1,3330.94,3330.94
1136,2024-01-20 20:38:21.580316063,Beauty,2,1652.06,3304.12
1472,2024-01-21 00:08:38.503700740,Home,2,3773.79,7547.58
1063,2024-01-21 03:38:55.427085417,Home,4,767.63,3070.52
1139,2024-01-21 07:09:12.350470094,Sports,5,4499.63,22498.15
1499,2024-01-21 10:39:29.273854771,Electronics,3,1288.63,3865.89
1081,2024-01-21 14:09:46.197239448,Electronics,3,1830.38,5491.14
1392,2024-01-21 17:40:03.120624124,Clothing,4,4755.89,19023.56
1163,2024-01-21 21:10:20.044008801,Sports,2,2934.56,5869.12
1419,2024-01-22 00:40:36.967393478,Beauty,3,1892.28,5676.84
1289,2024-01-22 04:10:53.890778155,Sports,2,4753.05,9506.1
1379,2024-01-22 07:41:10.814162832,Clothing,4,1712.48,6849.92
1261,2024-01-22 11:11:27.737547509,Sports,2,564.87,1129.74
1490,2024-01-22 14:41:44.660932186,Sports,2,4984.56,9969.12
1231,2024-01-22 18:12:01.584316863,Clothing,2,1412.44,2824.88
1041,2024-01-22 21:42:18.507701540,Electronics,3,4271.16,12813.48
1028,2024-01-23 01:12:35.431086217,Beauty,1,911.15,911.15
1135,2024-01-23 04:42:52.354470894,Clothing,5,3683.63,18418.15
1201,2024-01-23 08:13:09.277855571,Home,2,2669.8,5339.6
1328,2024-01-23 11:43:26.201240248,Electronics,2,4906.44,9812.88
1268,2024-01-23 15:13:43.124624925,Home,2,2808.87,5617.74
1418,2024-01-23 18:44:00.048009602,Electronics,1,222.57,222.57
1033,2024-01-23 22:14:16.971394279,Beauty,4,3059.0,12236.0
1048,2024-01-24 01:44:33.894778955,Beauty,3,812.05,2436.15
1407,2024-01-24 05:14:50.818163632,Sports,1,4012.85,4012.85
1062,2024-01-24 08:45:07.741548309,Home,2,4297.18,8594.36
1216,2024-01-24 12:15:24.664932986,Electronics,1,2462.26,2462.26
1293,2024-01-24 15:45:41.588317663,Beauty,1,3937.79,3937.79
1099,2024-01-24 19:15:58.511702340,Clothing,1,811.04,811.04
1172,2024-01-24 22:46:15.435087017,Beauty,4,2511.18,10044.72
1360,2024-01-25 02:16:32.358471694,Clothing,5,2030.33,10151.65
1214,2024-01-25 05:46:49.281856371,Electronics,3,3095.46,9286.38
1475,2024-01-25 09:17:06.205241048,Beauty,4,317.94,1271.76
1035,2024-01-25 12:47:23.128625725,Beauty,4,3785.4,15141.6
1449,2024-01-25 16:17:40.052010402,Electronics,5,487.73,2438.65
1227,2024-01-25 19:47:56.975395079,Beauty,4,3316.71,13266.84
1101,2024-01-25 23:18:13.898779756,Clothing,1,190.44,190.44
1431,2024-01-26 02:48:30.822164433,Beauty,1,4176.25,4176.25
1462,2024-01-26 06:18:47.745549109,Home,2,956.03,1912.06
1131,2024-01-26 09:49:04.668933786,Sports,4,2625.94,10503.76
1257,2024-01-26 13:19:21.592318463,Clothing,2,1381.32,2762.64
1005,2024-01-26 16:49:38.515703140,Home,3,3640.97,10922.91
1218,2024-01-26 20:19:55.439087817,Electronics,1,1674.62,1674.62
1255,2024-01-26 23:50:12.362472494,Clothing,3,3650.59,10951.77
1398,2024-01-27 03:20:29.285857171,Sports,5,1495.87,7479.35
1359,2024-01-27 06:50:46.209241848,Sports,1,3787.12,3787.12
1283,2024-01-27 10:21:03.132626525,Electronics,3,249.97,749.91
1393,2024-01-27 13:51:20.056011202,Electronics,5,1488.23,7441.15
1207,2024-01-27 17:21:36.979395879,Clothing,3,2543.3,7629.9
1015,2024-01-27 20:51:53.902780556,Beauty,5,320.79,1603.95
1346,2024-01-28 00:22:10.826165233,Electronics,5,1011.57,5057.85
1042,2024-01-28 03:52:27.749549910,Beauty,1,4679.23,4679.23
1380,2024-01-28 07:22:44.672934587,Home,2,4886.49,9772.98
1461,2024-01-28 10:53:01.596319264,Sports,5,3724.77,18623.85
1179,2024-01-28 14:23:18.519703941,Beauty,5,1335.78,6678.9
1063,2024-01-28 17:53:35.443088618,Sports,1,1376.54,1376.54
1352,2024-01-28 21:23:52.366473294,Beauty,2,3264.37,6528.74
1231,2024-01-29 00:54:09.289857971,Home,4,676.24,2704.96
1241,2024-01-29 04:24:26.213242648,Electronics,4,4746.72,18986.88
1052,2024-01-29 07:54:43.136627325,Home,2,1201.58,2403.16
1096,2024-01-29 11:25:00.060012002,Electronics,3,4998.21,14994.63
1388,2024-01-29 14:55:16.983396679,Electronics,1,2529.1,2529.1
1222,2024-01-29 18:25:33.906781356,Sports,2,3880.01,7760.02
1485,2024-01-29 21:55:50.830166033,Home,4,110.7,442.8
1407,2024-01-30 01:26:07.753550710,Beauty,5,4454.86,22274.3
1231,2024-01-30 04:56:24.676935387,Home,4,1423.01,5692.04
1237,2024-01-30 08:26:41.600320064,Sports,5,3372.89,16864.45
1143,2024-01-30 11:56:58.523704741,Electronics,1,4051.14,4051.14
1171,2024-01-30 15:27:15.447089418,Sports,5,904.32,4521.6
1029,2024-01-30 18:57:32.370474095,Clothing,2,2268.3,4536.6
1036,2024-01-30 22:27:49.293858772,Clothing,5,2519.8,12599.0
1013,2024-01-31 01:58:06.217243448,Beauty,3,1629.39,4888.17
1160,2024-01-31 05:28:23.140628125,Sports,2,2460.6,4921.2
1327,2024-01-31 08:58:40.064012802,Beauty,1,1655.97,1655.97
1187,2024-01-31 12:28:56.987397479,Beauty,2,1867.66,3735.32
1243,2024-01-31 15:59:13.910782156,Clothing,3,3379.72,10139.16
1086,2024-01-31 19:29:30.834166833,Beauty,1,3199.71,3199.71
1284,2024-01-31 22:59:47.757551510,Clothing,4,1238.1,4952.4
1066,2024-02-01 02:30:04.680936187,Electronics,3,4497.67,13493.01
1170,2024-02-01 06:00:21.604320864,Sports,1,4327.66,4327.66
1045,2024-02-01 09:30:38.527705541,Beauty,5,2594.51,12972.55
1062,2024-02-01 13:00:55.451090218,Clothing,2,2222.93,4445.86
1441,2024-02-01 16:31:12.374474895,Home,1,1946.59,1946.59
1134,2024-02-01 20:01:29.297859572,Beauty,2,3565.61,7131.22
1284,2024-02-01 23:31:46.221244249,Electronics,5,3391.16,16955.8
1028,2024-02-02 03:02:03.144628926,Electronics,1,1061.28,1061.28
1108,2024-02-02 06:32:20.068013603,Home,4,3390.14,13560.56
1044,2024-02-02 10:02:36.991398279,Clothing,3,1336.91,4010.73
1340,2024-02-02 13:32:53.914782956,Beauty,1,190.94,190.94
1286,2024-02-02 17:03:10.838167633,Clothing,5,3526.12,17630.6
1446,2024-02-02 20:33:27.761552310,Electronics,1,3259.49,3259.49
1331,2024-02-03 00:03:44.684936987,Clothing,2,2112.97,4225.94
1128,2024-02-03 03:34:01.608321664,Electronics,1,2675.86,2675.86
1348,2024-02-03 07:04:18.531706341,Clothing,4,4741.13,18964.52
1473,2024-02-03 10:34:35.455091018,Home,1,3016.48,3016.48
1231,2024-02-03 14:04:52.378475695,Sports,3,3323.63,9970.89
1190,2024-02-03 17:35:09.301860372,Home,1,413.17,413.17
1225,2024-02-03 21:05:26.225245049,Home,2,913.37,1826.74
1385,2024-02-04 00:35:43.148629726,Sports,1,1574.67,1574.67
1377,2024-02-04 04:06:00.072014403,Sports,4,2742.96,10971.84
1283,2024-02-04 07:36:16.995399080,Beauty,5,3905.3,19526.5
1446,2024-02-04 11:06:33.918783757,Beauty,1,1674.08,1674.08
1121,2024-02-04 14:36:50.842168433,Home,1,1846.27,1846.27
1116,2024-02-04 18:07:07.765553110,Home,3,1355.14,4065.42
1461,2024-02-04 21:37:24.688937787,Electronics,4,1347.59,5390.36
1233,2024-02-05 01:07:41.612322464,Electronics,5,4749.43,23747.15
1259,2024-02-05 04:37:58.535707141,Beauty,2,3213.74,6427.48
1359,2024-02-05 08:08:15.459091818,Beauty,1,863.92,863.92
1198,2024-02-05 11:38:32.382476495,Electronics,5,3639.02,18195.1
1456,2024-02-05 15:08:49.305861172,Electronics,2,3637.9,7275.8
1411,2024-02-05 18:39:06.229245849,Clothing,4,3365.7,13462.8
1137,2024-02-05 22:09:23.152630526,Clothing,4,760.13,3040.52
1318,2024-02-06 01:39:40.076015203,Electronics,5,2099.16,10495.8
1165,2024-02-06 05:09:56.999399880,Clothing,2,623.11,1246.22
1225,2024-02-06 08:40:13.922784557,Sports,4,4101.44,16405.76
1307,2024-02-06 12:10:30.846169234,Beauty,5,3310.34,16551.7
1234,2024-02-06 15:40:47.769553911,Beauty,4,2585.3,10341.2
1172,2024-02-06 19:11:04.692938588,Electronics,4,1780.78,7123.12
1152,2024-02-06 22:41:21.616323264,Home,4,1002.82,4011.28
1463,2024-02-07 02:11:38.539707941,Electronics,3,621.59,1864.77
1315,2024-02-07 05:41:55.463092618,Clothing,2,4849.28,9698.56
1374,2024-02-07 09:12:12.386477295,Home,5,1078.28,5391.4
1160,2024-02-07 12:42:29.309861972,Clothing,5,393.39,1966.95
1096,2024-02-07 16:12:46.233246649,Sports,2,4812.17,9624.34
1472,2024-02-07 19:43:03.156631326,Clothing,2,2789.86,5579.72
1233,2024-02-07 23:13:20.080016003,Sports,2,4003.62,8007.24
1180,2024-02-08 02:43:37.003400680,Sports,2,314.45,628.9
1113,2024-02-08 06:13:53.926785357,Clothing,1,2878.03,2878.03
1318,2024-02-08 09:44:10.850170034,Clothing,5,2051.23,10256.15
1497,2024-02-08 13:14:27.773554711,Sports,1,3882.63,3882.63
1442,2024-02-08 16:44:44.696939388,Home,4,288.29,1153.16
1052,2024-02-08 20:15:01.620324065,Sports,4,2068.28,8273.12
1268,2024-02-08 23:45:18.543708742,Beauty,5,4015.46,20077.3
1295,2024-02-09 03:15:35.467093418,Sports,4,2661.22,10644.88
1386,2024-02-09 06:45:52.390478095,Home,2,2795.19,5590.38
1387,2024-02-09 10:16:09.313862772,Beauty,1,576.11,576.11
1113,2024-02-09 13:46:26.237247449,Electronics,2,748.42,1496.84
1101,2024-02-09 17:16:43.160632126,Electronics,4,3417.3,13669.2
1113,2024-02-09 20:47:00.084016803,Home,1,3407.73,3407.73
1440,2024-02-10 00:17:17.007401480,Sports,2,4897.61,9795.22
1081,2024-02-10 03:47:33.930786157,Clothing,5,3588.57,17942.85
1187,2024-02-10 07:17:50.854170834,Home,2,2516.89,5033.78
1113,2024-02-10 10:48:07.777555511,Beauty,4,4300.91,17203.64
1002,2024-02-10 14:18:24.700940188,Beauty,1,611.92,611.92
1130,2024-02-10 17:48:41.624324865,Electronics,5,2301.55,11507.75
1220,2024-02-10 21:18:58.547709542,Beauty,1,1506.83,1506.83
1054,2024-02-11 00:49:15.471094219,Home,5,612.73,3063.65
1343,2024-02-11 04:19:32.394478896,Beauty,1,3841.16,3841.16
1485,2024-02-11 07:49:49.317863573,Home,4,2602.88,10411.52
1224,2024-02-11 11:20:06.241248249,Clothing,5,2828.17,14140.85
1225,2024-02-11 14:50:23.164632926,Electronics,3,2115.15,6345.45
1385,2024-02-11 18:20:40.088017603,Beauty,1,2355.65,2355.65
1403,2024-02-11 21:50:57.011402280,Home,1,668.49,668.49
1126,2024-02-12 01:21:13.934786957,Sports,2,3397.3,6794.6
1130,2024-02-12 04:51:30.858171634,Electronics,5,2218.99,11094.95
1053,2024-02-12 08:21:47.781556311,Clothing,3,4102.16,12306.48
1172,2024-02-12 11:52:04.704940988,Home,4,1061.81,4247.24
1218,2024-02-12 15:22:21.628325665,Clothing,2,1104.77,2209.54
1160,2024-02-12 18:52:38.551710342,Clothing,3,3264.22,9792.66
1198,2024-02-12 22:22:55.475095019,Beauty,5,4245.42,21227.1
1416,2024-02-13 01:53:12.398479696,Beauty,3,2413.77,7241.31
1247,2024-02-13 05:23:29.321864373,Home,1,3662.07,3662.07
1324,2024-02-13 08:53:46.245249050,Sports,1,4996.72,4996.72
1439,2024-02-13 12:24:03.168633727,Home,2,4952.3,9904.6
1203,2024-02-13 15:54:20.092018403,Sports,5,3747.25,18736.25
1184,2024-02-13 19:24:37.015403080,Clothing,5,3723.97,18619.85
1123,2024-02-13 22:54:53.938787757,Electronics,3,1313.33,3939.99
1401,2024-02-14 02:25:10.862172434,Home,2,4184.34,8368.68
1255,2024-02-14 05:55:27.785557111,Home,5,2085.0,10425.0
1294,2024-02-14 09:25:44.708941788,Sports,1,4813.77,4813.77
1280,2024-02-14 12:56:01.632326465,Clothing,3,499.0,1497.0
1325,2024-02-14 16:26:18.555711142,Clothing,4,2235.62,8942.48
1372,2024-02-14 19:56:35.479095819,Sports,1,2823.62,2823.62
1098,2024-02-14 23:26:52.402480496,Clothing,2,2085.27,4170.54
1198,2024-02-15 02:57:09.325865173,Beauty,5,1131.84,5659.2
1470,2024-02-15 06:27:26.249249850,Electronics,1,3005.64,3005.64
1395,2024-02-15 09:57:43.172634527,Home,4,3804.0,15216.0
1240,2024-02-15 13:28:00.096019204,Electronics,4,3259.71,13038.84
1144,2024-02-15 16:58:17.019403881,Home,2,1248.8,2497.6
1097,2024-02-15 20:28:33.942788558,Beauty,1,3684.88,3684.88
1201,2024-02-15 23:58:50.866173234,Clothing,3,1358.8,4076.4
1124,2024-02-16 03:29:07.789557911,Sports,1,958.49,958.49
1187,2024-02-16 06:59:24.712942588,Beauty,4,3484.27,13937.08
1326,2024-02-16 10:29:41.636327265,Electronics,2,4229.66,8459.32
1464,2024-02-16 13:59:58.559711942,Sports,2,2459.54,4919.08
1349,2024-02-16 17:30:15.483096619,Clothing,3,2703.82,8111.46
1259,2024-02-16 21:00:32.406481296,Beauty,2,1583.46,3166.92
1148,2024-02-17 00:30:49.329865973,Sports,2,2523.63,5047.26
1252,2024-02-17 04:01:06.253250650,Beauty,2,746.72,1493.44
1443,2024-02-17 07:31:23.176635327,Beauty,2,4783.57,9567.14
1420,2024-02-17 11:01:40.100020004,Clothing,2,4021.77,8043.54
1403,2024-02-17 14:31:57.023404681,Home,4,3373.07,13492.28
1346,2024-02-17 18:02:13.946789358,Sports,1,2737.15,2737.15
1451,2024-02-17 21:32:30.870174035,Clothing,5,3981.63,19908.15
1147,2024-02-18 01:02:47.793558712,Beauty,2,2524.31,5048.62
1148,2024-02-18 04:33:04.716943388,Clothing,5,1569.87,7849.35
1352,2024-02-18 08:03:21.640328065,Home,5,885.83,4429.15
1199,2024-02-18 11:33:38.563712742,Sports,4,3273.17,13092.68
1308,2024-02-18 15:03:55.487097419,Home,2,4654.19,9308.38
1489,2024-02-18 18:34:12.410482096,Electronics,5,852.73,4263.65
1417,2024-02-18 22:04:29.333866773,Sports,2,982.09,1964.18
1424,2024-02-19 01:34:46.257251450,Home,3,2224.67,6674.01
1128,2024-02-19 05:05:03.180636127,Beauty,3,4053.81,12161.43
1039,2024-02-19 08:35:20.104020804,Sports,3,1540.22,4620.66
1338,2024-02-19 12:05:37.027405481,Sports,5,1344.17,6720.85
1360,2024-02-19 15:35:53.950790158,Clothing,3,3137.83,9413.49
1129,2024-02-19 19:06:10.874174835,Beauty,4,2724.51,10898.04
1267,2024-02-19 22:36:27.797559512,Electronics,4,395.08,1580.32
1476,2024-02-20 02:06:44.720944189,Home,5,499.3,2496.5
1441,2024-02-20 05:37:01.644328866,Clothing,2,3250.76,6501.52
1473,2024-02-20 09:07:18.567713543,Home,1,2379.11,2379.11
1434,2024-02-20 12:37:35.491098219,Electronics,2,4857.79,9715.58
1151,2024-02-20 16:07:52.414482896,Electronics,2,3424.8,6849.6
1415,2024-02-20 19:38:09.337867573,Sports,2,149.36,298.72
1478,2024-02-20 23:08:26.261252250,Electronics,2,2456.99,4913.98
1298,2024-02-21 02:38:43.184636927,Home,1,2130.79,2130.79
1099,2024-02-21 06:09:00.108021604,Beauty,3,622.9,1868.7
1263,2024-02-21 09:39:17.031406281,Beauty,2,4623.72,9247.44
1252,2024-02-21 13:09:33.954790958,Sports,4,4044.56,16178.24
1144,2024-02-21 16:39:50.878175635,Home,5,1227.42,6137.1
1346,2024-02-21 20:10:07.801560312,Home,5,1354.31,6771.55
1112,2024-02-21 23:40:24.724944989,Electronics,4,256.89,1027.56
1500,2024-02-22 03:10:41.648329666,Home,2,1553.92,3107.84
1060,2024-02-22 06:40:58.571714343,Clothing,1,2964.65,2964.65
1369,2024-02-22 10:11:15.495099020,Electronics,3,2162.13,6486.39
1002,2024-02-22 13:41:32.418483697,Clothing,5,4849.35,24246.75
1385,2024-02-22 17:11:49.341868374,Sports,3,374.79,1124.37
1304,2024-02-22 20:42:06.265253051,Beauty,1,2998.01,2998.01
1254,2024-02-23 00:12:23.188637728,Sports,5,4305.72,21528.6
1140,2024-02-23 03:42:40.112022405,Beauty,3,2455.63,7366.89
1453,2024-02-23 07:12:57.035407081,Sports,1,114.52,114.52
1037,2024-02-23 10:43:13.958791758,Home,3,1289.73,3869.19
1160,2024-02-23 14:13:30.882176435,Clothing,2,1686.47,3372.94
1009,2024-02-23 17:43:47.805561112,Beauty,1,4833.37,4833.37
1233,2024-02-23 21:14:04.728945789,Electronics,3,4567.69,13703.07
1099,2024-02-24 00:44:21.652330466,Clothing,2,4750.94,9501.88
1147,2024-02-24 04:14:38.575715143,Electronics,2,4146.22,8292.44
1304,2024-02-24 07:44:55.499099820,Clothing,1,1823.07,1823.07
1208,2024-02-24 11:15:12.422484497,Clothing,4,4538.79,18155.16
1131,2024-02-24 14:45:29.345869174,Sports,5,4910.25,24551.25
1404,2024-02-24 18:15:46.269253851,Beauty,1,1815.35,1815.35
1152,2024-02-24 21:46:03.192638528,Beauty,2,1376.72,2753.44
1054,2024-02-25 01:16:20.116023205,Clothing,2,2779.89,5559.78
1120,2024-02-25 04:46:37.039407882,Home,1,1017.05,1017.05
1161,2024-02-25 08:16:53.962792559,Home,4,259.86,1039.44
1408,2024-02-25 11:47:10.886177236,Electronics,5,4734.57,23672.85
1116,2024-02-25 15:17:27.809561912,Electronics,3,4636.13,13908.39
1075,2024-02-25 18:47:44.732946589,Sports,1,897.0,897.0
1113,2024-02-25 22:18:01.656331266,Clothing,5,2097.93,10489.65
1456,2024-02-26 01:48:18.579715943,Electronics,5,4172.08,20860.4
1420,2024-02-26 05:18:35.503100620,Electronics,2,3338.9,6677.8
1422,2024-02-26 08:48:52.426485297,Clothing,3,2034.46,6103.38
1104,2024-02-26 12:19:09.349869974,Sports,1,3746.44,3746.44
1340,2024-02-26 15:49:26.273254651,Electronics,2,4495.53,8991.06
1254,2024-02-26 19:19:43.196639328,Sports,2,4638.18,9276.36
1227,2024-02-26 22:50:00.120024005,Beauty,4,1956.36,7825.44
1112,2024-02-27 02:20:17.043408682,Sports,5,950.45,4752.25
1473,2024-02-27 05:50:33.966793359,Home,1,4572.91,4572.91
1099,2024-02-27 09:20:50.890178036,Home,1,553.52,553.52
1153,2024-02-27 12:51:07.813562713,Sports,1,3636.27,3636.27
1349,2024-02-27 16:21:24.736947390,Home,2,788.44,1576.88
1402,2024-02-27 19:51:41.660332066,Beauty,4,2008.0,8032.0
1384,2024-02-27 23:21:58.583716743,Clothing,3,2116.62,6349.86
1366,2024-02-28 02:52:15.507101420,Home,2,877.91,1755.82
1338,2024-02-28 06:22:32.430486097,Home,3,4621.14,13863.42
1194,2024-02-28 09:52:49.353870774,Sports,4,113.07,452.28
1310,2024-02-28 13:23:06.277255451,Beauty,5,4479.66,22398.3
1163,2024-02-28 16:53:23.200640128,Clothing,1,4430.76,4430.76
1208,2024-02-28 20:23:40.124024805,Sports,3,1653.12,4959.36
1445,2024-02-28 23:53:57.047409482,Sports,2,3550.99,7101.98
1169,2024-02-29 03:24:13.970794159,Beauty,3,1338.76,4016.28
1484,2024-02-29 06:54:30.894178836,Clothing,5,3817.99,19089.95
1161,2024-02-29 10:24:47.817563513,Beauty,1,2849.49,2849.49
1068,2024-02-29 13:55:04.740948190,Clothing,3,1571.1,4713.3
1289,2024-02-29 17:25:21.664332867,Beauty,5,2061.15,10305.75
1398,2024-02-29 20:55:38.587717544,Sports,2,3480.45,6960.9
1277,2024-03-01 00:25:55.511102221,Sports,4,4539.88,18159.52
1304,2024-03-01 03:56:12.434486897,Electronics,2,740.56,1481.12
1404,2024-03-01 07:26:29.357871574,Home,1,2899.68,2899.68
1384,2024-03-01 10:56:46.281256251,Beauty,2,1343.27,2686.54
1392,2024-03-01 14:27:03.204640928,Electronics,2,4026.72,8053.44
1135,2024-03-01 17:57:20.128025605,Home,2,444.16,888.32
1195,2024-03-01 21:27:37.051410282,Beauty,2,3475.88,6951.76
1401,2024-03-02 00:57:53.974794959,Clothing,1,957.24,957.24
1128,2024-03-02 04:28:10.898179636,Home,5,3022.29,15111.45
1033,2024-03-02 07:58:27.821564313,Sports,3,4194.89,12584.67
1176,2024-03-02 11:28:44.744948990,Electronics,4,3799.9,15199.6
1460,2024-03-02 14:59:01.668333667,Home,3,3789.42,11368.26
1443,2024-03-02 18:29:18.591718344,Home,3,2637.44,7912.32
1371,2024-03-02 21:59:35.515103021,Sports,4,4464.65,17858.6
1470,2024-03-03 01:29:52.438487698,Beauty,1,2981.72,2981.72
1375,2024-03-03 05:00:09.361872375,Clothing,4,4595.84,18383.36
1022,2024-03-03 08:30:26.285257051,Sports,1,2777.96,2777.96
1238,2024-03-03 12:00:43.208641728,Clothing,3,2579.23,7737.69
1158,2024-03-03 15:31:00.132026405,Beauty,1,1189.53,1189.53
1038,2024-03-03 19:01:17.055411082,Home,5,2769.45,13847.25
1230,2024-03-03 22:31:33.978795759,Clothing,4,788.87,3155.48
1365,2024-03-04 02:01:50.902180436,Electronics,5,4361.48,21807.4
1051,2024-03-04 05:32:07.825565113,Electronics,3,3411.87,10235.61
1438,2024-03-04 09:02:24.748949790,Sports,4,4968.81,19875.24
1264,2024-03-04 12:32:41.672334467,Beauty,3,551.28,1653.84
1283,2024-03-04 16:02:58.595719144,Sports,5,1279.3,6396.5
1027,2024-03-04 19:33:15.519103821,Sports,3,4398.08,13194.24
1226,2024-03-04 23:03:32.442488498,Sports,4,2036.75,8147.0
1277,2024-03-05 02:33:49.365873175,Electronics,4,2384.88,9539.52
1286,2024-03-05 06:04:06.289257852,Electronics,3,4317.19,12951.57
1097,2024-03-05 09:34:23.212642529,Sports,4,2656.93,10627.72
1284,2024-03-05 13:04:40.136027206,Electronics,4,1048.03,4192.12
1367,2024-03-05 16:34:57.059411882,Beauty,3,4470.95,13412.85
1448,2024-03-05 20:05:13.982796559,Sports,5,252.2,1261.0
1481,2024-03-05 23:35:30.906181236,Electronics,4,4487.44,17949.76
1453,2024-03-06 03:05:47.829565913,Clothing,4,347.55,1390.2
1317,2024-03-06 06:36:04.752950590,Sports,4,3362.66,13450.64
1304,2024-03-06 10:06:21.676335267,Sports,4,451.23,1804.92
1147,2024-03-06 13:36:38.599719944,Beauty,3,3560.44,10681.32
1004,2024-03-06 17:06:55.523104621,Home,5,266.46,1332.3
1035,2024-03-06 20:37:12.446489298,Home,5,4228.04,21140.2
1192,2024-03-07 00:07:29.369873975,Beauty,1,2383.13,2383.13
1049,2024-03-07 03:37:46.293258652,Beauty,4,557.92,2231.68
1017,2024-03-07 07:08:03.216643329,Beauty,4,3563.42,14253.68
1172,2024-03-07 10:38:20.140028006,Home,1,2497.52,2497.52
1220,2024-03-07 14:08:37.063412683,Beauty,5,1035.65,5178.25
1158,2024-03-07 17:38:53.986797360,Electronics,2,176.79,353.58
1477,2024-03-07 21:09:10.910182036,Sports,2,2148.19,4296.38
1046,2024-03-08 00:39:27.833566713,Sports,5,519.58,2597.9
1373,2024-03-08 04:09:44.756951390,Clothing,4,561.43,2245.72
1006,2024-03-08 07:40:01.680336067,Clothing,2,1409.91,2819.82
1099,2024-03-08 11:10:18.603720744,Sports,3,3189.25,9567.75
1380,2024-03-08 14:40:35.527105421,Electronics,3,2696.56,8089.68
1233,2024-03-08 18:10:52.450490098,Home,1,438.04,438.04
1037,2024-03-08 21:41:09.373874775,Home,5,4845.31,24226.55
1280,2024-03-09 01:11:26.297259452,Electronics,5,4447.13,22235.65
1349,2024-03-09 04:41:43.220644129,Home,2,1370.2,2740.4
1497,2024-03-09 08:12:00.144028806,Beauty,4,699.46,2797.84
1302,2024-03-09 11:42:17.067413483,Sports,5,4717.77,23588.85
1181,2024-03-09 15:12:33.990798160,Sports,2,2359.59,4719.18
1095,2024-03-09 18:42:50.914182837,Electronics,2,1624.72,3249.44
1099,2024-03-09 22:13:07.837567514,Home,5,2502.75,12513.75
1188,2024-03-10 01:43:24.760952191,Clothing,2,3886.45,7772.9
1481,2024-03-10 05:13:41.684336867,Clothing,1,925.09,925.09
1116,2024-03-10 08:43:58.607721544,Home,1,3860.73,3860.73
1191,2024-03-10 12:14:15.531106221,Clothing,5,3772.29,18861.45
1253,2024-03-10 15:44:32.454490898,Electronics,4,2742.81,10971.24
1469,2024-03-10 19:14:49.377875575,Electronics,1,4342.63,4342.63
1416,2024-03-10 22:45:06.301260252,Home,1,747.5,747.5
1471,2024-03-11 02:15:23.224644929,Clothing,5,3017.85,15089.25
1161,2024-03-11 05:45:40.148029606,Electronics,3,2301.78,6905.34
1256,2024-03-11 09:15:57.071414283,Electronics,2,2169.23,4338.46
1323,2024-03-11 12:46:13.994798960,Beauty,1,1337.55,1337.55
1128,2024-03-11 16:16:30.918183637,Beauty,3,1924.17,5772.51
1018,2024-03-11 19:46:47.841568314,Electronics,4,629.94,2519.76
1281,2024-03-11 23:17:04.764952991,Home,3,1332.83,3998.49
1490,2024-03-12 02:47:21.688337668,Sports,5,1432.63,7163.15
1223,2024-03-12 06:17:38.611722345,Sports,4,3631.27,14525.08
1054,2024-03-12 09:47:55.535107021,Electronics,4,337.9,1351.6
1058,2024-03-12 13:18:12.458491698,Electronics,3,3290.84,9872.52
1323,2024-03-12 16:48:29.381876375,Electronics,5,1184.91,5924.55
1360,2024-03-12 20:18:46.305261052,Home,1,501.12,501.12
1174,2024-03-12 23:49:03.228645729,Beauty,3,1573.95,4721.85
1280,2024-03-13 03:19:20.152030406,Electronics,1,1199.92,1199.92
1114,2024-03-13 06:49:37.075415083,Electronics,3,2804.96,8414.88
1288,2024-03-13 10:19:53.998799760,Clothing,1,1851.14,1851.14
1431,2024-03-13 13:50:10.922184437,Home,3,4833.37,14500.11
1342,2024-03-13 17:20:27.845569114,Electronics,4,4821.39,19285.56
1151,2024-03-13 20:50:44.768953791,Clothing,2,2274.2,4548.4
1450,2024-03-14 00:21:01.692338468,Sports,4,3995.93,15983.72
1127,2024-03-14 03:51:18.615723145,Electronics,1,165.02,165.02
1155,2024-03-14 07:21:35.539107822,Electronics,5,2784.28,13921.4
1490,2024-03-14 10:51:52.462492499,Clothing,4,3742.17,14968.68
1386,2024-03-14 14:22:09.385877176,Home,2,1163.02,2326.04
1474,2024-03-14 17:52:26.309261852,Electronics,1,399.74,399.74
1273,2024-03-14 21:22:43.232646529,Sports,4,864.0,3456.0
1104,2024-03-15 00:53:00.156031206,Electronics,3,2265.06,6795.18
1417,2024-03-15 04:23:17.079415883,Sports,5,2581.22,12906.1
1393,2024-03-15 07:53:34.002800560,Beauty,1,1966.34,1966.34
1299,2024-03-15 11:23:50.926185237,Beauty,4,2255.87,9023.48
1246,2024-03-15 14:54:07.849569914,Sports,1,2404.15,2404.15
1176,2024-03-15 18:24:24.772954591,Home,3,3870.24,11610.72
1039,2024-03-15 21:54:41.696339268,Electronics,2,615.69,1231.38
1477,2024-03-16 01:24:58.619723945,Electronics,4,3867.86,15471.44
1170,2024-03-16 04:55:15.543108622,Beauty,1,3474.27,3474.27
1247,2024-03-16 08:25:32.466493299,Sports,1,3734.14,3734.14
1026,2024-03-16 11:55:49.389877976,Electronics,1,3698.9,3698.9
1355,2024-03-16 15:26:06.313262653,Electronics,2,2405.9,4811.8
1306,2024-03-16 18:56:23.236647330,Home,1,1135.86,1135.86
1409,2024-03-16 22:26:40.160032006,Clothing,5,2729.48,13647.4
1408,2024-03-17 01:56:57.083416683,Beauty,5,4794.11,23970.55
1013,2024-03-17 05:27:14.006801360,Beauty,1,2983.78,2983.78
1316,2024-03-17 08:57:30.930186037,Clothing,5,154.13,770.65
1391,2024-03-17 12:27:47.853570714,Electronics,4,392.58,1570.32
1313,2024-03-17 15:58:04.776955391,Home,5,4965.03,24825.15
1036,2024-03-17 19:28:21.700340068,Home,1,452.54,452.54
1173,2024-03-17 22:58:38.623724745,Beauty,3,325.62,976.86
1020,2024-03-18 02:28:55.547109422,Home,4,1829.82,7319.28
1321,2024-03-18 05:59:12.470494099,Clothing,2,4849.65,9699.3
1264,2024-03-18 09:29:29.393878776,Electronics,1,1661.51,1661.51
1494,2024-03-18 12:59:46.317263453,Clothing,2,2108.43,4216.86
1400,2024-03-18 16:30:03.240648130,Sports,3,3206.98,9620.94
1142,2024-03-18 20:00:20.164032807,Beauty,2,218.15,436.3
1460,2024-03-18 23:30:37.087417484,Home,1,4499.04,4499.04
1371,2024-03-19 03:00:54.010802161,Sports,1,2645.27,2645.27
1471,2024-03-19 06:31:10.934186837,Home,3,2387.37,7162.11
1143,2024-03-19 10:01:27.857571514,Electronics,1,4317.56,4317.56
1092,2024-03-19 13:31:44.780956191,Electronics,3,4770.08,14310.24
1354,2024-03-19 17:02:01.704340868,Electronics,3,2174.78,6524.34
1322,2024-03-19 20:32:18.627725545,Home,1,944.96,944.96
1288,2024-03-20 00:02:35.551110222,Sports,5,4096.98,20484.9
1215,2024-03-20 03:32:52.474494899,Electronics,3,2075.98,6227.94
1447,2024-03-20 07:03:09.397879576,Sports,1,4684.17,4684.17
1342,2024-03-20 10:33:26.321264253,Home,5,4754.51,23772.55
1051,2024-03-20 14:03:43.244648930,Sports,3,662.66,1987.98
1153,2024-03-20 17:34:00.168033607,Home,5,4787.11,23935.55
1186,2024-03-20 21:04:17.091418284,Home,4,1904.52,7618.08
1063,2024-03-21 00:34:34.014802961,Beauty,4,3266.64,13066.56
1190,2024-03-21 04:04:50.938187638,Home,5,270.28,1351.4
1125,2024-03-21 07:35:07.861572315,Home,3,4455.53,13366.59
1150,2024-03-21 11:05:24.784956991,Clothing,1,3243.83,3243.83
1314,2024-03-21 14:35:41.708341668,Electronics,2,3253.42,6506.84
1058,2024-03-21 18:05:58.631726345,Beauty,1,4520.66,4520.66
1342,2024-03-21 21:36:15.555111022,Beauty,2,2590.9,5181.8
1305,2024-03-22 01:06:32.478495699,Beauty,2,2111.53,4223.06
1180,2024-03-22 04:36:49.401880376,Clothing,3,4344.03,13032.09
1170,2024-03-22 08:07:06.325265053,Home,5,3737.86,18689.3
1326,2024-03-22 11:37:23.248649730,Electronics,1,4749.98,4749.98
1271,2024-03-22 15:07:40.172034407,Sports,5,4706.6,23533.0
1054,2024-03-22 18:37:57.095419084,Home,4,1973.4,7893.6
1491,2024-03-22 22:08:14.018803761,Clothing,3,2290.23,6870.69
1444,2024-03-23 01:38:30.942188438,Home,3,1354.33,4062.99
1101,2024-03-23 05:08:47.865573115,Home,4,3337.17,13348.68
1481,2024-03-23 08:39:04.788957792,Clothing,1,1886.26,1886.26
1264,2024-03-23 12:09:21.712342469,Beauty,4,3951.89,15807.56
1053,2024-03-23 15:39:38.635727146,Beauty,1,695.6,695.6
1060,2024-03-23 19:09:55.559111822,Electronics,2,670.37,1340.74
1492,2024-03-23 22:40:12.482496499,Electronics,3,1101.83,3305.49
1108,2024-03-24 02:10:29.405881176,Beauty,1,513.03,513.03
1005,2024-03-24 05:40:46.329265853,Sports,5,3138.15,15690.75
1103,2024-03-24 09:11:03.252650530,Home,5,822.03,4110.15
1196,2024-03-24 12:41:20.176035207,Sports,3,883.82,2651.46
1262,2024-03-24 16:11:37.099419884,Home,4,169.72,678.88
1365,2024-03-24 19:41:54.022804561,Beauty,4,3932.24,15728.96
1480,2024-03-24 23:12:10.946189238,Electronics,1,4080.25,4080.25
1372,2024-03-25 02:42:27.869573915,Electronics,4,893.91,3575.64
1350,2024-03-25 06:12:44.792958592,Sports,3,3723.67,11171.01
1047,2024-03-25 09:43:01.716343269,Electronics,1,2224.37,2224.37
1355,2024-03-25 13:13:18.639727946,Beauty,2,1274.01,2548.02
1311,2024-03-25 16:43:35.563112623,Sports,4,3144.78,12579.12
1424,2024-03-25 20:13:52.486497300,Home,4,974.57,3898.28
1308,2024-03-25 23:44:09.409881976,Electronics,1,3808.73,3808.73
1144,2024-03-26 03:14:26.333266653,Clothing,5,333.31,1666.55
1269,2024-03-26 06:44:43.256651330,Electronics,4,4799.74,19198.96
1370,2024-03-26 10:15:00.180036007,Home,3,452.19,1356.57
1124,2024-03-26 13:45:17.103420684,Sports,4,2939.3,11757.2
1106,2024-03-26 17:15:34.026805361,Home,2,4520.75,9041.5
1158,2024-03-26 20:45:50.950190038,Clothing,4,158.33,633.32
1147,2024-03-27 00:16:07.873574715,Beauty,5,2542.72,12713.6
1145,2024-03-27 03:46:24.796959392,Electronics,4,1815.03,7260.12
1120,2024-03-27 07:16:41.720344069,Sports,1,2943.63,2943.63
1319,2024-03-27 10:46:58.643728746,Beauty,4,1204.74,4818.96
1275,2024-03-27 14:17:15.567113423,Home,5,418.01,2090.05
1092,2024-03-27 17:47:32.490498100,Sports,1,3167.07,3167.07
1058,2024-03-27 21:17:49.413882777,Beauty,3,2142.56,6427.68
1439,2024-03-28 00:48:06.337267454,Sports,1,3150.18,3150.18
1346,2024-03-28 04:18:23.260652131,Clothing,2,1131.64,2263.28
1229,2024-03-28 07:48:40.184036807,Clothing,1,1759.83,1759.83
1474,2024-03-28 11:18:57.107421484,Electronics,3,2852.24,8556.72
1117,2024-03-28 14:49:14.030806161,Electronics,4,3006.25,12025.0
1318,2024-03-28 18:19:30.954190838,Clothing,1,1924.34,1924.34
1279,2024-03-28 21:49:47.877575515,Sports,1,1472.26,1472.26
1127,2024-03-29 01:20:04.800960192,Clothing,1,1441.13,1441.13
1393,2024-03-29 04:50:21.724344869,Electronics,1,956.03,956.03
1396,2024-03-29 08:20:38.647729546,Clothing,3,1694.48,5083.44
1129,2024-03-29 11:50:55.571114223,Clothing,5,1077.26,5386.3
1058,2024-03-29 15:21:12.494498900,Sports,5,3205.7,16028.5
1122,2024-03-29 18:51:29.417883577,Beauty,1,2888.43,2888.43
1001,2024-03-29 22:21:46.341268254,Electronics,3,1974.69,5924.07
1239,2024-03-30 01:52:03.264652931,Sports,3,1696.57,5089.71
1290,2024-03-30 05:22:20.188037608,Clothing,1,1264.31,1264.31
1096,2024-03-30 08:52:37.111422285,Clothing,2,2723.75,5447.5
1126,2024-03-30 12:22:54.034806961,Beauty,1,4602.62,4602.62
1118,2024-03-30 15:53:10.958191638,Electronics,2,3459.94,6919.88
1048,2024-03-30 19:23:27.881576315,Electronics,1,3747.63,3747.63
1089,2024-03-30 22:53:44.804960992,Home,2,4188.45,8376.9
1488,2024-03-31 02:24:01.728345669,Electronics,2,1823.01,3646.02
1237,2024-03-31 05:54:18.651730346,Beauty,1,408.09,408.09
1373,2024-03-31 09:24:35.575115023,Home,2,3150.54,6301.08
1385,2024-03-31 12:54:52.498499700,Home,4,1024.49,4097.96
1272,2024-03-31 16:25:09.421884377,Clothing,5,2888.31,14441.55
1189,2024-03-31 19:55:26.345269054,Clothing,3,3723.6,11170.8
1487,2024-03-31 23:25:43.268653731,Electronics,2,3939.83,7879.66
1192,2024-04-01 02:56:00.192038408,Home,2,1579.01,3158.02
1447,2024-04-01 06:26:17.115423085,Clothing,3,2610.92,7832.76
1069,2024-04-01 09:56:34.038807762,Beauty,2,3142.73,6285.46
1278,2024-04-01 13:26:50.962192439,Clothing,3,4115.46,12346.38
1349,2024-04-01 16:57:07.885577116,Clothing,1,3830.8,3830.8
1247,2024-04-01 20:27:24.808961792,Home,4,4941.08,19764.32
1451,2024-04-01 23:57:41.732346469,Home,4,139.61,558.44
1076,2024-04-02 03:27:58.655731146,Sports,5,2243.7,11218.5
1154,2024-04-02 06:58:15.579115823,Beauty,2,1354.62,2709.24
1144,2024-04-02 10:28:32.502500500,Home,5,687.48,3437.4
1435,2024-04-02 13:58:49.425885177,Electronics,1,4566.43,4566.43
1485,2024-04-02 17:29:06.349269854,Beauty,4,4990.01,19960.04
1086,2024-04-02 20:59:23.272654531,Beauty,1,984.92,984.92
1185,2024-04-03 00:29:40.196039208,Home,1,288.32,288.32
1285,2024-04-03 03:59:57.119423885,Beauty,2,1447.77,2895.54
1462,2024-04-03 07:30:14.042808562,Home,1,4190.82,4190.82
1220,2024-04-03 11:00:30.966193239,Clothing,4,1540.06,6160.24
1069,2024-04-03 14:30:47.889577916,Sports,5,378.82,1894.1
1047,2024-04-03 18:01:04.812962593,Clothing,4,357.21,1428.84
1497,2024-04-03 21:31:21.736347270,Home,2,2194.37,4388.74
1094,2024-04-04 01:01:38.659731946,Home,4,4665.95,18663.8
1238,2024-04-04 04:31:55.583116623,Clothing,3,1501.01,4503.03
1446,2024-04-04 08:02:12.506501300,Electronics,5,2193.07,10965.35
1500,2024-04-04 11:32:29.429885977,Electronics,3,599.48,1798.44
1453,2024-04-04 15:02:46.353270654,Electronics,3,2518.51,7555.53
1204,2024-04-04 18:33:03.276655331,Home,2,3513.08,7026.16
1400,2024-04-04 22:03:20.200040008,Beauty,1,1428.64,1428.64
1218,2024-04-05 01:33:37.123424685,Home,3,1553.89,4661.67
1474,2024-04-05 05:03:54.046809362,Beauty,4,4225.68,16902.72
1432,2024-04-05 08:34:10.970194039,Clothing,1,150.78,150.78
1341,2024-04-05 12:04:27.893578716,Sports,4,3218.71,12874.84
1039,2024-04-05 15:34:44.816963393,Beauty,4,2030.03,8120.12
1100,2024-04-05 19:05:01.740348070,Electronics,1,1562.06,1562.06
1289,2024-04-05 22:35:18.663732747,Home,1,3322.21,3322.21
1254,2024-04-06 02:05:35.587117424,Clothing,4,4189.88,16759.52
1222,2024-04-06 05:35:52.510502101,Electronics,2,2836.12,5672.24
1357,2024-04-06 09:06:09.433886777,Clothing,5,252.36,1261.8
1023,2024-04-06 12:36:26.357271454,Sports,5,2360.87,11804.35
1250,2024-04-06 16:06:43.280656131,Home,2,2367.52,4735.04
1010,2024-04-06 19:37:00.204040808,Home,1,2764.61,2764.61
1246,2024-04-06 23:07:17.127425485,Sports,4,3387.7,13550.8
1325,2024-04-07 02:37:34.050810162,Home,5,194.66,973.3
1100,2024-04-07 06:07:50.974194839,Beauty,4,2559.86,10239.44
1290,2024-04-07 09:38:07.897579516,Clothing,2,2982.71,5965.42
1180,2024-04-07 13:08:24.820964193,Electronics,4,1782.43,7129.72
1223,2024-04-07 16:38:41.744348870,Sports,2,3374.99,6749.98
1394,2024-04-07 20:08:58.667733547,Beauty,1,1218.07,1218.07
1250,2024-04-07 23:39:15.591118224,Electronics,2,1655.12,3310.24
1147,2024-04-08 03:09:32.514502901,Electronics,2,4817.5,9635.0
1442,2024-04-08 06:39:49.437887578,Sports,5,1805.54,9027.7
1096,2024-04-08 10:10:06.361272255,Beauty,4,1797.85,7191.4
1257,2024-04-08 13:40:23.284656931,Electronics,5,3018.84,15094.2
1325,2024-04-08 17:10:40.208041608,Electronics,3,4857.78,14573.34
1493,2024-04-08 20:40:57.131426285,Beauty,2,4917.09,9834.18
1004,2024-04-09 00:11:14.054810962,Home,3,2940.32,8820.96
1016,2024-04-09 03:41:30.978195639,Electronics,5,105.33,526.65
1280,2024-04-09 07:11:47.901580316,Clothing,4,4513.22,18052.88
1336,2024-04-09 10:42:04.824964993,Beauty,5,2894.17,14470.85
1247,2024-04-09 14:12:21.748349670,Electronics,4,1893.38,7573.52
1258,2024-04-09 17:42:38.671734347,Sports,4,4163.06,16652.24
1497,2024-04-09 21:12:55.595119024,Clothing,1,2059.18,2059.18
1476,2024-04-10 00:43:12.518503701,Electronics,2,266.82,533.64
1384,2024-04-10 04:13:29.441888378,Clothing,5,4123.25,20616.25
1160,2024-04-10 07:43:46.365273055,Clothing,4,2774.71,11098.84
1475,2024-04-10 11:14:03.288657732,Home,5,1756.9,8784.5
1340,2024-04-10 14:44:20.212042409,Clothing,5,1329.37,6646.85
1152,2024-04-10 18:14:37.135427086,Home,4,3009.61,12038.44
1396,2024-04-10 21:44:54.058811762,Beauty,3,1119.44,3358.32
1178,2024-04-11 01:15:10.982196439,Home,2,1686.87,3373.74
1163,2024-04-11 04:45:27.905581116,Sports,2,3219.0,6438.0
1380,2024-04-11 08:15:44.828965793,Electronics,1,4419.57,4419.57
1033,2024-04-11 11:46:01.752350470,Beauty,1,2711.16,2711.16
1417,2024-04-11 15:16:18.675735147,Beauty,1,3819.62,3819.62
1445,2024-04-11 18:46:35.599119824,Sports,2,3839.0,7678.0
1179,2024-04-11 22:16:52.522504501,Home,3,3355.33,10065.99
1427,2024-04-12 01:47:09.445889178,Electronics,2,1304.61,2609.22
1101,2024-04-12 05:17:26.369273855,Home,2,4347.26,8694.52
1268,2024-04-12 08:47:43.292658532,Clothing,2,2237.75,4475.5
1323,2024-04-12 12:18:00.216043209,Home,2,316.63,633.26
1065,2024-04-12 15:48:17.139427886,Beauty,3,1298.6,3895.8
1417,2024-04-12 19:18:34.062812563,Electronics,1,3851.19,3851.19
1168,2024-04-12 22:48:50.986197240,Home,5,438.75,2193.75
1330,2024-04-13 02:19:07.909581916,Electronics,1,822.09,822.09
1043,2024-04-13 05:49:24.832966593,Electronics,1,3501.71,3501.71
1044,2024-04-13 09:19:41.756351270,Clothing,5,4473.74,22368.7
1285,2024-04-13 12:49:58.679735947,Clothing,2,3205.29,6410.58
1397,2024-04-13 16:20:15.603120624,Beauty,3,1189.23,3567.69
1012,2024-04-13 19:50:32.526505301,Sports,3,361.73,1085.19
1095,2024-04-13 23:20:49.449889978,Electronics,1,3114.12,3114.12
1302,2024-04-14 02:51:06.373274655,Sports,5,332.25,1661.25
1386,2024-04-14 06:21:23.296659332,Beauty,4,3102.34,12409.36
1253,2024-04-14 09:51:40.220044008,Electronics,2,1205.34,2410.68
1499,2024-04-14 13:21:57.143428686,Electronics,1,4532.81,4532.81
1242,2024-04-14 16:52:14.066813362,Sports,3,2427.95,7283.85
1035,2024-04-14 20:22:30.990198040,Home,5,1197.3,5986.5
1215,2024-04-14 23:52:47.913582716,Clothing,5,4280.41,21402.05
1337,2024-04-15 03:23:04.836967394,Home,1,1344.77,1344.77
1090,2024-04-15 06:53:21.760352070,Sports,4,1602.34,6409.36
1264,2024-04-15 10:23:38.683736748,Clothing,3,4187.96,12563.88
1093,2024-04-15 13:53:55.607121424,Home,1,1613.08,1613.08
1410,2024-04-15 17:24:12.530506102,Clothing,4,2109.8,8439.2
1458,2024-04-15 20:54:29.453890778,Electronics,5,1803.56,9017.8
1090,2024-04-16 00:24:46.377275456,Home,2,670.36,1340.72
1418,2024-04-16 03:55:03.300660132,Clothing,3,290.59,871.77
1115,2024-04-16 07:25:20.224044810,Clothing,3,3650.25,10950.75
1105,2024-04-16 10:55:37.147429486,Clothing,4,3261.17,13044.68
1391,2024-04-16 14:25:54.070814162,Home,1,1483.59,1483.59
1196,2024-04-16 17:56:10.994198840,Beauty,5,1548.44,7742.2
1314,2024-04-16 21:26:27.917583516,Home,4,4730.53,18922.12
1114,2024-04-17 00:56:44.840968194,Sports,2,4939.59,9879.18
1493,2024-04-17 04:27:01.764352870,Home,2,2419.83,4839.66
1075,2024-04-17 07:57:18.687737548,Clothing,2,4032.01,8064.02
1413,2024-04-17 11:27:35.611122224,Electronics,4,3709.76,14839.04
1376,2024-04-17 14:57:52.534506902,Home,5,1556.86,7784.3
1420,2024-04-17 18:28:09.457891578,Home,3,386.96,1160.88
1217,2024-04-17 21:58:26.381276256,Clothing,1,798.53,798.53
1277,2024-04-18 01:28:43.304660932,Electronics,3,4207.64,12622.92
1249,2024-04-18 04:59:00.228045610,Electronics,5,3682.95,18414.75
1164,2024-04-18 08:29:17.151430286,Sports,3,3355.24,10065.72
1394,2024-04-18 11:59:34.074814964,Home,4,740.18,2960.72
1357,2024-04-18 15:29:50.998199640,Electronics,2,3235.66,6471.32
1457,2024-04-18 19:00:07.921584316,Electronics,5,3883.55,19417.75
1408,2024-04-18 22:30:24.844968994,Beauty,5,4316.95,21584.75
1192,2024-04-19 02:00:41.768353670,Beauty,3,164.83,494.49
1227,2024-04-19 05:30:58.691738348,Electronics,4,3453.93,13815.72
1177,2024-04-19 09:01:15.615123024,Sports,3,193.58,580.74
1099,2024-04-19 12:31:32.538507702,Electronics,3,3563.68,10691.04
1496,2024-04-19 16:01:49.461892378,Clothing,5,3214.54,16072.7
1036,2024-04-19 19:32:06.385277056,Home,3,826.9,2480.7
1466,2024-04-19 23:02:23.308661732,Sports,2,3854.0,7708.0
1497,2024-04-20 02:32:40.232046410,Clothing,3,434.9,1304.7
1487,2024-04-20 06:02:57.155431086,Sports,2,4149.35,8298.7
1096,2024-04-20 09:33:14.078815764,Clothing,5,1383.45,6917.25
1152,2024-04-20 13:03:31.002200440,Home,4,3475.37,13901.48
1151,2024-04-20 16:33:47.925585118,Home,2,4626.08,9252.16
1190,2024-04-20 20:04:04.848969794,Beauty,4,1765.15,7060.6
1224,2024-04-20 23:34:21.772354472,Clothing,4,2564.18,10256.72
1037,2024-04-21 03:04:38.695739148,Beauty,2,2369.28,4738.56
1268,2024-04-21 06:34:55.619123824,Clothing,5,872.3,4361.5
1369,2024-04-21 10:05:12.542508502,Beauty,1,2992.53,2992.53
1183,2024-04-21 13:35:29.465893178,Home,4,3740.71,14962.84
1013,2024-04-21 17:05:46.389277856,Sports,4,4592.69,18370.76
1279,2024-04-21 20:36:03.312662532,Beauty,5,4268.93,21344.65
1217,2024-04-22 00:06:20.236047210,Clothing,5,2599.09,12995.45
1355,2024-04-22 03:36:37.159431886,Clothing,3,3623.18,10869.54
1361,2024-04-22 07:06:54.082816564,Home,5,4023.84,20119.2
1286,2024-04-22 10:37:11.006201240,Clothing,4,2518.09,10072.36
1273,2024-04-22 14:07:27.929585918,Electronics,2,665.6,1331.2
1369,2024-04-22 17:37:44.852970594,Sports,1,2245.86,2245.86
1062,2024-04-22 21:08:01.776355272,Beauty,3,4228.14,12684.42
1084,2024-04-23 00:38:18.699739948,Sports,2,3023.54,6047.08
1368,2024-04-23 04:08:35.623124626,Home,1,3649.85,3649.85
1217,2024-04-23 07:38:52.546509302,Beauty,1,1007.81,1007.81
1342,2024-04-23 11:09:09.469893978,Beauty,1,4825.26,4825.26
1397,2024-04-23 14:39:26.393278656,Electronics,2,2079.99,4159.98
1187,2024-04-23 18:09:43.316663332,Home,3,3302.81,9908.43
1019,2024-04-23 21:40:00.240048010,Clothing,3,192.47,577.41
1177,2024-04-24 01:10:17.163432686,Electronics,1,723.86,723.86
1100,2024-04-24 04:40:34.086817364,Electronics,2,3931.97,7863.94
1396,2024-04-24 08:10:51.010202040,Sports,1,4843.05,4843.05
1445,2024-04-24 11:41:07.933586718,Sports,5,1668.27,8341.35
1233,2024-04-24 15:11:24.856971394,Sports,3,282.19,846.57
1403,2024-04-24 18:41:41.780356072,Electronics,4,1868.25,7473.0
1076,2024-04-24 22:11:58.703740748,Clothing,1,185.59,185.59
1265,2024-04-25 01:42:15.627125426,Beauty,5,1042.63,5213.15
1455,2024-04-25 05:12:32.550510102,Sports,3,3787.11,11361.33
1284,2024-04-25 08:42:49.473894780,Clothing,2,4691.73,9383.46
1206,2024-04-25 12:13:06.397279456,Home,3,528.5,1585.5
1223,2024-04-25 15:43:23.320664132,Sports,2,2833.71,5667.42
1384,2024-04-25 19:13:40.244048810,Beauty,2,1344.02,2688.04
1052,2024-04-25 22:43:57.167433486,Home,1,781.39,781.39
1339,2024-04-26 02:14:14.090818164,Home,1,1173.0,1173.0
1367,2024-04-26 05:44:31.014202840,Beauty,3,2931.04,8793.12
1144,2024-04-26 09:14:47.937587518,Sports,5,419.16,2095.8
1373,2024-04-26 12:45:04.860972194,Electronics,3,2227.67,6683.01
1069,2024-04-26 16:15:21.784356872,Beauty,4,762.62,3050.48
1099,2024-04-26 19:45:38.707741548,Beauty,2,1436.12,2872.24
1396,2024-04-26 23:15:55.631126226,Beauty,2,1034.7,2069.4
1025,2024-04-27 02:46:12.554510902,Home,1,4426.58,4426.58
1436,2024-04-27 06:16:29.477895580,Clothing,5,3569.26,17846.3
1379,2024-04-27 09:46:46.401280256,Electronics,1,4355.47,4355.47
1469,2024-04-27 13:17:03.324664934,Sports,4,1978.97,7915.88
1484,2024-04-27 16:47:20.248049610,Sports,3,1635.73,4907.19
1053,2024-04-27 20:17:37.171434286,Clothing,3,1964.88,5894.64
1151,2024-04-27 23:47:54.094818964,Beauty,5,190.89,954.45
1144,2024-04-28 03:18:11.018203640,Electronics,1,3651.05,3651.05
1057,2024-04-28 06:48:27.941588318,Sports,1,1813.89,1813.89
1039,2024-04-28 10:18:44.864972994,Sports,4,1635.29,6541.16
1109,2024-04-28 13:49:01.788357672,Beauty,3,3030.89,9092.67
1181,2024-04-28 17:19:18.711742348,Clothing,1,2237.62,2237.62
1042,2024-04-28 20:49:35.635127026,Electronics,5,4906.13,24530.65
1186,2024-04-29 00:19:52.558511702,Clothing,3,1845.64,5536.92
1423,2024-04-29 03:50:09.481896380,Clothing,4,3108.09,12432.36
1398,2024-04-29 07:20:26.405281056,Electronics,5,1627.09,8135.45
1223,2024-04-29 10:50:43.328665734,Electronics,2,4953.92,9907.84
1122,2024-04-29 14:21:00.252050410,Sports,4,2281.04,9124.16
1133,2024-04-29 17:51:17.175435088,Sports,5,3207.23,16036.15
1163,2024-04-29 21:21:34.098819764,Electronics,1,720.94,720.94
1215,2024-04-30 00:51:51.022204442,Home,2,3691.82,7383.64
1221,2024-04-30 04:22:07.945589118,Sports,4,1419.13,5676.52
1235,2024-04-30 07:52:24.868973794,Home,1,2298.2,2298.2
1331,2024-04-30 11:22:41.792358472,Electronics,2,4427.35,8854.7
1146,2024-04-30 14:52:58.715743148,Sports,3,4855.71,14567.13
1239,2024-04-30 18:23:15.639127826,Clothing,1,2180.4,2180.4
1076,2024-04-30 21:53:32.562512502,Electronics,5,4190.53,20952.65
1009,2024-05-01 01:23:49.485897180,Beauty,4,361.41,1445.64
1074,2024-05-01 04:54:06.409281856,Home,2,4253.11,8506.22
1442,2024-05-01 08:24:23.332666534,Electronics,1,3184.6,3184.6
1492,2024-05-01 11:54:40.256051210,Electronics,3,2494.66,7483.98
1401,2024-05-01 15:24:57.179435888,Sports,4,4460.82,17843.28
1253,2024-05-01 18:55:14.102820564,Sports,4,4242.15,16968.6
1230,2024-05-01 22:25:31.026205242,Sports,1,1555.03,1555.03
1007,2024-05-02 01:55:47.949589918,Beauty,3,3978.29,11934.87
1174,2024-05-02 05:26:04.872974596,Sports,2,587.51,1175.02
1141,2024-05-02 08:56:21.796359272,Electronics,1,4131.54,4131.54
1168,2024-05-02 12:26:38.719743948,Sports,2,3409.73,6819.46
1170,2024-05-02 15:56:55.643128626,Clothing,4,530.55,2122.2
1393,2024-05-02 19:27:12.566513302,Sports,2,3447.09,6894.18
1434,2024-05-02 22:57:29.489897980,Beauty,3,2944.54,8833.62
1283,2024-05-03 02:27:46.413282656,Clothing,5,3013.3,15066.5
1122,2024-05-03 05:58:03.336667334,Electronics,3,1525.23,4575.69
1194,2024-05-03 09:28:20.260052010,Electronics,2,1405.84,2811.68
1005,2024-05-03 12:58:37.183436688,Home,1,3836.42,3836.42
1029,2024-05-03 16:28:54.106821364,Clothing,4,1358.39,5433.56
1165,2024-05-03 19:59:11.030206042,Home,5,2286.69,11433.45
1422,2024-05-03 23:29:27.953590718,Clothing,1,3504.47,3504.47
1339,2024-05-04 02:59:44.876975396,Clothing,1,490.12,490.12
1136,2024-05-04 06:30:01.800360072,Beauty,3,3013.29,9039.87
1496,2024-05-04 10:00:18.723744750,Home,2,2987.94,5975.88
1365,2024-05-04 13:30:35.647129426,Beauty,3,3452.72,10358.16
1321,2024-05-04 17:00:52.570514102,Clothing,2,1912.65,3825.3
1342,2024-05-04 20:31:09.493898780,Electronics,3,2300.0,6900.0
1500,2024-05-05 00:01:26.417283456,Clothing,1,1716.85,1716.85
1145,2024-05-05 03:31:43.340668134,Beauty,4,4060.02,16240.08
1327,2024-05-05 07:02:00.264052810,Home,2,739.99,1479.98
1217,2024-05-05 10:32:17.187437488,Home,5,4818.47,24092.35
1301,2024-05-05 14:02:34.110822164,Beauty,5,3210.7,16053.5
1132,2024-05-05 17:32:51.034206842,Home,1,4445.84,4445.84
1292,2024-05-05 21:03:07.957591518,Sports,3,2188.53,6565.59
1070,2024-05-06 00:33:24.880976196,Electronics,3,1728.17,5184.51
1252,2024-05-06 04:03:41.804360872,Electronics,1,4513.56,4513.56
1415,2024-05-06 07:33:58.727745550,Electronics,5,584.48,2922.4
1275,2024-05-06 11:04:15.651130226,Home,5,673.83,3369.15
1445,2024-05-06 14:34:32.574514904,Home,3,1566.8,4700.4
1364,2024-05-06 18:04:49.497899580,Clothing,2,4802.9,9605.8
1182,2024-05-06 21:35:06.421284256,Clothing,4,3202.04,12808.16
1167,2024-05-07 01:05:23.344668934,Electronics,2,2815.55,5631.1
1091,2024-05-07 04:35:40.268053610,Sports,5,3556.25,17781.25
1202,2024-05-07 08:05:57.191438288,Clothing,2,2145.63,4291.26
1346,2024-05-07 11:36:14.114822964,Clothing,4,3814.56,15258.24
1019,2024-05-07 15:06:31.038207642,Home,2,2026.83,4053.66
1039,2024-05-07 18:36:47.961592318,Sports,2,4149.18,8298.36
1126,2024-05-07 22:07:04.884976996,Electronics,2,1409.75,2819.5
1451,2024-05-08 01:37:21.808361672,Clothing,2,1459.98,2919.96
1173,2024-05-08 05:07:38.731746350,Sports,1,2659.68,2659.68
1141,2024-05-08 08:37:55.655131026,Sports,5,2210.73,11053.65
1242,2024-05-08 12:08:12.578515704,Electronics,4,3275.77,13103.08
1220,2024-05-08 15:38:29.501900380,Sports,5,1885.02,9425.1
1126,2024-05-08 19:08:46.425285058,Sports,1,1229.7,1229.7
1058,2024-05-08 22:39:03.348669734,Sports,1,2402.06,2402.06
1148,2024-05-09 02:09:20.272054412,Clothing,1,2848.69,2848.69
1476,2024-05-09 05:39:37.195439088,Electronics,1,798.74,798.74
1456,2024-05-09 09:09:54.118823764,Sports,2,2827.92,5655.84
1317,2024-05-09 12:40:11.042208442,Sports,5,1664.36,8321.8
1383,2024-05-09 16:10:27.965593118,Clothing,3,2023.01,6069.03
1361,2024-05-09 19:40:44.888977796,Electronics,4,1468.66,5874.64
1423,2024-05-09 23:11:01.812362472,Home,1,4663.91,4663.91
1001,2024-05-10 02:41:18.735747150,Clothing,5,3448.35,17241.75
1387,2024-05-10 06:11:35.659131826,Electronics,1,1386.06,1386.06
1461,2024-05-10 09:41:52.582516504,Sports,1,3260.65,3260.65
1348,2024-05-10 13:12:09.505901180,Electronics,1,4258.0,4258.0
1190,2024-05-10 16:42:26.429285858,Electronics,1,2067.99,2067.99
1191,2024-05-10 20:12:43.352670534,Electronics,1,4166.79,4166.79
1369,2024-05-10 23:43:00.276055212,Home,4,856.63,3426.52
1409,2024-05-11 03:13:17.199439888,Electronics,5,4131.63,20658.15
1312,2024-05-11 06:43:34.122824566,Home,1,2747.44,2747.44
1417,2024-05-11 10:13:51.046209242,Sports,1,1192.57,1192.57
1422,2024-05-11 13:44:07.969593918,Home,1,2094.99,2094.99
1117,2024-05-11 17:14:24.892978596,Sports,1,4941.17,4941.17
1134,2024-05-11 20:44:41.816363272,Sports,2,3939.42,7878.84
1058,2024-05-12 00:14:58.739747950,Home,2,2917.92,5835.84
1044,2024-05-12 03:45:15.663132626,Clothing,3,664.3,1992.9
1173,2024-05-12 07:15:32.586517304,Beauty,1,2147.28,2147.28
1160,2024-05-12 10:45:49.509901980,Electronics,3,1388.95,4166.85
1173,2024-05-12 14:16:06.433286658,Beauty,4,447.91,1791.64
1317,2024-05-12 17:46:23.356671334,Electronics,3,2756.8,8270.4
1303,2024-05-12 21:16:40.280056012,Electronics,5,4457.01,22285.05
1149,2024-05-13 00:46:57.203440688,Sports,2,3410.44,6820.88
1080,2024-05-13 04:17:14.126825366,Electronics,2,1323.43,2646.86
1374,2024-05-13 07:47:31.050210042,Electronics,1,2910.56,2910.56
1213,2024-05-13 11:17:47.973594720,Home,1,4721.85,4721.85
1203,2024-05-13 14:48:04.896979396,Beauty,4,3642.28,14569.12
1252,2024-05-13 18:18:21.820364072,Home,4,3478.42,13913.68
1229,2024-05-13 21:48:38.743748750,Electronics,5,4843.98,24219.9
1164,2024-05-14 01:18:55.667133426,Sports,1,4014.48,4014.48
1227,2024-05-14 04:49:12.590518104,Home,1,769.46,769.46
1147,2024-05-14 08:19:29.513902780,Home,4,1803.41,7213.64
1020,2024-05-14 11:49:46.437287458,Clothing,4,4829.19,19316.76
1441,2024-05-14 15:20:03.360672134,Electronics,4,2499.56,9998.24
1402,2024-05-14 18:50:20.284056812,Sports,2,647.02,1294.04
1047,2024-05-14 22:20:37.207441488,Home,3,2347.16,7041.48
1233,2024-05-15 01:50:54.130826166,Home,3,3515.27,10545.81
1305,2024-05-15 05:21:11.054210842,Sports,1,4987.99,4987.99
1014,2024-05-15 08:51:27.977595520,Electronics,2,1687.14,3374.28
1143,2024-05-15 12:21:44.900980196,Clothing,4,2619.03,10476.12
1415,2024-05-15 15:52:01.824364874,Home,1,4410.44,4410.44
1001,2024-05-15 19:22:18.747749550,Clothing,2,1840.81,3681.62
1373,2024-05-15 22:52:35.671134226,Beauty,5,635.38,3176.9
1054,2024-05-16 02:22:52.594518904,Electronics,2,4749.79,9499.58
1374,2024-05-16 05:53:09.517903580,Beauty,1,2493.36,2493.36
1259,2024-05-16 09:23:26.441288258,Beauty,3,2563.64,7690.92
1144,2024-05-16 12:53:43.364672934,Beauty,4,3143.88,12575.52
1471,2024-05-16 16:24:00.288057612,Electronics,5,117.33,586.65
1441,2024-05-16 19:54:17.211442288,Electronics,2,4662.54,9325.08
1459,2024-05-16 23:24:34.134826966,Sports,1,1871.11,1871.11
1012,2024-05-17 02:54:51.058211642,Clothing,1,2044.97,2044.97
1330,2024-05-17 06:25:07.981596320,Clothing,4,953.14,3812.56
1224,2024-05-17 09:55:24.904980996,Sports,1,1952.94,1952.94
1272,2024-05-17 13:25:41.828365674,Sports,1,4039.32,4039.32
1456,2024-05-17 16:55:58.751750350,Beauty,4,4019.96,16079.84
1358,2024-05-17 20:26:15.675135028,Sports,5,4685.4,23427.0
1460,2024-05-17 23:56:32.598519704,Home,3,2075.82,6227.46
1408,2024-05-18 03:26:49.521904382,Clothing,3,3572.74,10718.22
1156,2024-05-18 06:57:06.445289058,Sports,2,2585.46,5170.92
1373,2024-05-18 10:27:23.368673734,Home,5,4039.71,20198.55
1008,2024-05-18 13:57:40.292058412,Home,2,3591.46,7182.92
1122,2024-05-18 17:27:57.215443088,Home,3,1902.72,5708.16
1348,2024-05-18 20:58:14.138827766,Home,4,1749.7,6998.8
1164,2024-05-19 00:28:31.062212442,Beauty,1,1336.97,1336.97
1090,2024-05-19 03:58:47.985597120,Home,3,2924.93,8774.79
1136,2024-05-19 07:29:04.908981796,Beauty,5,4822.83,24114.15
1186,2024-05-19 10:59:21.832366474,Beauty,3,1080.33,3240.99
1316,2024-05-19 14:29:38.755751150,Home,5,566.74,2833.7
1178,2024-05-19 17:59:55.679135828,Clothing,5,685.06,3425.3
1028,2024-05-19 21:30:12.602520504,Home,5,3937.18,19685.9
1220,2024-05-20 01:00:29.525905182,Home,2,1815.51,3631.02
1357,2024-05-20 04:30:46.449289858,Home,4,1199.4,4797.6
1041,2024-05-20 08:01:03.372674536,Clothing,3,1828.94,5486.82
1228,2024-05-20 11:31:20.296059212,Electronics,4,3262.12,13048.48
1192,2024-05-20 15:01:37.219443888,Electronics,1,2779.26,2779.26
1411,2024-05-20 18:31:54.142828566,Beauty,3,3743.59,11230.77
1447,2024-05-20 22:02:11.066213242,Beauty,4,1761.46,7045.84
1145,2024-05-21 01:32:27.989597920,Clothing,4,2314.94,9259.76
1201,2024-05-21 05:02:44.912982596,Sports,1,599.65,599.65
1417,2024-05-21 08:33:01.836367274,Electronics,5,457.99,2289.95
1212,2024-05-21 12:03:18.759751950,Beauty,3,2365.05,7095.15
1461,2024-05-21 15:33:35.683136628,Electronics,3,1577.82,4733.46
1220,2024-05-21 19:03:52.606521304,Clothing,1,3102.72,3102.72
1240,2024-05-21 22:34:09.529905982,Clothing,5,310.71,1553.55
1413,2024-05-22 02:04:26.453290658,Sports,3,696.66,2089.98
1397,2024-05-22 05:34:43.376675336,Sports,3,4339.43,13018.29
1046,2024-05-22 09:05:00.300060012,Clothing,3,2874.93,8624.79
1035,2024-05-22 12:35:17.223444690,Beauty,5,3589.07,17945.35
1253,2024-05-22 16:05:34.146829366,Electronics,1,4225.66,4225.66
1390,2024-05-22 19:35:51.070214042,Home,3,2372.79,7118.37
1082,2024-05-22 23:06:07.993598720,Sports,4,3829.2,15316.8
1371,2024-05-23 02:36:24.916983396,Home,5,2670.47,13352.35
1256,2024-05-23 06:06:41.840368074,Beauty,2,1191.47,2382.94
1197,2024-05-23 09:36:58.763752750,Sports,1,1754.52,1754.52
1303,2024-05-23 13:07:15.687137428,Home,4,2502.72,10010.88
1409,2024-05-23 16:37:32.610522104,Beauty,3,1652.74,4958.22
1450,2024-05-23 20:07:49.533906782,Electronics,2,1744.09,3488.18
1010,2024-05-23 23:38:06.457291458,Beauty,1,1753.22,1753.22
1312,2024-05-24 03:08:23.380676136,Sports,5,701.92,3509.6
1286,2024-05-24 06:38:40.304060812,Clothing,2,514.75,1029.5
1242,2024-05-24 10:08:57.227445490,Electronics,2,327.83,655.66
1251,2024-05-24 13:39:14.150830166,Home,4,643.69,2574.76
1365,2024-05-24 17:09:31.074214844,Sports,1,1784.16,1784.16
1005,2024-05-24 20:39:47.997599520,Clothing,4,3009.97,12039.88
1119,2024-05-25 00:10:04.920984196,Beauty,4,1021.92,4087.68
1289,2024-05-25 03:40:21.844368874,Clothing,3,4451.24,13353.72
1374,2024-05-25 07:10:38.767753550,Sports,5,4061.07,20305.35
1065,2024-05-25 10:40:55.691138228,Sports,2,2650.58,5301.16
1146,2024-05-25 14:11:12.614522904,Clothing,1,3648.63,3648.63
1224,2024-05-25 17:41:29.537907582,Beauty,5,1895.01,9475.05
1239,2024-05-25 21:11:46.461292258,Clothing,5,280.21,1401.05
1177,2024-05-26 00:42:03.384676936,Sports,1,4531.23,4531.23
1267,2024-05-26 04:12:20.308061612,Sports,5,726.19,3630.95
1341,2024-05-26 07:42:37.231446290,Home,3,4744.89,14234.67
1282,2024-05-26 11:12:54.154830966,Home,5,2902.22,14511.1
1063,2024-05-26 14:43:11.078215644,Electronics,3,1597.26,4791.78
1217,2024-05-26 18:13:28.001600320,Sports,2,2528.07,5056.14
1342,2024-05-26 21:43:44.924984998,Home,2,2557.99,5115.98
1315,2024-05-27 01:14:01.848369674,Clothing,4,214.11,856.44
1283,2024-05-27 04:44:18.771754352,Beauty,3,1841.75,5525.25
1177,2024-05-27 08:14:35.695139028,Clothing,2,3725.34,7450.68
1461,2024-05-27 11:44:52.618523704,Beauty,5,2599.34,12996.7
1417,2024-05-27 15:15:09.541908382,Home,1,1296.73,1296.73
1098,2024-05-27 18:45:26.465293058,Electronics,1,1742.04,1742.04
1105,2024-05-27 22:15:43.388677736,Clothing,3,4328.97,12986.91
1099,2024-05-28 01:46:00.312062412,Clothing,4,2675.19,10700.76
1385,2024-05-28 05:16:17.235447090,Clothing,5,2688.93,13444.65
1405,2024-05-28 08:46:34.158831766,Beauty,3,4811.19,14433.57
1496,2024-05-28 12:16:51.082216444,Home,1,1672.32,1672.32
1311,2024-05-28 15:47:08.005601120,Clothing,3,2449.75,7349.25
1006,2024-05-28 19:17:24.928985798,Clothing,5,4077.4,20387.0
1476,2024-05-28 22:47:41.852370474,Electronics,2,3818.67,7637.34
1465,2024-05-29 02:17:58.775755152,Electronics,5,1402.42,7012.1
1197,2024-05-29 05:48:15.699139828,Home,2,840.35,1680.7
1351,2024-05-29 09:18:32.622524506,Home,2,3533.45,7066.9
1133,2024-05-29 12:48:49.545909182,Sports,2,1362.52,2725.04
1358,2024-05-29 16:19:06.469293858,Electronics,3,4621.11,13863.33
1259,2024-05-29 19:49:23.392678536,Sports,1,733.31,733.31
1437,2024-05-29 23:19:40.316063212,Beauty,3,1659.74,4979.22
1023,2024-05-30 02:49:57.239447890,Sports,1,368.46,368.46
1485,2024-05-30 06:20:14.162832566,Clothing,5,3546.2,17731.0
1053,2024-05-30 09:50:31.086217244,Sports,4,4467.19,17868.76
1165,2024-05-30 13:20:48.009601920,Home,5,3215.79,16078.95
1202,2024-05-30 16:51:04.932986598,Beauty,3,4694.99,14084.97
1458,2024-05-30 20:21:21.856371274,Clothing,3,729.67,2189.01
1083,2024-05-30 23:51:38.779755952,Sports,1,529.9,529.9
1145,2024-05-31 03:21:55.703140628,Beauty,3,4208.22,12624.66
1085,2024-05-31 06:52:12.626525306,Beauty,2,4292.0,8584.0
1078,2024-05-31 10:22:29.549909982,Clothing,3,4172.09,12516.27
1457,2024-05-31 13:52:46.473294660,Sports,1,4014.93,4014.93
1366,2024-05-31 17:23:03.396679336,Beauty,1,1874.92,1874.92
1001,2024-05-31 20:53:20.320064012,Beauty,2,1165.56,2331.12
1051,2024-06-01 00:23:37.243448690,Electronics,1,4651.14,4651.14
1173,2024-06-01 03:53:54.166833366,Beauty,4,1604.3,6417.2
1205,2024-06-01 07:24:11.090218044,Electronics,5,2052.2,10261.0
1260,2024-06-01 10:54:28.013602720,Sports,3,3527.84,10583.52
1446,2024-06-01 14:24:44.936987398,Sports,4,1537.44,6149.76
1449,2024-06-01 17:55:01.860372074,Sports,3,4113.74,12341.22
1369,2024-06-01 21:25:18.783756752,Home,4,443.17,1772.68
1488,2024-06-02 00:55:35.707141428,Sports,3,3976.8,11930.4
1288,2024-06-02 04:25:52.630526106,Beauty,2,3049.07,6098.14
1034,2024-06-02 07:56:09.553910782,Clothing,1,2907.67,2907.67
1348,2024-06-02 11:26:26.477295460,Electronics,1,2346.05,2346.05
1095,2024-06-02 14:56:43.400680136,Home,2,1457.52,2915.04
1072,2024-06-02 18:27:00.324064814,Sports,4,2373.94,9495.76
1039,2024-06-02 21:57:17.247449490,Sports,5,2305.14,11525.7
1154,2024-06-03 01:27:34.170834168,Clothing,4,2960.4,11841.6
1250,2024-06-03 04:57:51.094218844,Clothing,1,1479.71,1479.71
1162,2024-06-03 08:28:08.017603520,Home,5,480.22,2401.1
1438,2024-06-03 11:58:24.940988198,Electronics,3,810.94,2432.82
1118,2024-06-03 15:28:41.864372874,Sports,5,3525.97,17629.85
1259,2024-06-03 18:58:58.787757552,Home,4,210.21,840.84
1379,2024-06-03 22:29:15.711142228,Beauty,2,4296.57,8593.14
1306,2024-06-04 01:59:32.634526906,Beauty,3,3502.55,10507.65
1268,2024-06-04 05:29:49.557911582,Home,4,3863.62,15454.48
1449,2024-06-04 09:00:06.481296260,Sports,3,4196.32,12588.96
1054,2024-06-04 12:30:23.404680936,Home,5,701.28,3506.4
1236,2024-06-04 16:00:40.328065614,Sports,1,4130.01,4130.01
1389,2024-06-04 19:30:57.251450290,Clothing,4,2572.75,10291.0
1478,2024-06-04 23:01:14.174834968,Home,2,4439.07,8878.14
1222,2024-06-05 02:31:31.098219644,Sports,5,4444.27,22221.35
1251,2024-06-05 06:01:48.021604322,Home,4,218.47,873.88
1313,2024-06-05 09:32:04.944988998,Home,2,1976.04,3952.08
1401,2024-06-05 13:02:21.868373674,Sports,4,2679.35,10717.4
1112,2024-06-05 16:32:38.791758352,Sports,5,3423.96,17119.8
1255,2024-06-05 20:02:55.715143028,Electronics,4,1502.31,6009.24
1303,2024-06-05 23:33:12.638527706,Home,3,1335.5,4006.5
1407,2024-06-06 03:03:29.561912382,Beauty,5,1968.2,9841.0
1207,2024-06-06 06:33:46.485297060,Home,4,2554.6,10218.4
1229,2024-06-06 10:04:03.408681736,Home,1,4760.62,4760.62
1341,2024-06-06 13:34:20.332066414,Sports,4,3834.33,15337.32
1398,2024-06-06 17:04:37.255451090,Home,3,2203.67,6611.01
1066,2024-06-06 20:34:54.178835768,Home,2,366.39,732.78
1075,2024-06-07 00:05:11.102220444,Beauty,2,925.75,1851.5
1435,2024-06-07 03:35:28.025605122,Sports,2,2334.03,4668.06
1103,2024-06-07 07:05:44.948989798,Home,1,4087.75,4087.75
1422,2024-06-07 10:36:01.872374476,Clothing,3,1965.41,5896.23
1192,2024-06-07 14:06:18.795759152,Electronics,5,2738.63,13693.15
1252,2024-06-07 17:36:35.719143828,Beauty,2,4469.84,8939.68
1226,2024-06-07 21:06:52.642528506,Home,3,4577.6,13732.8
1294,2024-06-08 00:37:09.565913182,Clothing,4,1157.3,4629.2
1306,2024-06-08 04:07:26.489297860,Home,1,313.62,313.62
1098,2024-06-08 07:37:43.412682536,Home,3,1596.51,4789.53
1338,2024-06-08 11:08:00.336067214,Sports,3,3509.43,10528.29
1286,2024-06-08 14:38:17.259451890,Sports,5,4760.45,23802.25
1335,2024-06-08 18:08:34.182836568,Sports,3,477.46,1432.38
1347,2024-06-08 21:38:51.106221244,Clothing,5,239.57,1197.85
1435,2024-06-09 01:09:08.029605922,Home,1,4432.32,4432.32
1447,2024-06-09 04:39:24.952990598,Electronics,1,3765.91,3765.91
1482,2024-06-09 08:09:41.876375276,Beauty,4,4962.02,19848.08
1308,2024-06-09 11:39:58.799759952,Sports,5,2044.29,10221.45
1249,2024-06-09 15:10:15.723144630,Sports,5,2138.65,10693.25
1166,2024-06-09 18:40:32.646529306,Home,2,944.33,1888.66
1481,2024-06-09 22:10:49.569913982,Home,2,667.65,1335.3
1472,2024-06-10 01:41:06.493298660,Clothing,4,2935.72,11742.88
1335,2024-06-10 05:11:23.416683336,Clothing,1,1885.0,1885.0
1030,2024-06-10 08:41:40.340068014,Sports,2,493.55,987.1
1247,2024-06-10 12:11:57.263452690,Home,3,4446.24,13338.72
1106,2024-06-10 15:42:14.186837368,Electronics,1,1071.95,1071.95
1051,2024-06-10 19:12:31.110222044,Beauty,3,3768.06,11304.18
1081,2024-06-10 22:42:48.033606722,Home,5,1482.92,7414.6
1133,2024-06-11 02:13:04.956991398,Home,1,4083.23,4083.23
1285,2024-06-11 05:43:21.880376076,Clothing,4,680.14,2720.56
1388,2024-06-11 09:13:38.803760752,Beauty,5,3804.75,19023.75
1138,2024-06-11 12:43:55.727145430,Sports,5,580.78,2903.9
1184,2024-06-11 16:14:12.650530106,Home,3,2289.89,6869.67
1401,2024-06-11 19:44:29.573914784,Sports,5,3696.62,18483.1
1330,2024-06-11 23:14:46.497299460,Home,2,948.77,1897.54
1273,2024-06-12 02:45:03.420684138,Sports,1,1499.76,1499.76
1340,2024-06-12 06:15:20.344068814,Beauty,2,4337.36,8674.72
1472,2024-06-12 09:45:37.267453490,Clothing,3,4437.08,13311.24
1069,2024-06-12 13:15:54.190838168,Beauty,3,320.18,960.54
1034,2024-06-12 16:46:11.114222844,Electronics,1,923.64,923.64
1262,2024-06-12 20:16:28.037607522,Clothing,5,675.61,3378.05
1053,2024-06-12 23:46:44.960992198,Beauty,4,980.5,3922.0
1450,2024-06-13 03:17:01.884376876,Electronics,3,4853.92,14561.76
1205,2024-06-13 06:47:18.807761552,Home,1,2803.11,2803.11
1126,2024-06-13 10:17:35.731146230,Home,4,2393.75,9575.0
1235,2024-06-13 13:47:52.654530906,Sports,5,4923.89,24619.45
1043,2024-06-13 17:18:09.577915584,Clothing,3,2829.09,8487.27
1240,2024-06-13 20:48:26.501300260,Home,1,3339.48,3339.48
1459,2024-06-14 00:18:43.424684938,Clothing,1,1730.58,1730.58
1371,2024-06-14 03:49:00.348069614,Home,1,1972.36,1972.36
1111,2024-06-14 07:19:17.271454292,Sports,3,3012.61,9037.83
1249,2024-06-14 10:49:34.194838968,Beauty,4,441.95,1767.8
1151,2024-06-14 14:19:51.118223644,Sports,1,1353.83,1353.83
1183,2024-06-14 17:50:08.041608322,Electronics,5,1064.38,5321.9
1336,2024-06-14 21:20:24.964992998,Home,1,177.88,177.88
1095,2024-06-15 00:50:41.888377676,Electronics,4,2730.82,10923.28
1459,2024-06-15 04:20:58.811762352,Electronics,3,2849.16,8547.48
1374,2024-06-15 07:51:15.735147030,Clothing,1,1981.3,1981.3
1400,2024-06-15 11:21:32.658531706,Home,1,1416.76,1416.76
1008,2024-06-15 14:51:49.581916384,Electronics,5,3295.09,16475.45
1388,2024-06-15 18:22:06.505301060,Beauty,5,759.83,3799.15
1360,2024-06-15 21:52:23.428685738,Electronics,1,2641.21,2641.21
1388,2024-06-16 01:22:40.352070414,Beauty,1,3863.56,3863.56
1184,2024-06-16 04:52:57.275455092,Clothing,5,905.06,4525.3
1281,2024-06-16 08:23:14.198839768,Electronics,4,3790.97,15163.88
1195,2024-06-16 11:53:31.122224446,Sports,2,3827.89,7655.78
1352,2024-06-16 15:23:48.045609122,Clothing,2,393.64,787.28
1195,2024-06-16 18:54:04.968993798,Beauty,1,192.04,192.04
1155,2024-06-16 22:24:21.892378476,Clothing,5,4872.28,24361.4
1093,2024-06-17 01:54:38.815763152,Electronics,3,1047.58,3142.74
1160,2024-06-17 05:24:55.739147830,Home,3,4128.48,12385.44
1434,2024-06-17 08:55:12.662532506,Home,2,2853.07,5706.14
1061,2024-06-17 12:25:29.585917184,Beauty,4,1395.91,5583.64
1122,2024-06-17 15:55:46.509301860,Beauty,2,736.86,1473.72
1051,2024-06-17 19:26:03.432686538,Home,1,2533.72,2533.72
1403,2024-06-17 22:56:20.356071214,Beauty,4,2096.04,8384.16
1277,2024-06-18 02:26:37.279455892,Clothing,3,3524.54,10573.62
1005,2024-06-18 05:56:54.202840568,Sports,5,4530.43,22652.15
1466,2024-06-18 09:27:11.126225246,Sports,5,4045.72,20228.6
1092,2024-06-18 12:57:28.049609922,Clothing,1,1444.82,1444.82
1170,2024-06-18 16:27:44.972994600,Sports,2,4406.77,8813.54
1317,2024-06-18 19:58:01.896379276,Electronics,1,4183.62,4183.62
1022,2024-06-18 23:28:18.819763952,Clothing,5,4652.77,23263.85
1405,2024-06-19 02:58:35.743148630,Beauty,3,2347.44,7042.32
1326,2024-06-19 06:28:52.666533306,Clothing,5,3866.02,19330.1
1001,2024-06-19 09:59:09.589917984,Home,4,2999.12,11996.48
1133,2024-06-19 13:29:26.513302660,Beauty,5,1621.46,8107.3
1233,2024-06-19 16:59:43.436687338,Home,5,4972.71,24863.55
1012,2024-06-19 20:30:00.360072014,Beauty,4,287.71,1150.84
1346,2024-06-20 00:00:17.283456692,Sports,2,895.14,1790.28
1046,2024-06-20 03:30:34.206841368,Clothing,5,4473.46,22367.3
1034,2024-06-20 07:00:51.130226046,Electronics,1,396.76,396.76
1433,2024-06-20 10:31:08.053610722,Beauty,5,4445.42,22227.1
1078,2024-06-20 14:01:24.976995400,Beauty,1,3604.59,3604.59
1218,2024-06-20 17:31:41.900380076,Home,4,279.75,1119.0
1301,2024-06-20 21:01:58.823764754,Sports,5,2203.67,11018.35
1411,2024-06-21 00:32:15.747149430,Home,4,3796.91,15187.64
1073,2024-06-21 04:02:32.670534108,Home,4,2957.19,11828.76
1282,2024-06-21 07:32:49.593918784,Sports,2,4685.77,9371.54
1249,2024-06-21 11:03:06.517303460,Electronics,5,4351.46,21757.3
1047,2024-06-21 14:33:23.440688138,Home,1,1729.97,1729.97
1121,2024-06-21 18:03:40.364072814,Home,1,514.67,514.67
1214,2024-06-21 21:33:57.287457492,Beauty,5,4726.86,23634.3
1239,2024-06-22 01:04:14.210842168,Sports,2,2634.71,5269.42
1056,2024-06-22 04:34:31.134226846,Clothing,2,464.55,929.1
1350,2024-06-22 08:04:48.057611522,Electronics,2,4101.22,8202.44
1107,2024-06-22 11:35:04.980996200,Electronics,1,4355.68,4355.68
1319,2024-06-22 15:05:21.904380876,Sports,4,3233.18,12932.72
1048,2024-06-22 18:35:38.827765554,Beauty,2,2292.79,4585.58
1061,2024-06-22 22:05:55.751150230,Beauty,1,3344.65,3344.65
1337,2024-06-23 01:36:12.674534908,Sports,1,3562.75,3562.75
1026,2024-06-23 05:06:29.597919584,Beauty,4,4475.85,17903.4
1292,2024-06-23 08:36:46.521304262,Electronics,5,4783.72,23918.6
1257,2024-06-23 12:07:03.444688938,Electronics,5,2620.17,13100.85
1008,2024-06-23 15:37:20.368073614,Clothing,2,4012.62,8025.24
1113,2024-06-23 19:07:37.291458292,Sports,2,4826.1,9652.2
1355,2024-06-23 22:37:54.214842968,Home,4,841.09,3364.36
1253,2024-06-24 02:08:11.138227646,Home,2,189.51,379.02
1180,2024-06-24 05:38:28.061612322,Clothing,4,4357.92,17431.68
1207,2024-06-24 09:08:44.984997000,Clothing,1,1056.84,1056.84
1303,2024-06-24 12:39:01.908381676,Beauty,2,308.15,616.3
1127,2024-06-24 16:09:18.831766354,Clothing,1,884.47,884.47
1056,2024-06-24 19:39:35.755151030,Clothing,3,1982.16,5946.48
1214,2024-06-24 23:09:52.678535708,Home,4,1174.4,4697.6
1014,2024-06-25 02:40:09.601920384,Beauty,3,1595.74,4787.22
1474,2024-06-25 06:10:26.525305062,Clothing,2,4878.94,9757.88
1028,2024-06-25 09:40:43.448689738,Clothing,1,3551.59,3551.59
1471,2024-06-25 13:11:00.372074416,Beauty,2,3589.74,7179.48
1078,2024-06-25 16:41:17.295459092,Sports,3,563.96,1691.88
1216,2024-06-25 20:11:34.218843768,Beauty,2,3687.28,7374.56
1386,2024-06-25 23:41:51.142228446,Home,5,3722.79,18613.95
1365,2024-06-26 03:12:08.065613122,Sports,3,3332.75,9998.25
1154,2024-06-26 06:42:24.988997800,Electronics,2,1219.34,2438.68
1014,2024-06-26 10:12:41.912382476,Beauty,1,2172.88,2172.88
1187,2024-06-26 13:42:58.835767154,Home,2,4246.75,8493.5
1312,2024-06-26 17:13:15.759151830,Sports,1,3383.99,3383.99
1371,2024-06-26 20:43:32.682536508,Beauty,5,3690.57,18452.85
1007,2024-06-27 00:13:49.605921184,Clothing,2,2978.13,5956.26
1003,2024-06-27 03:44:06.529305862,Beauty,5,2302.97,11514.85
1111,2024-06-27 07:14:23.452690538,Electronics,3,3819.35,11458.05
1407,2024-06-27 10:44:40.376075216,Beauty,1,432.84,432.84
1238,2024-06-27 14:14:57.299459892,Sports,3,3398.49,10195.47
1363,2024-06-27 17:45:14.222844570,Sports,1,4986.3,4986.3
1239,2024-06-27 21:15:31.146229246,Beauty,5,3922.94,19614.7
1493,2024-06-28 00:45:48.069613922,Sports,4,1523.76,6095.04
1274,2024-06-28 04:16:04.992998600,Clothing,2,1461.32,2922.64
1294,2024-06-28 07:46:21.916383276,Beauty,5,3369.37,16846.85
1227,2024-06-28 11:16:38.839767954,Clothing,1,4489.69,4489.69
1371,2024-06-28 14:46:55.763152630,Clothing,1,2931.95,2931.95
1015,2024-06-28 18:17:12.686537308,Home,1,2684.27,2684.27
1192,2024-06-28 21:47:29.609921984,Beauty,1,885.88,885.88
1473,2024-06-29 01:17:46.533306662,Sports,2,3605.74,7211.48
1119,2024-06-29 04:48:03.456691338,Clothing,3,3541.26,10623.78
1485,2024-06-29 08:18:20.380076016,Home,4,4838.06,19352.24
1028,2024-06-29 11:48:37.303460692,Beauty,2,1570.94,3141.88
1202,2024-06-29 15:18:54.226845370,Beauty,1,3806.58,3806.58
1039,2024-06-29 18:49:11.150230046,Electronics,2,2226.92,4453.84
1441,2024-06-29 22:19:28.073614724,Electronics,5,2836.52,14182.6
1273,2024-06-30 01:49:44.996999400,Clothing,1,4100.62,4100.62
1231,2024-06-30 05:20:01.920384078,Electronics,4,1187.78,4751.12
1086,2024-06-30 08:50:18.843768754,Clothing,1,1780.06,1780.06
1474,2024-06-30 12:20:35.767153430,Sports,4,3889.21,15556.84
1126,2024-06-30 15:50:52.690538108,Clothing,4,2895.24,11580.96
1300,2024-06-30 19:21:09.613922784,Electronics,3,552.87,1658.61
1025,2024-06-30 22:51:26.537307462,Sports,3,2207.91,6623.73
1145,2024-07-01 02:21:43.460692138,Electronics,2,2974.5,5949.0
1013,2024-07-01 05:52:00.384076816,Clothing,2,4556.63,9113.26
1212,2024-07-01 09:22:17.307461492,Home,4,1023.59,4094.36
1025,2024-07-01 12:52:34.230846170,Beauty,1,4049.17,4049.17
1068,2024-07-01 16:22:51.154230846,Electronics,5,740.06,3700.3
1394,2024-07-01 19:53:08.077615524,Clothing,5,1286.95,6434.75
1067,2024-07-01 23:23:25.001000200,Sports,1,1292.39,1292.39
1233,2024-07-02 02:53:41.924384878,Electronics,1,4399.65,4399.65
1109,2024-07-02 06:23:58.847769554,Electronics,3,1075.19,3225.57
1146,2024-07-02 09:54:15.771154232,Beauty,5,3956.11,19780.55
1111,2024-07-02 13:24:32.694538908,Clothing,4,2362.85,9451.4
1228,2024-07-02 16:54:49.617923584,Home,2,4995.54,9991.08
1111,2024-07-02 20:25:06.541308262,Sports,3,4211.55,12634.65
1470,2024-07-02 23:55:23.464692938,Clothing,5,3724.55,18622.75
1034,2024-07-03 03:25:40.388077616,Sports,1,4366.56,4366.56
1111,2024-07-03 06:55:57.311462292,Electronics,5,3206.75,16033.75
1264,2024-07-03 10:26:14.234846970,Beauty,4,4233.9,16935.6
1424,2024-07-03 13:56:31.158231646,Beauty,3,1379.52,4138.56
1369,2024-07-03 17:26:48.081616324,Home,1,578.75,578.75
1236,2024-07-03 20:57:05.005001000,Beauty,4,3118.07,12472.28
1083,2024-07-04 00:27:21.928385678,Electronics,2,2229.98,4459.96
1042,2024-07-04 03:57:38.851770354,Home,3,2189.56,6568.68
1425,2024-07-04 07:27:55.775155032,Clothing,4,2681.06,10724.24
1101,2024-07-04 10:58:12.698539708,Beauty,4,1870.77,7483.08
1006,2024-07-04 14:28:29.621924386,Home,1,3167.69,3167.69
1180,2024-07-04 17:58:46.545309062,Electronics,2,249.79,499.58
1282,2024-07-04 21:29:03.468693738,Sports,4,4852.47,19409.88
1320,2024-07-05 00:59:20.392078416,Sports,3,4631.07,13893.21
1226,2024-07-05 04:29:37.315463092,Electronics,4,4682.82,18731.28
1443,2024-07-05 07:59:54.238847770,Electronics,5,1888.52,9442.6
1440,2024-07-05 11:30:11.162232446,Sports,3,2706.27,8118.81
1315,2024-07-05 15:00:28.085617124,Home,3,4775.24,14325.72
1365,2024-07-05 18:30:45.009001800,Sports,4,4521.5,18086.0
1454,2024-07-05 22:01:01.932386478,Electronics,1,3972.2,3972.2
1229,2024-07-06 01:31:18.855771154,Beauty,3,2095.92,6287.76
1377,2024-07-06 05:01:35.779155832,Clothing,5,2865.26,14326.3
1289,2024-07-06 08:31:52.702540508,Beauty,1,3985.27,3985.27
1437,2024-07-06 12:02:09.625925186,Beauty,1,1437.76,1437.76
1150,2024-07-06 15:32:26.549309862,Electronics,1,3169.6,3169.6
1277,2024-07-06 19:02:43.472694540,Sports,3,4156.88,12470.64
1198,2024-07-06 22:33:00.396079216,Home,1,3566.53,3566.53
1070,2024-07-07 02:03:17.319463892,Beauty,4,2449.46,9797.84
1112,2024-07-07 05:33:34.242848570,Sports,1,2964.58,2964.58
1004,2024-07-07 09:03:51.166233246,Home,5,4944.51,24722.55
1350,2024-07-07 12:34:08.089617924,Beauty,2,3049.74,6099.48
1331,2024-07-07 16:04:25.013002600,Home,5,3949.53,19747.65
1446,2024-07-07 19:34:41.936387278,Sports,3,3660.36,10981.08
1318,2024-07-07 23:04:58.859771954,Clothing,1,3537.3,3537.3
1350,2024-07-08 02:35:15.783156632,Sports,1,3610.21,3610.21
1095,2024-07-08 06:05:32.706541308,Electronics,4,2326.61,9306.44
1152,2024-07-08 09:35:49.629925986,Home,1,2423.38,2423.38
1311,2024-07-08 13:06:06.553310662,Clothing,5,2392.53,11962.65
1137,2024-07-08 16:36:23.476695340,Home,3,262.95,788.85
1247,2024-07-08 20:06:40.400080016,Home,2,1281.22,2562.44
1387,2024-07-08 23:36:57.323464694,Beauty,1,857.36,857.36
1243,2024-07-09 03:07:14.246849370,Electronics,2,4443.58,8887.16
1031,2024-07-09 06:37:31.170234048,Home,1,1447.35,1447.35
1040,2024-07-09 10:07:48.093618724,Sports,3,778.37,2335.11
1229,2024-07-09 13:38:05.017003400,Sports,5,686.86,3434.3
1036,2024-07-09 17:08:21.940388078,Beauty,3,3529.95,10589.85
1408,2024-07-09 20:38:38.863772754,Electronics,2,129.81,259.62
1223,2024-07-10 00:08:55.787157432,Electronics,1,2409.39,2409.39
1006,2024-07-10 03:39:12.710542108,Sports,2,682.47,1364.94
1322,2024-07-10 07:09:29.633926786,Clothing,5,4263.35,21316.75
1468,2024-07-10 10:39:46.557311462,Beauty,3,4796.41,14389.23
1220,2024-07-10 14:10:03.480696140,Beauty,2,4797.9,9595.8
1075,2024-07-10 17:40:20.404080816,Sports,2,2265.62,4531.24
1004,2024-07-10 21:10:37.327465494,Sports,5,3258.12,16290.6
1335,2024-07-11 00:40:54.250850170,Clothing,1,3038.55,3038.55
1134,2024-07-11 04:11:11.174234848,Clothing,2,1815.19,3630.38
1118,2024-07-11 07:41:28.097619524,Electronics,5,2275.92,11379.6
1369,2024-07-11 11:11:45.021004202,Beauty,1,415.19,415.19
1094,2024-07-11 14:42:01.944388878,Beauty,1,3998.93,3998.93
1486,2024-07-11 18:12:18.867773554,Sports,3,1279.94,3839.82
1435,2024-07-11 21:42:35.791158232,Electronics,5,2356.58,11782.9
1062,2024-07-12 01:12:52.714542908,Beauty,1,2455.04,2455.04
1441,2024-07-12 04:43:09.637927586,Electronics,3,2847.49,8542.47
1194,2024-07-12 08:13:26.561312262,Electronics,4,4107.6,16430.4
1335,2024-07-12 11:43:43.484696940,Sports,5,3490.22,17451.1
1203,2024-07-12 15:14:00.408081616,Electronics,4,3349.01,13396.04
1392,2024-07-12 18:44:17.331466294,Clothing,1,2681.05,2681.05
1026,2024-07-12 22:14:34.254850970,Clothing,5,570.18,2850.9
1435,2024-07-13 01:44:51.178235648,Home,3,2069.84,6209.52
1173,2024-07-13 05:15:08.101620324,Sports,1,4790.85,4790.85
1300,2024-07-13 08:45:25.025005002,Home,5,4978.19,24890.95
1133,2024-07-13 12:15:41.948389678,Clothing,5,3679.44,18397.2
1326,2024-07-13 15:45:58.871774356,Home,4,1214.82,4859.28
1410,2024-07-13 19:16:15.795159032,Sports,1,599.26,599.26
1118,2024-07-13 22:46:32.718543708,Sports,3,2132.35,6397.05
1324,2024-07-14 02:16:49.641928386,Electronics,3,4297.2,12891.6
1275,2024-07-14 05:47:06.565313062,Beauty,1,3637.13,3637.13
1212,2024-07-14 09:17:23.488697740,Electronics,1,4431.07,4431.07
1225,2024-07-14 12:47:40.412082416,Sports,2,3117.3,6234.6
1020,2024-07-14 16:17:57.335467094,Clothing,4,738.61,2954.44
1113,2024-07-14 19:48:14.258851770,Clothing,1,662.5,662.5
1140,2024-07-14 23:18:31.182236448,Electronics,1,335.21,335.21
1047,2024-07-15 02:48:48.105621124,Sports,2,2878.69,5757.38
1001,2024-07-15 06:19:05.029005802,Clothing,2,1290.14,2580.28
1090,2024-07-15 09:49:21.952390478,Sports,5,3698.48,18492.4
1142,2024-07-15 13:19:38.875775156,Clothing,3,3462.62,10387.86
1320,2024-07-15 16:49:55.799159832,Sports,4,1658.74,6634.96
1038,2024-07-15 20:20:12.722544510,Home,5,966.33,4831.65
1293,2024-07-15 23:50:29.645929186,Sports,1,601.76,601.76
1382,2024-07-16 03:20:46.569313862,Sports,2,3712.84,7425.68
1139,2024-07-16 06:51:03.492698540,Electronics,3,2307.16,6921.48
1356,2024-07-16 10:21:20.416083216,Home,5,1685.3,8426.5
1333,2024-07-16 13:51:37.339467894,Beauty,3,4297.6,12892.8
1491,2024-07-16 17:21:54.262852570,Electronics,2,3008.7,6017.4
1259,2024-07-16 20:52:11.186237248,Beauty,5,2638.21,13191.05
1161,2024-07-17 00:22:28.109621924,Clothing,5,3742.56,18712.8
1390,2024-07-17 03:52:45.033006602,Beauty,3,4096.36,12289.08
1178,2024-07-17 07:23:01.956391278,Sports,2,3461.76,6923.52
1010,2024-07-17 10:53:18.879775956,Beauty,1,2256.03,2256.03
1261,2024-07-17 14:23:35.803160632,Electronics,5,1958.56,9792.8
1407,2024-07-17 17:53:52.726545310,Electronics,1,3881.16,3881.16
1138,2024-07-17 21:24:09.649929986,Beauty,2,2637.75,5275.5
1172,2024-07-18 00:54:26.573314664,Electronics,5,3551.49,17757.45
1386,2024-07-18 04:24:43.496699340,Electronics,5,4462.95,22314.75
1013,2024-07-18 07:55:00.420084018,Beauty,1,4587.86,4587.86
1168,2024-07-18 11:25:17.343468694,Home,4,1460.81,5843.24
1130,2024-07-18 14:55:34.266853370,Home,1,1020.66,1020.66
1084,2024-07-18 18:25:51.190238048,Clothing,1,1380.31,1380.31
1321,2024-07-18 21:56:08.113622724,Electronics,4,3781.72,15126.88
1319,2024-07-19 01:26:25.037007402,Beauty,2,1913.28,3826.56
1101,2024-07-19 04:56:41.960392078,Electronics,2,949.61,1899.22
1329,2024-07-19 08:26:58.883776756,Sports,5,582.09,2910.45
1273,2024-07-19 11:57:15.807161432,Electronics,3,1703.83,5111.49
1265,2024-07-19 15:27:32.730546110,Electronics,3,767.07,2301.21
1459,2024-07-19 18:57:49.653930786,Home,5,866.23,4331.15
1399,2024-07-19 22:28:06.577315464,Beauty,3,3451.03,10353.09
1408,2024-07-20 01:58:23.500700140,Electronics,1,196.69,196.69
1038,2024-07-20 05:28:40.424084818,Home,1,676.01,676.01
1419,2024-07-20 08:58:57.347469494,Clothing,4,4237.39,16949.56
1094,2024-07-20 12:29:14.270854172,Home,4,4240.08,16960.32
1095,2024-07-20 15:59:31.194238848,Home,5,1713.29,8566.45
1305,2024-07-20 19:29:48.117623524,Home,5,530.97,2654.85
1069,2024-07-20 23:00:05.041008202,Electronics,5,3554.35,17771.75
1318,2024-07-21 02:30:21.964392878,Electronics,1,1864.65,1864.65
1444,2024-07-21 06:00:38.887777556,Clothing,3,322.78,968.34
1236,2024-07-21 09:30:55.811162232,Sports,5,873.35,4366.75
1434,2024-07-21 13:01:12.734546910,Sports,5,772.35,3861.75
1334,2024-07-21 16:31:29.657931586,Sports,1,2986.67,2986.67
1373,2024-07-21 20:01:46.581316264,Clothing,1,4500.78,4500.78
1376,2024-07-21 23:32:03.504700940,Sports,1,3986.05,3986.05
1459,2024-07-22 03:02:20.428085618,Sports,3,2777.93,8333.79
1137,2024-07-22 06:32:37.351470294,Home,5,2168.56,10842.8
1418,2024-07-22 10:02:54.274854972,Electronics,2,3131.52,6263.04
1076,2024-07-22 13:33:11.198239648,Electronics,2,2274.68,4549.36
1483,2024-07-22 17:03:28.121624326,Home,5,1305.89,6529.45
1035,2024-07-22 20:33:45.045009002,Home,5,3428.07,17140.35
1001,2024-07-23 00:04:01.968393678,Home,5,4378.9,21894.5
1296,2024-07-23 03:34:18.891778356,Electronics,5,1927.06,9635.3
1320,2024-07-23 07:04:35.815163032,Sports,3,4223.54,12670.62
1406,2024-07-23 10:34:52.738547710,Home,2,2212.3,4424.6
1060,2024-07-23 14:05:09.661932386,Clothing,4,2066.55,8266.2
1320,2024-07-23 17:35:26.585317064,Home,2,238.79,477.58
1349,2024-07-23 21:05:43.508701740,Beauty,2,3506.87,7013.74
1328,2024-07-24 00:36:00.432086418,Home,1,4056.76,4056.76
1267,2024-07-24 04:06:17.355471094,Electronics,5,3351.43,16757.15
1361,2024-07-24 07:36:34.278855772,Home,5,841.67,4208.35
1229,2024-07-24 11:06:51.202240448,Beauty,5,606.14,3030.7
1270,2024-07-24 14:37:08.125625126,Clothing,1,2907.01,2907.01
1316,2024-07-24 18:07:25.049009802,Sports,3,2067.43,6202.29
1286,2024-07-24 21:37:41.972394480,Home,3,2202.58,6607.74
1291,2024-07-25 01:07:58.895779156,Beauty,4,4842.22,19368.88
1213,2024-07-25 04:38:15.819163832,Beauty,3,3647.22,10941.66
1165,2024-07-25 08:08:32.742548510,Clothing,3,2117.76,6353.28
1005,2024-07-25 11:38:49.665933186,Electronics,5,193.59,967.95
1339,2024-07-25 15:09:06.589317864,Home,2,267.07,534.14
1379,2024-07-25 18:39:23.512702540,Beauty,3,3455.54,10366.62
1078,2024-07-25 22:09:40.436087218,Clothing,3,4204.92,12614.76
1410,2024-07-26 01:39:57.359471894,Sports,1,3567.74,3567.74
1062,2024-07-26 05:10:14.282856572,Beauty,4,2088.85,8355.4
1132,2024-07-26 08:40:31.206241248,Clothing,1,252.57,252.57
1089,2024-07-26 12:10:48.129625926,Electronics,5,4840.27,24201.35
1237,2024-07-26 15:41:05.053010602,Electronics,2,4933.05,9866.1
1042,2024-07-26 19:11:21.976395280,Beauty,4,2791.89,11167.56
1089,2024-07-26 22:41:38.899779956,Beauty,1,446.29,446.29
1402,2024-07-27 02:11:55.823164634,Home,3,2750.77,8252.31
1296,2024-07-27 05:42:12.746549310,Clothing,3,4472.46,13417.38
1328,2024-07-27 09:12:29.669933988,Beauty,4,3431.93,13727.72
1295,2024-07-27 12:42:46.593318664,Home,3,3627.95,10883.85
1104,2024-07-27 16:13:03.516703340,Home,1,516.35,516.35
1014,2024-07-27 19:43:20.440088016,Beauty,1,621.91,621.91
1288,2024-07-27 23:13:37.363472696,Electronics,3,724.01,2172.03
1179,2024-07-28 02:43:54.286857372,Clothing,3,4531.45,13594.35
1125,2024-07-28 06:14:11.210242048,Clothing,5,2676.66,13383.3
1422,2024-07-28 09:44:28.133626724,Electronics,2,3978.72,7957.44
1353,2024-07-28 13:14:45.057011404,Beauty,4,664.93,2659.72
1023,2024-07-28 16:45:01.980396080,Clothing,1,4645.45,4645.45
1063,2024-07-28 20:15:18.903780756,Beauty,4,4123.6,16494.4
1143,2024-07-28 23:45:35.827165432,Beauty,5,1201.34,6006.7
1481,2024-07-29 03:15:52.750550112,Home,1,4383.49,4383.49
1153,2024-07-29 06:46:09.673934788,Electronics,5,1390.87,6954.35
1145,2024-07-29 10:16:26.597319464,Beauty,5,1106.17,5530.85
1225,2024-07-29 13:46:43.520704140,Sports,3,1394.8,4184.4
1495,2024-07-29 17:17:00.444088816,Electronics,4,4558.78,18235.12
1450,2024-07-29 20:47:17.367473496,Clothing,4,4586.4,18345.6
1462,2024-07-30 00:17:34.290858172,Home,3,1712.08,5136.24
1309,2024-07-30 03:47:51.214242848,Clothing,4,3556.63,14226.52
1104,2024-07-30 07:18:08.137627524,Clothing,3,3411.15,10233.45
1104,2024-07-30 10:48:25.061012204,Electronics,1,4052.16,4052.16
1435,2024-07-30 14:18:41.984396880,Clothing,5,1552.9,7764.5
1039,2024-07-30 17:48:58.907781556,Beauty,5,2599.68,12998.4
1435,2024-07-30 21:19:15.831166232,Clothing,4,3371.6,13486.4
1198,2024-07-31 00:49:32.754550912,Home,2,228.66,457.32
1134,2024-07-31 04:19:49.677935588,Home,5,1946.02,9730.1
1067,2024-07-31 07:50:06.601320264,Sports,3,3509.85,10529.55
1391,2024-07-31 11:20:23.524704940,Home,2,1337.72,2675.44
1179,2024-07-31 14:50:40.448089620,Clothing,2,4792.75,9585.5
1456,2024-07-31 18:20:57.371474296,Home,5,247.79,1238.95
1042,2024-07-31 21:51:14.294858972,Electronics,5,4794.63,23973.15
1448,2024-08-01 01:21:31.218243648,Home,5,1162.14,5810.7
1500,2024-08-01 04:51:48.141628324,Beauty,3,339.23,1017.69
1015,2024-08-01 08:22:05.065013004,Electronics,2,1533.12,3066.24
1111,2024-08-01 11:52:21.988397680,Sports,4,3952.78,15811.12
1157,2024-08-01 15:22:38.911782356,Beauty,3,3786.97,11360.91
1289,2024-08-01 18:52:55.835167032,Clothing,1,1123.32,1123.32
1500,2024-08-01 22:23:12.758551712,Clothing,5,1064.27,5321.35
1478,2024-08-02 01:53:29.681936388,Clothing,2,3248.64,6497.28
1231,2024-08-02 05:23:46.605321064,Beauty,3,2344.61,7033.83
1411,2024-08-02 08:54:03.528705740,Beauty,1,3982.22,3982.22
1420,2024-08-02 12:24:20.452090420,Beauty,3,218.25,654.75
1157,2024-08-02 15:54:37.375475096,Electronics,3,3091.02,9273.06
1038,2024-08-02 19:24:54.298859772,Electronics,4,3680.29,14721.16
1441,2024-08-02 22:55:11.222244448,Clothing,4,4967.59,19870.36
1097,2024-08-03 02:25:28.145629128,Home,3,3426.03,10278.09
1485,2024-08-03 05:55:45.069013804,Clothing,1,1236.04,1236.04
1411,2024-08-03 09:26:01.992398480,Sports,2,630.11,1260.22
1439,2024-08-03 12:56:18.915783156,Electronics,2,3240.49,6480.98
1289,2024-08-03 16:26:35.839167832,Beauty,5,2663.6,13318.0
1254,2024-08-03 19:56:52.762552512,Electronics,5,4505.81,22529.05
1196,2024-08-03 23:27:09.685937188,Beauty,2,3660.38,7320.76
1086,2024-08-04 02:57:26.609321864,Sports,3,2597.74,7793.22
1322,2024-08-04 06:27:43.532706540,Sports,3,2077.59,6232.77
1010,2024-08-04 09:58:00.456091220,Electronics,4,2081.44,8325.76
1005,2024-08-04 13:28:17.379475896,Beauty,4,1208.89,4835.56
1123,2024-08-04 16:58:34.302860572,Sports,5,184.9,924.5
1330,2024-08-04 20:28:51.226245248,Clothing,2,2917.06,5834.12
1353,2024-08-04 23:59:08.149629928,Clothing,3,1140.83,3422.49
1118,2024-08-05 03:29:25.073014604,Beauty,2,1120.8,2241.6
1294,2024-08-05 06:59:41.996399280,Electronics,1,714.37,714.37
1397,2024-08-05 10:29:58.919783956,Sports,2,1029.02,2058.04
1159,2024-08-05 14:00:15.843168632,Electronics,1,255.77,255.77
1303,2024-08-05 17:30:32.766553312,Clothing,4,3403.73,13614.92
1228,2024-08-05 21:00:49.689937988,Sports,4,2066.85,8267.4
1365,2024-08-06 00:31:06.613322664,Electronics,5,2851.47,14257.35
1216,2024-08-06 04:01:23.536707340,Home,2,3221.09,6442.18
1436,2024-08-06 07:31:40.460092020,Beauty,2,4865.17,9730.34
1184,2024-08-06 11:01:57.383476696,Beauty,1,434.5,434.5
1015,2024-08-06 14:32:14.306861372,Home,4,2147.8,8591.2
1157,2024-08-06 18:02:31.230246048,Clothing,1,1304.9,1304.9
1136,2024-08-06 21:32:48.153630728,Sports,4,2435.89,9743.56
1261,2024-08-07 01:03:05.077015404,Beauty,1,4610.31,4610.31
1157,2024-08-07 04:33:22.000400080,Home,4,3647.52,14590.08
1047,2024-08-07 08:03:38.923784756,Home,1,3343.55,3343.55
1324,2024-08-07 11:33:55.847169436,Clothing,4,2262.1,9048.4
1332,2024-08-07 15:04:12.770554112,Clothing,1,3388.45,3388.45
1173,2024-08-07 18:34:29.693938788,Electronics,2,258.64,517.28
1130,2024-08-07 22:04:46.617323464,Beauty,5,2972.57,14862.85
1411,2024-08-08 01:35:03.540708140,Electronics,1,2813.51,2813.51
1095,2024-08-08 05:05:20.464092820,Home,5,1798.54,8992.7
1115,2024-08-08 08:35:37.387477496,Sports,2,1087.42,2174.84
1243,2024-08-08 12:05:54.310862172,Sports,2,4057.02,8114.04
1420,2024-08-08 15:36:11.234246848,Clothing,4,363.92,1455.68
1292,2024-08-08 19:06:28.157631528,Sports,5,441.4,2207.0
1282,2024-08-08 22:36:45.081016204,Sports,3,2258.56,6775.68
1299,2024-08-09 02:07:02.004400880,Sports,4,1337.52,5350.08
1283,2024-08-09 05:37:18.927785556,Home,5,3752.72,18763.6
1069,2024-08-09 09:07:35.851170236,Sports,1,3207.53,3207.53
1148,2024-08-09 12:37:52.774554912,Sports,1,3885.42,3885.42
1011,2024-08-09 16:08:09.697939588,Sports,2,1690.93,3381.86
1254,2024-08-09 19:38:26.621324264,Electronics,3,3728.54,11185.62
1330,2024-08-09 23:08:43.544708944,Home,1,4325.29,4325.29
1360,2024-08-10 02:39:00.468093620,Clothing,5,1791.85,8959.25
1038,2024-08-10 06:09:17.391478296,Electronics,5,1765.49,8827.45
1134,2024-08-10 09:39:34.314862972,Beauty,1,4509.76,4509.76
1200,2024-08-10 13:09:51.238247648,Home,5,343.97,1719.85
1023,2024-08-10 16:40:08.161632328,Home,5,1815.93,9079.65
1303,2024-08-10 20:10:25.085017004,Beauty,2,681.5,1363.0
1346,2024-08-10 23:40:42.008401680,Beauty,3,242.0,726.0
1302,2024-08-11 03:10:58.931786356,Beauty,2,653.06,1306.12
1363,2024-08-11 06:41:15.855171036,Clothing,3,2213.1,6639.3
1396,2024-08-11 10:11:32.778555712,Sports,5,3466.08,17330.4
1218,2024-08-11 13:41:49.701940388,Home,3,1517.48,4552.44
1141,2024-08-11 17:12:06.625325064,Sports,5,4263.41,21317.05
1104,2024-08-11 20:42:23.548709744,Sports,5,2244.32,11221.6
1446,2024-08-12 00:12:40.472094420,Beauty,2,4844.32,9688.64
1210,2024-08-12 03:42:57.395479096,Clothing,2,4775.36,9550.72
1473,2024-08-12 07:13:14.318863772,Electronics,4,3889.05,15556.2
1481,2024-08-12 10:43:31.242248448,Clothing,1,4668.79,4668.79
1111,2024-08-12 14:13:48.165633128,Sports,4,3564.77,14259.08
1104,2024-08-12 17:44:05.089017804,Clothing,4,4488.36,17953.44
1316,2024-08-12 21:14:22.012402480,Beauty,3,1258.72,3776.16
1171,2024-08-13 00:44:38.935787156,Electronics,5,1792.56,8962.8
1460,2024-08-13 04:14:55.859171836,Beauty,5,3789.36,18946.8
1492,2024-08-13 07:45:12.782556512,Electronics,5,2180.35,10901.75
1356,2024-08-13 11:15:29.705941188,Sports,1,4202.9,4202.9
1496,2024-08-13 14:45:46.629325864,Electronics,3,4400.43,13201.29
1324,2024-08-13 18:16:03.552710544,Electronics,3,1568.67,4706.01
1133,2024-08-13 21:46:20.476095220,Electronics,5,4134.91,20674.55
1376,2024-08-14 01:16:37.399479896,Clothing,4,855.89,3423.56
1293,2024-08-14 04:46:54.322864572,Clothing,1,1737.56,1737.56
1328,2024-08-14 08:17:11.246249252,Sports,4,2638.03,10552.12
1127,2024-08-14 11:47:28.169633928,Electronics,2,1209.57,2419.14
1106,2024-08-14 15:17:45.093018604,Home,3,2938.41,8815.23
1497,2024-08-14 18:48:02.016403280,Sports,3,2935.61,8806.83
1092,2024-08-14 22:18:18.939787956,Electronics,4,1113.82,4455.28
1287,2024-08-15 01:48:35.863172636,Electronics,1,3998.64,3998.64
1378,2024-08-15 05:18:52.786557312,Clothing,3,3195.06,9585.18
1393,2024-08-15 08:49:09.709941988,Sports,4,1657.03,6628.12
1051,2024-08-15 12:19:26.633326664,Electronics,1,1237.71,1237.71
1029,2024-08-15 15:49:43.556711344,Electronics,4,4405.88,17623.52
1462,2024-08-15 19:20:00.480096020,Sports,1,4195.14,4195.14
1296,2024-08-15 22:50:17.403480696,Home,5,1225.83,6129.15
1297,2024-08-16 02:20:34.326865372,Sports,1,274.47,274.47
1214,2024-08-16 05:50:51.250250052,Sports,2,4042.21,8084.42
1267,2024-08-16 09:21:08.173634728,Home,5,3115.99,15579.95
1407,2024-08-16 12:51:25.097019404,Sports,4,594.32,2377.28
1257,2024-08-16 16:21:42.020404080,Electronics,5,2978.06,14890.3
1302,2024-08-16 19:51:58.943788760,Sports,5,2315.7,11578.5
1101,2024-08-16 23:22:15.867173436,Home,4,3895.3,15581.2
1405,2024-08-17 02:52:32.790558112,Beauty,4,1124.52,4498.08
1346,2024-08-17 06:22:49.713942788,Sports,2,2320.47,4640.94
1110,2024-08-17 09:53:06.637327464,Clothing,4,865.6,3462.4
1420,2024-08-17 13:23:23.560712144,Electronics,3,4791.88,14375.64
1182,2024-08-17 16:53:40.484096820,Electronics,3,3915.82,11747.46
1471,2024-08-17 20:23:57.407481496,Clothing,2,3709.94,7419.88
1313,2024-08-17 23:54:14.330866172,Clothing,1,3482.01,3482.01
1001,2024-08-18 03:24:31.254250852,Sports,1,2174.35,2174.35
1319,2024-08-18 06:54:48.177635528,Clothing,3,4624.08,13872.24
1438,2024-08-18 10:25:05.101020204,Beauty,4,457.29,1829.16
1055,2024-08-18 13:55:22.024404880,Home,2,4035.97,8071.94
1371,2024-08-18 17:25:38.947789560,Clothing,1,1154.64,1154.64
1424,2024-08-18 20:55:55.871174236,Clothing,1,1687.74,1687.74
1399,2024-08-19 00:26:12.794558912,Beauty,5,2645.21,13226.05
1149,2024-08-19 03:56:29.717943588,Electronics,3,3935.01,11805.03
1431,2024-08-19 07:26:46.641328264,Electronics,4,4208.82,16835.28
1457,2024-08-19 10:57:03.564712944,Sports,2,2960.29,5920.58
1309,2024-08-19 14:27:20.488097620,Beauty,1,2074.87,2074.87
1137,2024-08-19 17:57:37.411482296,Home,5,4737.86,23689.3
1202,2024-08-19 21:27:54.334866972,Home,3,1307.95,3923.85
1436,2024-08-20 00:58:11.258251652,Beauty,3,4035.16,12105.48
1313,2024-08-20 04:28:28.181636328,Home,2,3099.04,6198.08
1117,2024-08-20 07:58:45.105021004,Electronics,1,1946.79,1946.79
1154,2024-08-20 11:29:02.028405680,Home,2,106.7,213.4
1425,2024-08-20 14:59:18.951790360,Home,2,2288.34,4576.68
1291,2024-08-20 18:29:35.875175036,Beauty,5,1455.93,7279.65
1063,2024-08-20 21:59:52.798559712,Beauty,3,611.3,1833.9
1244,2024-08-21 01:30:09.721944388,Home,4,468.28,1873.12
1025,2024-08-21 05:00:26.645329068,Clothing,3,1803.04,5409.12
1090,2024-08-21 08:30:43.568713744,Beauty,3,3112.31,9336.93
1075,2024-08-21 12:01:00.492098420,Sports,5,4203.84,21019.2
1294,2024-08-21 15:31:17.415483096,Sports,4,999.46,3997.84
1386,2024-08-21 19:01:34.338867772,Electronics,1,2180.76,2180.76
1391,2024-08-21 22:31:51.262252452,Home,4,2020.59,8082.36
1210,2024-08-22 02:02:08.185637128,Clothing,1,2615.63,2615.63
1475,2024-08-22 05:32:25.109021804,Electronics,4,4066.98,16267.92
1418,2024-08-22 09:02:42.032406480,Home,2,2812.86,5625.72
1347,2024-08-22 12:32:58.955791160,Beauty,4,4248.61,16994.44
1017,2024-08-22 16:03:15.879175836,Sports,5,2640.9,13204.5
1128,2024-08-22 19:33:32.802560512,Clothing,1,3058.85,3058.85
1427,2024-08-22 23:03:49.725945188,Sports,3,2243.18,6729.54
1443,2024-08-23 02:34:06.649329868,Beauty,5,4133.17,20665.85
1364,2024-08-23 06:04:23.572714544,Home,1,4626.75,4626.75
1251,2024-08-23 09:34:40.496099220,Beauty,1,3231.81,3231.81
1179,2024-08-23 13:04:57.419483896,Beauty,3,4121.83,12365.49
1182,2024-08-23 16:35:14.342868572,Sports,2,389.12,778.24
1152,2024-08-23 20:05:31.266253252,Clothing,5,4539.95,22699.75
1025,2024-08-23 23:35:48.189637928,Beauty,3,1025.73,3077.19
1455,2024-08-24 03:06:05.113022604,Sports,3,1356.95,4070.85
1180,2024-08-24 06:36:22.036407280,Clothing,2,361.32,722.64
1198,2024-08-24 10:06:38.959791960,Home,5,4830.46,24152.3
1344,2024-08-24 13:36:55.883176636,Home,3,4274.85,12824.55
1161,2024-08-24 17:07:12.806561312,Electronics,2,4574.6,9149.2
1177,2024-08-24 20:37:29.729945988,Sports,5,4251.36,21256.8
1285,2024-08-25 00:07:46.653330668,Clothing,4,2449.7,9798.8
1063,2024-08-25 03:38:03.576715344,Beauty,1,4628.0,4628.0
1491,2024-08-25 07:08:20.500100020,Home,2,4850.42,9700.84
1150,2024-08-25 10:38:37.423484696,Clothing,1,2562.58,2562.58
1154,2024-08-25 14:08:54.346869376,Sports,4,960.56,3842.24
1156,2024-08-25 17:39:11.270254052,Electronics,3,3327.25,9981.75
1370,2024-08-25 21:09:28.193638728,Home,3,4879.65,14638.95
1469,2024-08-26 00:39:45.117023404,Clothing,5,4373.52,21867.6
1049,2024-08-26 04:10:02.040408080,Clothing,2,4322.89,8645.78
1455,2024-08-26 07:40:18.963792760,Clothing,2,4675.71,9351.42
1337,2024-08-26 11:10:35.887177436,Sports,5,4480.37,22401.85
1084,2024-08-26 14:40:52.810562112,Sports,1,3903.78,3903.78
1361,2024-08-26 18:11:09.733946788,Sports,3,3619.54,10858.62
1177,2024-08-26 21:41:26.657331468,Beauty,3,1397.36,4192.08
1148,2024-08-27 01:11:43.580716144,Clothing,2,3144.57,6289.14
1118,2024-08-27 04:42:00.504100820,Home,2,2655.29,5310.58
1342,2024-08-27 08:12:17.427485496,Sports,5,4323.53,21617.65
1476,2024-08-27 11:42:34.350870176,Sports,4,2509.39,10037.56
1063,2024-08-27 15:12:51.274254852,Clothing,1,725.94,725.94
1189,2024-08-27 18:43:08.197639528,Sports,4,124.37,497.48
1360,2024-08-27 22:13:25.121024204,Beauty,4,3421.58,13686.32
1049,2024-08-28 01:43:42.044408884,Beauty,2,2794.55,5589.1
1327,2024-08-28 05:13:58.967793560,Sports,2,1721.72,3443.44
1257,2024-08-28 08:44:15.891178236,Clothing,2,927.96,1855.92
1224,2024-08-28 12:14:32.814562912,Clothing,4,2386.91,9547.64
1141,2024-08-28 15:44:49.737947588,Clothing,1,591.4,591.4
1478,2024-08-28 19:15:06.661332268,Electronics,2,1746.93,3493.86
1215,2024-08-28 22:45:23.584716944,Sports,3,1958.14,5874.42
1435,2024-08-29 02:15:40.508101620,Clothing,1,2381.53,2381.53
1379,2024-08-29 05:45:57.431486296,Beauty,3,2386.44,7159.32
1440,2024-08-29 09:16:14.354870976,Home,1,1359.33,1359.33
1211,2024-08-29 12:46:31.278255652,Home,2,4266.03,8532.06
1318,2024-08-29 16:16:48.201640328,Clothing,5,1842.16,9210.8
1032,2024-08-29 19:47:05.125025004,Home,2,1224.98,2449.96
1158,2024-08-29 23:17:22.048409684,Home,4,961.47,3845.88
1285,2024-08-30 02:47:38.971794360,Electronics,4,1680.63,6722.52
1305,2024-08-30 06:17:55.895179036,Beauty,1,431.01,431.01
1429,2024-08-30 09:48:12.818563712,Beauty,4,261.25,1045.0
1477,2024-08-30 13:18:29.741948388,Electronics,2,3065.2,6130.4
1286,2024-08-30 16:48:46.665333068,Electronics,3,3133.82,9401.46
1144,2024-08-30 20:19:03.588717744,Home,2,2694.98,5389.96
1424,2024-08-30 23:49:20.512102420,Sports,1,3835.2,3835.2
1019,2024-08-31 03:19:37.435487096,Home,4,291.84,1167.36
1018,2024-08-31 06:49:54.358871776,Electronics,3,4686.27,14058.81
1257,2024-08-31 10:20:11.282256452,Beauty,5,565.82,2829.1
1078,2024-08-31 13:50:28.205641128,Home,3,3402.71,10208.13
1371,2024-08-31 17:20:45.129025804,Sports,3,753.64,2260.92
1175,2024-08-31 20:51:02.052410484,Home,2,4411.54,8823.08
1498,2024-09-01 00:21:18.975795160,Clothing,5,2602.5,13012.5
1194,2024-09-01 03:51:35.899179836,Home,1,503.24,503.24
1476,2024-09-01 07:21:52.822564512,Electronics,1,3121.95,3121.95
1113,2024-09-01 10:52:09.745949192,Beauty,3,144.64,433.92
1114,2024-09-01 14:22:26.669333868,Beauty,3,3902.51,11707.53
1222,2024-09-01 17:52:43.592718544,Electronics,4,3287.87,13151.48
1166,2024-09-01 21:23:00.516103220,Clothing,5,1141.86,5709.3
1435,2024-09-02 00:53:17.439487896,Electronics,3,1936.28,5808.84
1319,2024-09-02 04:23:34.362872576,Home,4,138.25,553.0
1132,2024-09-02 07:53:51.286257252,Electronics,5,3499.05,17495.25
1385,2024-09-02 11:24:08.209641928,Electronics,1,1681.07,1681.07
1264,2024-09-02 14:54:25.133026604,Clothing,4,2900.79,11603.16
1413,2024-09-02 18:24:42.056411284,Home,5,4787.97,23939.85
1055,2024-09-02 21:54:58.979795960,Sports,4,1567.39,6269.56
1359,2024-09-03 01:25:15.903180636,Sports,3,4952.17,14856.51
1131,2024-09-03 04:55:32.826565312,Beauty,2,3200.37,6400.74
1288,2024-09-03 08:25:49.749949992,Electronics,1,1286.23,1286.23
1266,2024-09-03 11:56:06.673334668,Beauty,3,2240.21,6720.63
1458,2024-09-03 15:26:23.596719344,Clothing,3,3728.22,11184.66
1467,2024-09-03 18:56:40.520104020,Sports,5,2287.74,11438.7
1366,2024-09-03 22:26:57.443488700,Electronics,4,435.69,1742.76
1162,2024-09-04 01:57:14.366873376,Clothing,1,926.16,926.16
1380,2024-09-04 05:27:31.290258052,Clothing,3,3977.36,11932.08
1481,2024-09-04 08:57:48.213642728,Electronics,5,3277.03,16385.15
1087,2024-09-04 12:28:05.137027404,Clothing,1,2892.14,2892.14
1055,2024-09-04 15:58:22.060412084,Electronics,4,921.35,3685.4
1476,2024-09-04 19:28:38.983796760,Electronics,3,4205.01,12615.03
1288,2024-09-04 22:58:55.907181436,Home,3,4807.63,14422.89
1178,2024-09-05 02:29:12.830566112,Beauty,3,300.35,901.05
1391,2024-09-05 05:59:29.753950792,Clothing,1,482.36,482.36
1349,2024-09-05 09:29:46.677335468,Clothing,1,4435.15,4435.15
1008,2024-09-05 13:00:03.600720144,Home,1,4096.21,4096.21
1321,2024-09-05 16:30:20.524104820,Home,1,3127.88,3127.88
1313,2024-09-05 20:00:37.447489500,Home,5,4730.33,23651.65
1247,2024-09-05 23:30:54.370874176,Sports,2,3267.51,6535.02
1323,2024-09-06 03:01:11.294258852,Sports,5,1158.33,5791.65
1472,2024-09-06 06:31:28.217643528,Sports,3,3670.35,11011.05
1471,2024-09-06 10:01:45.141028204,Electronics,5,3263.98,16319.9
1443,2024-09-06 13:32:02.064412884,Clothing,4,4930.15,19720.6
1255,2024-09-06 17:02:18.987797560,Beauty,1,1148.09,1148.09
1328,2024-09-06 20:32:35.911182236,Electronics,4,3029.64,12118.56
1054,2024-09-07 00:02:52.834566912,Clothing,4,3922.82,15691.28
1249,2024-09-07 03:33:09.757951592,Clothing,3,1761.02,5283.06
1239,2024-09-07 07:03:26.681336268,Home,1,1960.43,1960.43
1229,2024-09-07 10:33:43.604720944,Home,4,4450.72,17802.88
1067,2024-09-07 14:04:00.528105620,Electronics,3,2080.55,6241.65
1051,2024-09-07 17:34:17.451490300,Home,1,3161.19,3161.19
1097,2024-09-07 21:04:34.374874976,Clothing,2,4457.27,8914.54
1092,2024-09-08 00:34:51.298259652,Home,3,1128.15,3384.45
1495,2024-09-08 04:05:08.221644328,Sports,5,4911.2,24556.0
1264,2024-09-08 07:35:25.145029008,Home,1,3539.57,3539.57
1418,2024-09-08 11:05:42.068413684,Clothing,4,2531.0,10124.0
1291,2024-09-08 14:35:58.991798360,Electronics,4,2211.51,8846.04
1096,2024-09-08 18:06:15.915183036,Beauty,5,4776.39,23881.95
1088,2024-09-08 21:36:32.838567712,Home,5,1108.05,5540.25
1078,2024-09-09 01:06:49.761952392,Clothing,4,1627.25,6509.0
1288,2024-09-09 04:37:06.685337068,Beauty,1,1608.18,1608.18
1120,2024-09-09 08:07:23.608721744,Beauty,3,1516.13,4548.39
1302,2024-09-09 11:37:40.532106420,Sports,5,2395.84,11979.2
1491,2024-09-09 15:07:57.455491100,Beauty,5,4946.98,24734.9
1400,2024-09-09 18:38:14.378875776,Clothing,5,4455.06,22275.3
1452,2024-09-09 22:08:31.302260452,Clothing,2,1706.95,3413.9
1500,2024-09-10 01:38:48.225645128,Home,1,2172.06,2172.06
1165,2024-09-10 05:09:05.149029808,Home,1,3380.46,3380.46
1182,2024-09-10 08:39:22.072414484,Home,1,184.04,184.04
1469,2024-09-10 12:09:38.995799160,Beauty,1,4118.75,4118.75
1398,2024-09-10 15:39:55.919183836,Beauty,1,4411.01,4411.01
1223,2024-09-10 19:10:12.842568512,Sports,4,4300.28,17201.12
1311,2024-09-10 22:40:29.765953192,Home,5,1937.77,9688.85
1432,2024-09-11 02:10:46.689337868,Electronics,4,2363.8,9455.2
1466,2024-09-11 05:41:03.612722544,Sports,2,160.7,321.4
1007,2024-09-11 09:11:20.536107220,Electronics,3,2057.04,6171.12
1330,2024-09-11 12:41:37.459491900,Beauty,5,2356.09,11780.45
1263,2024-09-11 16:11:54.382876576,Sports,2,4544.17,9088.34
1161,2024-09-11 19:42:11.306261252,Sports,4,4480.54,17922.16
1151,2024-09-11 23:12:28.229645928,Clothing,3,4833.88,14501.64
1085,2024-09-12 02:42:45.153030608,Beauty,2,4437.01,8874.02
1147,2024-09-12 06:13:02.076415284,Beauty,3,140.18,420.54
1112,2024-09-12 09:43:18.999799960,Sports,2,3243.16,6486.32
1381,2024-09-12 13:13:35.923184636,Beauty,4,434.36,1737.44
1403,2024-09-12 16:43:52.846569316,Sports,3,1435.71,4307.13
1036,2024-09-12 20:14:09.769953992,Clothing,2,2933.71,5867.42
1285,2024-09-12 23:44:26.693338668,Sports,4,3533.01,14132.04
1188,2024-09-13 03:14:43.616723344,Beauty,5,3307.7,16538.5
1082,2024-09-13 06:45:00.540108020,Beauty,4,340.39,1361.56
1002,2024-09-13 10:15:17.463492700,Sports,4,607.66,2430.64
1385,2024-09-13 13:45:34.386877376,Sports,5,730.08,3650.4
1303,2024-09-13 17:15:51.310262052,Sports,4,547.93,2191.72
1197,2024-09-13 20:46:08.233646728,Home,5,973.35,4866.75
1404,2024-09-14 00:16:25.157031408,Beauty,5,3473.59,17367.95
1011,2024-09-14 03:46:42.080416084,Beauty,5,4171.1,20855.5
1234,2024-09-14 07:16:59.003800760,Home,2,2103.19,4206.38
1386,2024-09-14 10:47:15.927185436,Sports,3,3494.63,10483.89
1195,2024-09-14 14:17:32.850570116,Clothing,2,1080.08,2160.16
1471,2024-09-14 17:47:49.773954792,Sports,5,4869.07,24345.35
1119,2024-09-14 21:18:06.697339468,Sports,3,1814.99,5444.97
1396,2024-09-15 00:48:23.620724144,Home,3,4244.75,12734.25
1020,2024-09-15 04:18:40.544108824,Beauty,5,4732.3,23661.5
1261,2024-09-15 07:48:57.467493500,Sports,3,4337.1,13011.3
1293,2024-09-15 11:19:14.390878176,Beauty,3,428.63,1285.89
1422,2024-09-15 14:49:31.314262852,Electronics,2,3286.51,6573.02
1256,2024-09-15 18:19:48.237647528,Beauty,3,688.44,2065.32
1222,2024-09-15 21:50:05.161032208,Clothing,5,127.75,638.75
1393,2024-09-16 01:20:22.084416884,Clothing,1,353.74,353.74
1226,2024-09-16 04:50:39.007801560,Sports,1,4589.13,4589.13
1053,2024-09-16 08:20:55.931186236,Beauty,1,4551.47,4551.47
1428,2024-09-16 11:51:12.854570916,Sports,5,1206.54,6032.7
1355,2024-09-16 15:21:29.777955592,Home,1,2780.6,2780.6
1500,2024-09-16 18:51:46.701340268,Clothing,2,4779.64,9559.28
1342,2024-09-16 22:22:03.624724944,Sports,5,2533.86,12669.3
1364,2024-09-17 01:52:20.548109624,Home,5,2028.53,10142.65
1280,2024-09-17 05:22:37.471494300,Sports,5,2467.92,12339.6
1081,2024-09-17 08:52:54.394878976,Beauty,3,3972.06,11916.18
1202,2024-09-17 12:23:11.318263652,Beauty,3,2438.66,7315.98
1158,2024-09-17 15:53:28.241648328,Beauty,3,3938.06,11814.18
1120,2024-09-17 19:23:45.165033008,Beauty,4,2215.32,8861.28
1059,2024-09-17 22:54:02.088417684,Electronics,2,1334.83,2669.66
1494,2024-09-18 02:24:19.011802360,Home,5,1699.72,8498.6
1215,2024-09-18 05:54:35.935187036,Home,5,481.33,2406.65
1128,2024-09-18 09:24:52.858571716,Beauty,3,2537.17,7611.51
1224,2024-09-18 12:55:09.781956392,Electronics,5,825.74,4128.7
1209,2024-09-18 16:25:26.705341068,Beauty,5,4076.58,20382.9
1370,2024-09-18 19:55:43.628725744,Electronics,1,2160.89,2160.89
1115,2024-09-18 23:26:00.552110424,Beauty,5,3848.51,19242.55
1209,2024-09-19 02:56:17.475495100,Clothing,4,4776.86,19107.44
1014,2024-09-19 06:26:34.398879776,Clothing,3,4262.44,12787.32
1009,2024-09-19 09:56:51.322264452,Sports,2,4762.17,9524.34
1040,2024-09-19 13:27:08.245649132,Beauty,2,2882.89,5765.78
1450,2024-09-19 16:57:25.169033808,Home,1,910.09,910.09
1237,2024-09-19 20:27:42.092418484,Sports,2,4683.44,9366.88
1281,2024-09-19 23:57:59.015803160,Clothing,2,4355.67,8711.34
1359,2024-09-20 03:28:15.939187836,Beauty,3,4335.62,13006.86
1201,2024-09-20 06:58:32.862572516,Sports,3,3497.04,10491.12
1246,2024-09-20 10:28:49.785957192,Beauty,4,3162.09,12648.36
1278,2024-09-20 13:59:06.709341868,Clothing,1,172.15,172.15
1235,2024-09-20 17:29:23.632726544,Sports,2,3765.46,7530.92
1494,2024-09-20 20:59:40.556111224,Clothing,4,548.52,2194.08
1004,2024-09-21 00:29:57.479495900,Electronics,1,1372.78,1372.78
1154,2024-09-21 04:00:14.402880576,Clothing,2,2802.3,5604.6
1442,2024-09-21 07:30:31.326265252,Beauty,2,2313.49,4626.98
1029,2024-09-21 11:00:48.249649932,Home,3,177.29,531.87
1109,2024-09-21 14:31:05.173034608,Clothing,5,4137.53,20687.65
1098,2024-09-21 18:01:22.096419284,Home,1,4406.12,4406.12
1215,2024-09-21 21:31:39.019803960,Electronics,2,3441.18,6882.36
1293,2024-09-22 01:01:55.943188640,Sports,1,2751.23,2751.23
1075,2024-09-22 04:32:12.866573316,Sports,4,4807.62,19230.48
1326,2024-09-22 08:02:29.789957992,Home,4,687.79,2751.16
1146,2024-09-22 11:32:46.713342668,Sports,5,3715.76,18578.8
1128,2024-09-22 15:03:03.636727344,Clothing,2,728.97,1457.94
1341,2024-09-22 18:33:20.560112024,Home,3,1971.04,5913.12
1042,2024-09-22 22:03:37.483496700,Beauty,2,2968.87,5937.74
1356,2024-09-23 01:33:54.406881376,Clothing,1,3711.73,3711.73
1041,2024-09-23 05:04:11.330266052,Clothing,4,118.21,472.84
1422,2024-09-23 08:34:28.253650732,Clothing,1,1376.93,1376.93
1034,2024-09-23 12:04:45.177035408,Beauty,5,2737.18,13685.9
1017,2024-09-23 15:35:02.100420084,Electronics,4,2711.08,10844.32
1165,2024-09-23 19:05:19.023804760,Sports,3,3224.37,9673.11
1153,2024-09-23 22:35:35.947189440,Home,4,1588.88,6355.52
1486,2024-09-24 02:05:52.870574116,Electronics,2,2748.59,5497.18
1378,2024-09-24 05:36:09.793958792,Home,2,1029.96,2059.92
1076,2024-09-24 09:06:26.717343468,Sports,4,1015.67,4062.68
1087,2024-09-24 12:36:43.640728144,Beauty,5,2925.16,14625.8
1117,2024-09-24 16:07:00.564112824,Clothing,2,3458.82,6917.64
1362,2024-09-24 19:37:17.487497500,Clothing,2,689.96,1379.92
1342,2024-09-24 23:07:34.410882176,Beauty,3,701.67,2105.01
1469,2024-09-25 02:37:51.334266852,Electronics,4,2869.98,11479.92
1027,2024-09-25 06:08:08.257651532,Electronics,2,1423.47,2846.94
1313,2024-09-25 09:38:25.181036208,Home,5,2022.76,10113.8
1287,2024-09-25 13:08:42.104420884,Beauty,1,2063.67,2063.67
1134,2024-09-25 16:38:59.027805560,Electronics,4,974.91,3899.64
1219,2024-09-25 20:09:15.951190240,Beauty,3,106.44,319.32
1168,2024-09-25 23:39:32.874574916,Sports,2,4280.44,8560.88
1098,2024-09-26 03:09:49.797959592,Clothing,5,3603.51,18017.55
1268,2024-09-26 06:40:06.721344268,Clothing,4,3483.64,13934.56
1237,2024-09-26 10:10:23.644728948,Clothing,5,2777.88,13889.4
1309,2024-09-26 13:40:40.568113624,Beauty,5,3534.75,17673.75
1455,2024-09-26 17:10:57.491498300,Beauty,3,4684.87,14054.61
1394,2024-09-26 20:41:14.414882976,Home,4,3361.8,13447.2
1173,2024-09-27 00:11:31.338267652,Clothing,2,1398.95,2797.9
1401,2024-09-27 03:41:48.261652332,Home,3,2895.74,8687.22
1410,2024-09-27 07:12:05.185037008,Clothing,2,2267.39,4534.78
1469,2024-09-27 10:42:22.108421684,Home,1,2826.45,2826.45
1476,2024-09-27 14:12:39.031806360,Home,5,2636.29,13181.45
1190,2024-09-27 17:42:55.955191040,Sports,1,4308.0,4308.0
1122,2024-09-27 21:13:12.878575716,Home,5,3293.82,16469.1
1046,2024-09-28 00:43:29.801960392,Beauty,3,1024.92,3074.76
1064,2024-09-28 04:13:46.725345068,Home,2,408.78,817.56
1130,2024-09-28 07:44:03.648729748,Clothing,2,2179.38,4358.76
1310,2024-09-28 11:14:20.572114424,Home,3,176.49,529.47
1363,2024-09-28 14:44:37.495499100,Electronics,4,1659.66,6638.64
1193,2024-09-28 18:14:54.418883776,Clothing,1,1903.31,1903.31
1307,2024-09-28 21:45:11.342268452,Electronics,1,1940.39,1940.39
1181,2024-09-29 01:15:28.265653132,Clothing,2,4898.82,9797.64
1292,2024-09-29 04:45:45.189037808,Beauty,2,1589.11,3178.22
1371,2024-09-29 08:16:02.112422484,Beauty,2,1399.61,2799.22
1282,2024-09-29 11:46:19.035807160,Beauty,3,733.97,2201.91
1029,2024-09-29 15:16:35.959191840,Electronics,4,2603.94,10415.76
1149,2024-09-29 18:46:52.882576516,Sports,1,853.0,853.0
1267,2024-09-29 22:17:09.805961192,Clothing,5,3119.84,15599.2
1296,2024-09-30 01:47:26.729345868,Beauty,3,860.28,2580.84
1011,2024-09-30 05:17:43.652730548,Clothing,1,2925.7,2925.7
1164,2024-09-30 08:48:00.576115224,Electronics,4,4148.72,16594.88
1113,2024-09-30 12:18:17.499499900,Sports,3,308.37,925.11
1187,2024-09-30 15:48:34.422884576,Electronics,1,2156.76,2156.76
1295,2024-09-30 19:18:51.346269256,Clothing,3,2359.14,7077.42
1232,2024-09-30 22:49:08.269653932,Sports,1,3976.25,3976.25
1227,2024-10-01 02:19:25.193038608,Sports,1,2392.79,2392.79
1310,2024-10-01 05:49:42.116423284,Electronics,4,2880.93,11523.72
1098,2024-10-01 09:19:59.039807960,Beauty,5,3976.9,19884.5
1055,2024-10-01 12:50:15.963192640,Clothing,4,2842.82,11371.28
1111,2024-10-01 16:20:32.886577316,Home,1,1855.67,1855.67
1152,2024-10-01 19:50:49.809961992,Home,3,520.63,1561.89
1246,2024-10-01 23:21:06.733346668,Electronics,4,3676.59,14706.36
1406,2024-10-02 02:51:23.656731348,Clothing,5,4368.58,21842.9
1069,2024-10-02 06:21:40.580116024,Clothing,1,4853.32,4853.32
1312,2024-10-02 09:51:57.503500700,Electronics,4,4640.34,18561.36
1289,2024-10-02 13:22:14.426885376,Clothing,4,4007.35,16029.4
1250,2024-10-02 16:52:31.350270056,Beauty,4,3253.01,13012.04
1036,2024-10-02 20:22:48.273654732,Electronics,4,3929.15,15716.6
1239,2024-10-02 23:53:05.197039408,Beauty,3,2217.21,6651.63
1148,2024-10-03 03:23:22.120424084,Clothing,5,3014.4,15072.0
1467,2024-10-03 06:53:39.043808764,Electronics,5,1808.63,9043.15
1227,2024-10-03 10:23:55.967193440,Clothing,1,1700.88,1700.88
1244,2024-10-03 13:54:12.890578116,Electronics,2,3807.79,7615.58
1491,2024-10-03 17:24:29.813962792,Clothing,3,2324.27,6972.81
1337,2024-10-03 20:54:46.737347468,Beauty,1,1139.59,1139.59
1446,2024-10-04 00:25:03.660732148,Beauty,1,1089.5,1089.5
1365,2024-10-04 03:55:20.584116824,Clothing,4,4309.94,17239.76
1491,2024-10-04 07:25:37.507501500,Electronics,2,3421.03,6842.06
1482,2024-10-04 10:55:54.430886176,Home,2,2775.63,5551.26
1201,2024-10-04 14:26:11.354270856,Beauty,3,2064.6,6193.8
1154,2024-10-04 17:56:28.277655532,Beauty,2,2211.01,4422.02
1450,2024-10-04 21:26:45.201040208,Home,1,381.43,381.43
1073,2024-10-05 00:57:02.124424884,Clothing,2,2329.06,4658.12
1201,2024-10-05 04:27:19.047809564,Electronics,2,3997.73,7995.46
1296,2024-10-05 07:57:35.971194240,Clothing,5,2001.13,10005.65
1017,2024-10-05 11:27:52.894578916,Sports,1,1979.55,1979.55
1129,2024-10-05 14:58:09.817963592,Beauty,2,177.01,354.02
1217,2024-10-05 18:28:26.741348268,Sports,2,2343.39,4686.78
1061,2024-10-05 21:58:43.664732948,Beauty,4,224.15,896.6
1427,2024-10-06 01:29:00.588117624,Beauty,2,2894.71,5789.42
1104,2024-10-06 04:59:17.511502300,Sports,2,2583.24,5166.48
1042,2024-10-06 08:29:34.434886976,Sports,5,4216.04,21080.2
1025,2024-10-06 11:59:51.358271656,Clothing,1,2950.72,2950.72
1039,2024-10-06 15:30:08.281656332,Sports,3,1684.79,5054.37
1291,2024-10-06 19:00:25.205041008,Clothing,1,2629.53,2629.53
1131,2024-10-06 22:30:42.128425684,Clothing,4,3528.56,14114.24
1498,2024-10-07 02:00:59.051810364,Clothing,1,560.42,560.42
1229,2024-10-07 05:31:15.975195040,Beauty,2,3143.26,6286.52
1108,2024-10-07 09:01:32.898579716,Beauty,4,4591.47,18365.88
1172,2024-10-07 12:31:49.821964392,Sports,1,1565.74,1565.74
1435,2024-10-07 16:02:06.745349072,Beauty,4,3170.46,12681.84
1478,2024-10-07 19:32:23.668733748,Sports,3,4124.51,12373.53
1102,2024-10-07 23:02:40.592118424,Beauty,1,2607.85,2607.85
1354,2024-10-08 02:32:57.515503100,Electronics,2,3618.1,7236.2
1012,2024-10-08 06:03:14.438887776,Electronics,4,1623.95,6495.8
1275,2024-10-08 09:33:31.362272456,Sports,5,1599.69,7998.45
1101,2024-10-08 13:03:48.285657132,Beauty,4,3371.16,13484.64
1044,2024-10-08 16:34:05.209041808,Beauty,5,3556.5,17782.5
1443,2024-10-08 20:04:22.132426484,Clothing,2,4691.35,9382.7
1305,2024-10-08 23:34:39.055811164,Home,3,1201.71,3605.13
1445,2024-10-09 03:04:55.979195840,Sports,5,2394.27,11971.35
1017,2024-10-09 06:35:12.902580516,Home,3,1327.52,3982.56
1330,2024-10-09 10:05:29.825965192,Home,4,492.45,1969.8
1057,2024-10-09 13:35:46.749349872,Sports,2,2075.83,4151.66
1311,2024-10-09 17:06:03.672734548,Beauty,5,1933.0,9665.0
1497,2024-10-09 20:36:20.596119224,Sports,4,1425.13,5700.52
1303,2024-10-10 00:06:37.519503900,Home,1,1555.27,1555.27
1012,2024-10-10 03:36:54.442888580,Beauty,4,1866.02,7464.08
1318,2024-10-10 07:07:11.366273256,Electronics,3,4945.3,14835.9
1080,2024-10-10 10:37:28.289657932,Sports,2,3936.49,7872.98
1216,2024-10-10 14:07:45.213042608,Sports,2,449.87,899.74
1339,2024-10-10 17:38:02.136427284,Beauty,4,4374.82,17499.28
1264,2024-10-10 21:08:19.059811964,Electronics,1,3203.19,3203.19
1479,2024-10-11 00:38:35.983196640,Electronics,3,4463.91,13391.73
1149,2024-10-11 04:08:52.906581316,Beauty,4,1774.38,7097.52
1081,2024-10-11 07:39:09.829965992,Clothing,4,2376.14,9504.56
1215,2024-10-11 11:09:26.753350672,Sports,2,4491.51,8983.02
1485,2024-10-11 14:39:43.676735348,Sports,3,1435.61,4306.83
1374,2024-10-11 18:10:00.600120024,Home,1,4585.95,4585.95
1464,2024-10-11 21:40:17.523504700,Beauty,2,4159.65,8319.3
1198,2024-10-12 01:10:34.446889380,Home,4,4904.73,19618.92
1200,2024-10-12 04:40:51.370274056,Home,2,1688.86,3377.72
1025,2024-10-12 08:11:08.293658732,Electronics,2,1255.19,2510.38
1466,2024-10-12 11:41:25.217043408,Sports,5,1721.25,8606.25
1089,2024-10-12 15:11:42.140428084,Home,2,4777.78,9555.56
1268,2024-10-12 18:41:59.063812764,Electronics,2,1732.06,3464.12
1143,2024-10-12 22:12:15.987197440,Beauty,3,2869.54,8608.62
1059,2024-10-13 01:42:32.910582116,Home,2,2078.03,4156.06
1410,2024-10-13 05:12:49.833966792,Sports,1,2041.48,2041.48
1489,2024-10-13 08:43:06.757351472,Home,4,1047.56,4190.24
1365,2024-10-13 12:13:23.680736148,Beauty,3,2731.69,8195.07
1026,2024-10-13 15:43:40.604120824,Home,2,4262.08,8524.16
1047,2024-10-13 19:13:57.527505500,Sports,1,342.48,342.48
1288,2024-10-13 22:44:14.450890180,Electronics,4,4457.21,17828.84
1266,2024-10-14 02:14:31.374274856,Sports,3,3360.82,10082.46
1016,2024-10-14 05:44:48.297659532,Electronics,1,3122.02,3122.02
1199,2024-10-14 09:15:05.221044208,Clothing,2,3166.91,6333.82
1401,2024-10-14 12:45:22.144428888,Sports,5,1551.72,7758.6
1407,2024-10-14 16:15:39.067813564,Sports,5,2134.21,10671.05
1282,2024-10-14 19:45:55.991198240,Beauty,3,4016.52,12049.56
1469,2024-10-14 23:16:12.914582916,Home,1,1601.27,1601.27
1086,2024-10-15 02:46:29.837967592,Electronics,4,2403.1,9612.4
1250,2024-10-15 06:16:46.761352272,Electronics,1,196.2,196.2
1391,2024-10-15 09:47:03.684736948,Beauty,5,3694.44,18472.2
1270,2024-10-15 13:17:20.608121624,Beauty,3,2146.74,6440.22
1335,2024-10-15 16:47:37.531506300,Home,2,2674.26,5348.52
1117,2024-10-15 20:17:54.454890980,Home,1,661.98,661.98
1007,2024-10-15 23:48:11.378275656,Sports,5,4959.4,24797.0
1137,2024-10-16 03:18:28.301660332,Clothing,4,1582.09,6328.36
1371,2024-10-16 06:48:45.225045008,Home,3,3211.45,9634.35
1176,2024-10-16 10:19:02.148429688,Beauty,2,2948.06,5896.12
1328,2024-10-16 13:49:19.071814364,Home,1,3946.95,3946.95
1498,2024-10-16 17:19:35.995199040,Electronics,4,1539.8,6159.2
1315,2024-10-16 20:49:52.918583716,Clothing,2,3804.04,7608.08
1215,2024-10-17 00:20:09.841968392,Sports,5,1974.26,9871.3
1477,2024-10-17 03:50:26.765353072,Electronics,5,2114.69,10573.45
1082,2024-10-17 07:20:43.688737748,Electronics,4,3396.29,13585.16
1223,2024-10-17 10:51:00.612122424,Clothing,5,3943.0,19715.0
1478,2024-10-17 14:21:17.535507100,Sports,3,3367.65,10102.95
1372,2024-10-17 17:51:34.458891780,Beauty,4,4509.41,18037.64
1423,2024-10-17 21:21:51.382276456,Sports,5,1497.28,7486.4
1483,2024-10-18 00:52:08.305661132,Home,1,4513.02,4513.02
1402,2024-10-18 04:22:25.229045808,Electronics,5,741.23,3706.15
1443,2024-10-18 07:52:42.152430488,Home,3,3331.7,9995.1
1490,2024-10-18 11:22:59.075815164,Beauty,2,2783.39,5566.78
1103,2024-10-18 14:53:15.999199840,Home,2,2523.72,5047.44
1273,2024-10-18 18:23:32.922584516,Sports,5,1623.47,8117.35
1014,2024-10-18 21:53:49.845969196,Home,2,2568.29,5136.58
1159,2024-10-19 01:24:06.769353872,Beauty,5,892.69,4463.45
1152,2024-10-19 04:54:23.692738548,Beauty,3,1909.67,5729.01
1483,2024-10-19 08:24:40.616123224,Beauty,2,583.54,1167.08
1108,2024-10-19 11:54:57.539507900,Sports,1,2902.05,2902.05
1188,2024-10-19 15:25:14.462892580,Beauty,5,569.26,2846.3
1301,2024-10-19 18:55:31.386277256,Electronics,2,885.69,1771.38
1098,2024-10-19 22:25:48.309661932,Beauty,3,518.79,1556.37
1131,2024-10-20 01:56:05.233046608,Home,3,1968.42,5905.26
1293,2024-10-20 05:26:22.156431288,Home,1,4225.6,4225.6
1171,2024-10-20 08:56:39.079815964,Home,3,4543.79,13631.37
1424,2024-10-20 12:26:56.003200640,Sports,3,452.26,1356.78
1474,2024-10-20 15:57:12.926585316,Home,2,3209.3,6418.6
1183,2024-10-20 19:27:29.849969996,Sports,5,3453.49,17267.45
1471,2024-10-20 22:57:46.773354672,Sports,4,2715.47,10861.88
1364,2024-10-21 02:28:03.696739348,Beauty,3,3368.23,10104.69
1039,2024-10-21 05:58:20.620124024,Electronics,3,1245.08,3735.24
1015,2024-10-21 09:28:37.543508704,Beauty,4,2499.26,9997.04
1376,2024-10-21 12:58:54.466893380,Beauty,3,2015.29,6045.87
1497,2024-10-21 16:29:11.390278056,Sports,2,539.57,1079.14
1004,2024-10-21 19:59:28.313662732,Sports,2,3165.23,6330.46
1349,2024-10-21 23:29:45.237047408,Home,4,2526.55,10106.2
1470,2024-10-22 03:00:02.160432088,Home,3,1448.35,4345.05
1409,2024-10-22 06:30:19.083816764,Beauty,3,2421.06,7263.18
1397,2024-10-22 10:00:36.007201440,Clothing,5,3898.96,19494.8
1210,2024-10-22 13:30:52.930586116,Clothing,3,4028.12,12084.36
1161,2024-10-22 17:01:09.853970796,Home,2,3282.68,6565.36
1016,2024-10-22 20:31:26.777355472,Clothing,1,2391.96,2391.96
1493,2024-10-23 00:01:43.700740148,Home,1,2921.17,2921.17
1426,2024-10-23 03:32:00.624124824,Sports,1,1986.58,1986.58
1108,2024-10-23 07:02:17.547509504,Beauty,1,720.13,720.13
1382,2024-10-23 10:32:34.470894180,Electronics,3,1989.54,5968.62
1450,2024-10-23 14:02:51.394278856,Beauty,3,2698.63,8095.89
1311,2024-10-23 17:33:08.317663532,Home,5,3034.29,15171.45
1227,2024-10-23 21:03:25.241048208,Home,3,4685.42,14056.26
1170,2024-10-24 00:33:42.164432888,Beauty,1,3908.93,3908.93
1034,2024-10-24 04:03:59.087817564,Home,4,844.76,3379.04
1414,2024-10-24 07:34:16.011202240,Clothing,4,953.49,3813.96
1251,2024-10-24 11:04:32.934586916,Clothing,2,592.42,1184.84
1247,2024-10-24 14:34:49.857971596,Home,2,3717.09,7434.18
1269,2024-10-24 18:05:06.781356272,Home,3,3560.0,10680.0
1141,2024-10-24 21:35:23.704740948,Clothing,4,4933.18,19732.72
1274,2024-10-25 01:05:40.628125624,Home,1,2657.91,2657.91
1416,2024-10-25 04:35:57.551510304,Home,1,4149.43,4149.43
1096,2024-10-25 08:06:14.474894980,Beauty,1,2924.56,2924.56
1227,2024-10-25 11:36:31.398279656,Electronics,3,4383.02,13149.06
1379,2024-10-25 15:06:48.321664332,Clothing,3,3633.0,10899.0
1039,2024-10-25 18:37:05.245049012,Beauty,5,3250.13,16250.65
1302,2024-10-25 22:07:22.168433688,Electronics,1,2869.1,2869.1
1500,2024-10-26 01:37:39.091818364,Home,1,3642.56,3642.56
1029,2024-10-26 05:07:56.015203040,Home,3,2156.3,6468.9
1446,2024-10-26 08:38:12.938587716,Beauty,3,573.23,1719.69
1497,2024-10-26 12:08:29.861972396,Home,5,295.93,1479.65
1477,2024-10-26 15:38:46.785357072,Sports,5,2447.22,12236.1
1318,2024-10-26 19:09:03.708741748,Beauty,2,3036.53,6073.06
1245,2024-10-26 22:39:20.632126424,Electronics,4,486.36,1945.44
1236,2024-10-27 02:09:37.555511104,Beauty,1,1505.83,1505.83
1185,2024-10-27 05:39:54.478895780,Clothing,1,1677.96,1677.96
1272,2024-10-27 09:10:11.402280456,Beauty,5,2857.7,14288.5
1440,2024-10-27 12:40:28.325665132,Home,5,1464.56,7322.8
1236,2024-10-27 16:10:45.249049812,Home,2,568.68,1137.36
1239,2024-10-27 19:41:02.172434488,Sports,4,907.8,3631.2
1377,2024-10-27 23:11:19.095819164,Sports,2,952.34,1904.68
1266,2024-10-28 02:41:36.019203840,Sports,4,4229.21,16916.84
1414,2024-10-28 06:11:52.942588520,Electronics,1,1493.17,1493.17
1409,2024-10-28 09:42:09.865973196,Sports,2,3601.99,7203.98
1359,2024-10-28 13:12:26.789357872,Electronics,5,2882.41,14412.05
1340,2024-10-28 16:42:43.712742548,Sports,2,4887.49,9774.98
1389,2024-10-28 20:13:00.636127224,Electronics,2,1436.83,2873.66
1065,2024-10-28 23:43:17.559511904,Beauty,1,876.03,876.03
1478,2024-10-29 03:13:34.482896580,Beauty,5,354.99,1774.95
1177,2024-10-29 06:43:51.406281256,Home,5,1280.7,6403.5
1003,2024-10-29 10:14:08.329665932,Electronics,3,3451.95,10355.85
1429,2024-10-29 13:44:25.253050612,Clothing,3,517.77,1553.31
1142,2024-10-29 17:14:42.176435288,Home,3,1299.04,3897.12
1376,2024-10-29 20:44:59.099819964,Beauty,1,4291.01,4291.01
1158,2024-10-30 00:15:16.023204640,Electronics,2,2956.47,5912.94
1498,2024-10-30 03:45:32.946589320,Sports,5,440.66,2203.3
1324,2024-10-30 07:15:49.869973996,Clothing,5,333.65,1668.25
1146,2024-10-30 10:46:06.793358672,Beauty,2,399.5,799.0
1446,2024-10-30 14:16:23.716743348,Home,5,4715.19,23575.95
1293,2024-10-30 17:46:40.640128024,Electronics,2,4264.37,8528.74
1153,2024-10-30 21:16:57.563512704,Clothing,1,4240.21,4240.21
1432,2024-10-31 00:47:14.486897380,Electronics,1,4628.66,4628.66
1193,2024-10-31 04:17:31.410282056,Sports,1,2575.75,2575.75
1437,2024-10-31 07:47:48.333666732,Home,2,1311.99,2623.98
1494,2024-10-31 11:18:05.257051412,Electronics,2,2066.61,4133.22
1463,2024-10-31 14:48:22.180436088,Beauty,4,3622.43,14489.72
1073,2024-10-31 18:18:39.103820764,Home,5,4392.56,21962.8
1399,2024-10-31 21:48:56.027205440,Beauty,5,2231.95,11159.75
1305,2024-11-01 01:19:12.950590120,Electronics,4,2723.37,10893.48
1377,2024-11-01 04:49:29.873974796,Home,4,4665.74,18662.96
1344,2024-11-01 08:19:46.797359472,Beauty,1,626.74,626.74
1452,2024-11-01 11:50:03.720744148,Sports,4,4325.27,17301.08
1140,2024-11-01 15:20:20.644128828,Sports,2,880.61,1761.22
1187,2024-11-01 18:50:37.567513504,Electronics,3,2470.92,7412.76
1293,2024-11-01 22:20:54.490898180,Home,2,1170.27,2340.54
1061,2024-11-02 01:51:11.414282856,Clothing,4,3054.44,12217.76
1485,2024-11-02 05:21:28.337667532,Home,5,2837.01,14185.05
1427,2024-11-02 08:51:45.261052212,Sports,2,1962.04,3924.08
1380,2024-11-02 12:22:02.184436888,Beauty,5,4330.19,21650.95
1198,2024-11-02 15:52:19.107821564,Clothing,2,3333.09,6666.18
1295,2024-11-02 19:22:36.031206240,Electronics,5,3633.91,18169.55
1440,2024-11-02 22:52:52.954590920,Clothing,2,838.23,1676.46
1319,2024-11-03 02:23:09.877975596,Electronics,5,4427.51,22137.55
1302,2024-11-03 05:53:26.801360272,Clothing,3,918.5,2755.5
1344,2024-11-03 09:23:43.724744948,Electronics,1,1191.65,1191.65
1011,2024-11-03 12:54:00.648129628,Electronics,2,727.47,1454.94
1062,2024-11-03 16:24:17.571514304,Clothing,3,2257.76,6773.28
1333,2024-11-03 19:54:34.494898980,Clothing,1,4449.78,4449.78
1226,2024-11-03 23:24:51.418283656,Electronics,2,1336.99,2673.98
1153,2024-11-04 02:55:08.341668336,Sports,3,1931.39,5794.17
1199,2024-11-04 06:25:25.265053012,Clothing,3,4245.73,12737.19
1052,2024-11-04 09:55:42.188437688,Home,3,3127.29,9381.87
1260,2024-11-04 13:25:59.111822364,Beauty,4,3782.92,15131.68
1059,2024-11-04 16:56:16.035207040,Electronics,5,1148.6,5743.0
1072,2024-11-04 20:26:32.958591720,Electronics,1,3610.8,3610.8
1148,2024-11-04 23:56:49.881976396,Beauty,5,1215.29,6076.45
1349,2024-11-05 03:27:06.805361072,Sports,5,4937.84,24689.2
1063,2024-11-05 06:57:23.728745748,Beauty,5,2843.44,14217.2
1310,2024-11-05 10:27:40.652130428,Clothing,3,3508.63,10525.89
1373,2024-11-05 13:57:57.575515104,Beauty,5,680.17,3400.85
1243,2024-11-05 17:28:14.498899780,Electronics,4,1328.21,5312.84
1493,2024-11-05 20:58:31.422284456,Beauty,2,784.73,1569.46
1366,2024-11-06 00:28:48.345669136,Home,3,2011.84,6035.52
1330,2024-11-06 03:59:05.269053812,Clothing,1,1492.27,1492.27
1107,2024-11-06 07:29:22.192438488,Beauty,2,3691.32,7382.64
1226,2024-11-06 10:59:39.115823164,Electronics,2,632.67,1265.34
1313,2024-11-06 14:29:56.039207840,Clothing,2,3785.09,7570.18
1218,2024-11-06 18:00:12.962592520,Electronics,5,323.95,1619.75
1425,2024-11-06 21:30:29.885977196,Sports,5,1089.89,5449.45
1241,2024-11-07 01:00:46.809361872,Home,3,3980.63,11941.89
1259,2024-11-07 04:31:03.732746548,Sports,5,3739.61,18698.05
1376,2024-11-07 08:01:20.656131228,Home,5,2434.0,12170.0
1262,2024-11-07 11:31:37.579515904,Beauty,5,344.92,1724.6
1005,2024-11-07 15:01:54.502900580,Clothing,3,3088.48,9265.44
1261,2024-11-07 18:32:11.426285256,Beauty,3,2092.95,6278.85
1054,2024-11-07 22:02:28.349669936,Home,4,1650.99,6603.96
1047,2024-11-08 01:32:45.273054612,Home,4,3238.01,12952.04
1215,2024-11-08 05:03:02.196439288,Home,4,2239.41,8957.64
1177,2024-11-08 08:33:19.119823964,Electronics,4,552.86,2211.44
1009,2024-11-08 12:03:36.043208644,Clothing,2,4588.16,9176.32
1099,2024-11-08 15:33:52.966593320,Beauty,2,3914.62,7829.24
1020,2024-11-08 19:04:09.889977996,Beauty,4,376.25,1505.0
1378,2024-11-08 22:34:26.813362672,Sports,4,2672.81,10691.24
1241,2024-11-09 02:04:43.736747348,Home,1,508.55,508.55
1061,2024-11-09 05:35:00.660132028,Home,2,4202.72,8405.44
1379,2024-11-09 09:05:17.583516704,Home,1,3103.77,3103.77
1490,2024-11-09 12:35:34.506901380,Beauty,1,945.0,945.0
1419,2024-11-09 16:05:51.430286056,Sports,5,201.63,1008.15
1178,2024-11-09 19:36:08.353670736,Electronics,3,254.75,764.25
1338,2024-11-09 23:06:25.277055412,Clothing,2,2586.09,5172.18
1062,2024-11-10 02:36:42.200440088,Electronics,4,3698.43,14793.72
1145,2024-11-10 06:06:59.123824764,Beauty,4,692.12,2768.48
1216,2024-11-10 09:37:16.047209444,Home,3,1184.29,3552.87
1003,2024-11-10 13:07:32.970594120,Clothing,2,1703.57,3407.14
1160,2024-11-10 16:37:49.893978796,Beauty,4,1168.58,4674.32
1227,2024-11-10 20:08:06.817363472,Beauty,4,2017.55,8070.2
1486,2024-11-10 23:38:23.740748148,Beauty,5,2842.11,14210.55
1269,2024-11-11 03:08:40.664132828,Clothing,1,3456.19,3456.19
1120,2024-11-11 06:38:57.587517504,Clothing,4,4822.5,19290.0
1381,2024-11-11 10:09:14.510902180,Sports,2,4661.13,9322.26
1495,2024-11-11 13:39:31.434286856,Sports,3,2893.62,8680.86
1089,2024-11-11 17:09:48.357671536,Electronics,5,3697.34,18486.7
1329,2024-11-11 20:40:05.281056212,Clothing,2,4759.27,9518.54
1068,2024-11-12 00:10:22.204440888,Clothing,5,509.01,2545.05
1398,2024-11-12 03:40:39.127825564,Clothing,1,127.61,127.61
1357,2024-11-12 07:10:56.051210244,Sports,4,246.02,984.08
1098,2024-11-12 10:41:12.974594920,Beauty,2,2860.41,5720.82
1267,2024-11-12 14:11:29.897979596,Home,3,3837.88,11513.64
1105,2024-11-12 17:41:46.821364272,Sports,1,1898.67,1898.67
1440,2024-11-12 21:12:03.744748952,Clothing,1,2771.67,2771.67
1323,2024-11-13 00:42:20.668133628,Sports,5,2630.19,13150.95
1123,2024-11-13 04:12:37.591518304,Electronics,1,564.38,564.38
1476,2024-11-13 07:42:54.514902980,Clothing,2,1675.78,3351.56
1029,2024-11-13 11:13:11.438287656,Electronics,5,195.23,976.15
1137,2024-11-13 14:43:28.361672336,Clothing,1,642.46,642.46
1195,2024-11-13 18:13:45.285057012,Sports,3,4078.11,12234.33
1409,2024-11-13 21:44:02.208441688,Beauty,2,4164.13,8328.26
1226,2024-11-14 01:14:19.131826364,Home,3,4029.54,12088.62
1332,2024-11-14 04:44:36.055211044,Electronics,3,3661.41,10984.23
1170,2024-11-14 08:14:52.978595720,Sports,5,3987.23,19936.15
1009,2024-11-14 11:45:09.901980396,Beauty,4,3387.81,13551.24
1463,2024-11-14 15:15:26.825365072,Sports,5,3382.18,16910.9
1040,2024-11-14 18:45:43.748749752,Electronics,2,3370.07,6740.14
1025,2024-11-14 22:16:00.672134428,Home,2,2618.81,5237.62
1261,2024-11-15 01:46:17.595519104,Sports,5,1880.4,9402.0
1395,2024-11-15 05:16:34.518903780,Clothing,4,3677.96,14711.84
1443,2024-11-15 08:46:51.442288460,Beauty,5,1563.37,7816.85
1226,2024-11-15 12:17:08.365673136,Sports,2,2760.22,5520.44
1472,2024-11-15 15:47:25.289057812,Beauty,4,2223.44,8893.76
1124,2024-11-15 19:17:42.212442488,Clothing,2,1455.45,2910.9
1463,2024-11-15 22:47:59.135827164,Home,4,4875.98,19503.92
1038,2024-11-16 02:18:16.059211844,Home,4,1367.88,5471.52
1328,2024-11-16 05:48:32.982596520,Clothing,5,1615.54,8077.7
1251,2024-11-16 09:18:49.905981196,Beauty,5,891.78,4458.9
1389,2024-11-16 12:49:06.829365872,Sports,5,4132.61,20663.05
1176,2024-11-16 16:19:23.752750552,Clothing,4,2974.29,11897.16
1090,2024-11-16 19:49:40.676135228,Electronics,4,3103.89,12415.56
1402,2024-11-16 23:19:57.599519904,Beauty,2,4120.75,8241.5
1454,2024-11-17 02:50:14.522904580,Home,3,1780.31,5340.93
1037,2024-11-17 06:20:31.446289260,Clothing,5,1048.8,5244.0
1316,2024-11-17 09:50:48.369673936,Home,2,1072.19,2144.38
1176,2024-11-17 13:21:05.293058612,Beauty,2,3689.84,7379.68
1461,2024-11-17 16:51:22.216443288,Home,1,3109.16,3109.16
1284,2024-11-17 20:21:39.139827964,Clothing,5,1111.06,5555.3
1453,2024-11-17 23:51:56.063212644,Beauty,2,810.82,1621.64
1461,2024-11-18 03:22:12.986597320,Electronics,1,691.37,691.37
1081,2024-11-18 06:52:29.909981996,Clothing,5,3176.21,15881.05
1114,2024-11-18 10:22:46.833366672,Sports,4,100.58,402.32
1040,2024-11-18 13:53:03.756751352,Clothing,1,189.76,189.76
1301,2024-11-18 17:23:20.680136028,Beauty,4,2008.81,8035.24
1224,2024-11-18 20:53:37.603520704,Clothing,3,3487.61,10462.83
1318,2024-11-19 00:23:54.526905380,Electronics,3,3505.69,10517.07
1349,2024-11-19 03:54:11.450290060,Electronics,3,2207.58,6622.74
1115,2024-11-19 07:24:28.373674736,Sports,3,3486.26,10458.78
1186,2024-11-19 10:54:45.297059412,Home,2,2653.37,5306.74
1323,2024-11-19 14:25:02.220444088,Beauty,3,4886.96,14660.88
1056,2024-11-19 17:55:19.143828768,Beauty,2,896.06,1792.12
1040,2024-11-19 21:25:36.067213444,Home,2,3043.27,6086.54
1354,2024-11-20 00:55:52.990598120,Electronics,5,2507.07,12535.35
1040,2024-11-20 04:26:09.913982796,Electronics,2,1052.89,2105.78
1347,2024-11-20 07:56:26.837367472,Clothing,2,3774.95,7549.9
1461,2024-11-20 11:26:43.760752152,Sports,3,1449.99,4349.97
1237,2024-11-20 14:57:00.684136828,Sports,2,1970.38,3940.76
1289,2024-11-20 18:27:17.607521504,Sports,4,1936.67,7746.68
1262,2024-11-20 21:57:34.530906180,Clothing,3,1296.6,3889.8
1216,2024-11-21 01:27:51.454290860,Sports,1,2210.46,2210.46
1147,2024-11-21 04:58:08.377675536,Home,3,2419.39,7258.17
1336,2024-11-21 08:28:25.301060212,Clothing,2,3746.69,7493.38
1168,2024-11-21 11:58:42.224444888,Home,4,3848.84,15395.36
1092,2024-11-21 15:28:59.147829568,Clothing,3,876.92,2630.76
1353,2024-11-21 18:59:16.071214244,Sports,4,3004.58,12018.32
1059,2024-11-21 22:29:32.994598920,Home,1,4491.37,4491.37
1059,2024-11-22 01:59:49.917983596,Home,1,633.05,633.05
1304,2024-11-22 05:30:06.841368276,Home,5,2417.28,12086.4
1169,2024-11-22 09:00:23.764752952,Clothing,5,3776.73,18883.65
1269,2024-11-22 12:30:40.688137628,Beauty,3,3096.31,9288.93
1363,2024-11-22 16:00:57.611522304,Sports,5,592.87,2964.35
1045,2024-11-22 19:31:14.534906980,Home,4,2043.37,8173.48
1345,2024-11-22 23:01:31.458291660,Beauty,5,2585.47,12927.35
1181,2024-11-23 02:31:48.381676336,Sports,4,4979.64,19918.56
1170,2024-11-23 06:02:05.305061012,Sports,5,975.18,4875.9
1356,2024-11-23 09:32:22.228445688,Home,5,4913.88,24569.4
1191,2024-11-23 13:02:39.151830368,Home,5,1943.13,9715.65
1155,2024-11-23 16:32:56.075215044,Clothing,2,1081.57,2163.14
1422,2024-11-23 20:03:12.998599720,Beauty,2,2129.13,4258.26
1188,2024-11-23 23:33:29.921984396,Beauty,5,3108.58,15542.9
1007,2024-11-24 03:03:46.845369076,Home,4,1146.14,4584.56
1133,2024-11-24 06:34:03.768753752,Sports,3,1528.05,4584.15
1235,2024-11-24 10:04:20.692138428,Home,1,4287.28,4287.28
1045,2024-11-24 13:34:37.615523104,Sports,2,4995.15,9990.3
1314,2024-11-24 17:04:54.538907780,Sports,5,1659.05,8295.25
1249,2024-11-24 20:35:11.462292460,Home,1,829.4,829.4
1499,2024-11-25 00:05:28.385677136,Electronics,2,3986.54,7973.08
1031,2024-11-25 03:35:45.309061812,Beauty,3,3042.23,9126.69
1023,2024-11-25 07:06:02.232446488,Sports,4,591.97,2367.88
1426,2024-11-25 10:36:19.155831168,Sports,5,4739.18,23695.9
1394,2024-11-25 14:06:36.079215844,Electronics,3,482.44,1447.32
1160,2024-11-25 17:36:53.002600520,Clothing,2,3164.25,6328.5
1363,2024-11-25 21:07:09.925985196,Electronics,5,2177.29,10886.45
1437,2024-11-26 00:37:26.849369876,Electronics,1,2827.46,2827.46
1158,2024-11-26 04:07:43.772754552,Sports,4,1144.75,4579.0
1039,2024-11-26 07:38:00.696139228,Beauty,2,3471.74,6943.48
1415,2024-11-26 11:08:17.619523904,Electronics,4,4802.63,19210.52
1082,2024-11-26 14:38:34.542908584,Clothing,5,2346.29,11731.45
1356,2024-11-26 18:08:51.466293260,Home,3,2662.5,7987.5
1258,2024-11-26 21:39:08.389677936,Electronics,4,1275.08,5100.32
1206,2024-11-27 01:09:25.313062612,Electronics,1,4470.15,4470.15
1077,2024-11-27 04:39:42.236447288,Clothing,2,4858.75,9717.5
1477,2024-11-27 08:09:59.159831968,Beauty,1,3952.85,3952.85
1012,2024-11-27 11:40:16.083216644,Electronics,4,2759.59,11038.36
1295,2024-11-27 15:10:33.006601320,Electronics,3,4788.3,14364.9
1450,2024-11-27 18:40:49.929985996,Beauty,3,853.87,2561.61
1224,2024-11-27 22:11:06.853370676,Clothing,1,2444.61,2444.61
1013,2024-11-28 01:41:23.776755352,Electronics,5,2734.27,13671.35
1046,2024-11-28 05:11:40.700140028,Beauty,5,2510.39,12551.95
1155,2024-11-28 08:41:57.623524704,Electronics,3,4031.85,12095.55
1113,2024-11-28 12:12:14.546909384,Home,1,3384.97,3384.97
1233,2024-11-28 15:42:31.470294060,Sports,1,720.63,720.63
1017,2024-11-28 19:12:48.393678736,Home,1,1797.61,1797.61
1360,2024-11-28 22:43:05.317063412,Electronics,4,1761.48,7045.92
1223,2024-11-29 02:13:22.240448088,Clothing,5,2871.6,14358.0
1354,2024-11-29 05:43:39.163832768,Sports,5,1528.15,7640.75
1188,2024-11-29 09:13:56.087217444,Home,4,674.63,2698.52
1448,2024-11-29 12:44:13.010602120,Beauty,2,3303.05,6606.1
1344,2024-11-29 16:14:29.933986796,Clothing,4,4270.08,17080.32
1365,2024-11-29 19:44:46.857371476,Home,1,4664.88,4664.88
1163,2024-11-29 23:15:03.780756152,Beauty,4,4865.63,19462.52
1496,2024-11-30 02:45:20.704140828,Electronics,1,3927.47,3927.47
1326,2024-11-30 06:15:37.627525504,Beauty,3,784.54,2353.62
1467,2024-11-30 09:45:54.550910184,Home,1,4280.25,4280.25
1414,2024-11-30 13:16:11.474294860,Home,5,2059.8,10299.0
1455,2024-11-30 16:46:28.397679536,Electronics,4,3676.57,14706.28
1074,2024-11-30 20:16:45.321064212,Beauty,1,2703.21,2703.21
1233,2024-11-30 23:47:02.244448892,Beauty,2,4160.17,8320.34
1224,2024-12-01 03:17:19.167833568,Electronics,3,2184.98,6554.94
1482,2024-12-01 06:47:36.091218244,Beauty,2,402.79,805.58
1319,2024-12-01 10:17:53.014602920,Electronics,2,2828.44,5656.88
1412,2024-12-01 13:48:09.937987596,Clothing,2,939.32,1878.64
1060,2024-12-01 17:18:26.861372276,Home,3,4831.04,14493.12
1335,2024-12-01 20:48:43.784756952,Clothing,3,2682.12,8046.36
1222,2024-12-02 00:19:00.708141628,Sports,3,2812.44,8437.32
1037,2024-12-02 03:49:17.631526304,Sports,3,4545.6,13636.8
1477,2024-12-02 07:19:34.554910984,Sports,2,3160.47,6320.94
1278,2024-12-02 10:49:51.478295660,Electronics,5,1583.37,7916.85
1196,2024-12-02 14:20:08.401680336,Beauty,5,1550.86,7754.3
1404,2024-12-02 17:50:25.325065012,Clothing,3,2557.74,7673.22
1352,2024-12-02 21:20:42.248449692,Clothing,4,4346.38,17385.52
1484,2024-12-03 00:50:59.171834368,Clothing,1,3994.17,3994.17
1242,2024-12-03 04:21:16.095219044,Clothing,4,4817.43,19269.72
1324,2024-12-03 07:51:33.018603720,Sports,4,452.24,1808.96
1219,2024-12-03 11:21:49.941988400,Clothing,4,1414.8,5659.2
1192,2024-12-03 14:52:06.865373076,Beauty,5,493.02,2465.1
1017,2024-12-03 18:22:23.788757752,Sports,1,3780.29,3780.29
1012,2024-12-03 21:52:40.712142428,Clothing,4,790.09,3160.36
1406,2024-12-04 01:22:57.635527104,Electronics,3,589.44,1768.32
1401,2024-12-04 04:53:14.558911784,Home,5,2852.19,14260.95
1394,2024-12-04 08:23:31.482296460,Home,3,2116.28,6348.84
1374,2024-12-04 11:53:48.405681136,Home,3,3604.0,10812.0
1193,2024-12-04 15:24:05.329065812,Sports,4,2486.38,9945.52
1022,2024-12-04 18:54:22.252450492,Clothing,3,2184.14,6552.42
1474,2024-12-04 22:24:39.175835168,Sports,1,2184.95,2184.95
1120,2024-12-05 01:54:56.099219844,Beauty,3,4372.19,13116.57
1210,2024-12-05 05:25:13.022604520,Electronics,4,2036.61,8146.44
1306,2024-12-05 08:55:29.945989200,Electronics,3,1733.65,5200.95
1270,2024-12-05 12:25:46.869373876,Home,5,1758.82,8794.1
1192,2024-12-05 15:56:03.792758552,Home,5,1063.34,5316.7
1175,2024-12-05 19:26:20.716143228,Home,5,4317.38,21586.9
1285,2024-12-05 22:56:37.639527904,Clothing,2,818.49,1636.98
1204,2024-12-06 02:26:54.562912584,Beauty,5,4552.19,22760.95
1164,2024-12-06 05:57:11.486297260,Beauty,5,1488.99,7444.95
1251,2024-12-06 09:27:28.409681936,Beauty,2,4507.19,9014.38
1227,2024-12-06 12:57:45.333066612,Beauty,5,3975.02,19875.1
1436,2024-12-06 16:28:02.256451292,Home,4,2951.74,11806.96
1381,2024-12-06 19:58:19.179835968,Electronics,5,3380.4,16902.0
1460,2024-12-06 23:28:36.103220644,Home,5,1696.64,8483.2
1007,2024-12-07 02:58:53.026605320,Beauty,2,2913.72,5827.44
1029,2024-12-07 06:29:09.949990000,Home,4,1532.77,6131.08
1395,2024-12-07 09:59:26.873374676,Beauty,3,2071.14,6213.42
1033,2024-12-07 13:29:43.796759352,Sports,1,3846.85,3846.85
1134,2024-12-07 17:00:00.720144028,Electronics,4,1295.27,5181.08
1367,2024-12-07 20:30:17.643528708,Sports,3,4210.35,12631.05
1079,2024-12-08 00:00:34.566913384,Clothing,4,1941.83,7767.32
1416,2024-12-08 03:30:51.490298060,Home,3,2707.63,8122.89
1435,2024-12-08 07:01:08.413682736,Clothing,3,4715.61,14146.83
1459,2024-12-08 10:31:25.337067412,Home,4,3438.15,13752.6
1058,2024-12-08 14:01:42.260452092,Sports,2,3263.46,6526.92
1471,2024-12-08 17:31:59.183836768,Beauty,4,3586.88,14347.52
1026,2024-12-08 21:02:16.107221444,Beauty,4,4598.75,18395.0
1482,2024-12-09 00:32:33.030606120,Home,3,1317.72,3953.16
1430,2024-12-09 04:02:49.953990800,Beauty,1,3104.88,3104.88
1226,2024-12-09 07:33:06.877375476,Sports,3,2061.93,6185.79
1285,2024-12-09 11:03:23.800760152,Beauty,5,158.09,790.45
1004,2024-12-09 14:33:40.724144828,Sports,4,713.97,2855.88
1465,2024-12-09 18:03:57.647529508,Clothing,4,1692.46,6769.84
1099,2024-12-09 21:34:14.570914184,Sports,2,2868.5,5737.0
1397,2024-12-10 01:04:31.494298860,Electronics,3,4419.23,13257.69
1489,2024-12-10 04:34:48.417683536,Electronics,2,3976.46,7952.92
1039,2024-12-10 08:05:05.341068216,Electronics,4,2811.33,11245.32
1271,2024-12-10 11:35:22.264452892,Home,3,461.97,1385.91
1375,2024-12-10 15:05:39.187837568,Home,3,1500.94,4502.82
1285,2024-12-10 18:35:56.111222244,Home,5,1896.87,9484.35
1157,2024-12-10 22:06:13.034606920,Sports,5,3146.41,15732.05
1075,2024-12-11 01:36:29.957991600,Home,1,418.13,418.13
1372,2024-12-11 05:06:46.881376276,Clothing,5,2697.95,13489.75
1288,2024-12-11 08:37:03.804760952,Electronics,3,4517.18,13551.54
1130,2024-12-11 12:07:20.728145628,Sports,5,3556.62,17783.1
1175,2024-12-11 15:37:37.651530308,Electronics,1,4005.68,4005.68
1462,2024-12-11 19:07:54.574914984,Home,4,3440.21,13760.84
1084,2024-12-11 22:38:11.498299660,Sports,5,1112.29,5561.45
1022,2024-12-12 02:08:28.421684336,Beauty,3,641.37,1924.11
1459,2024-12-12 05:38:45.345069016,Clothing,4,4164.5,16658.0
1027,2024-12-12 09:09:02.268453692,Home,3,3507.97,10523.91
1195,2024-12-12 12:39:19.191838368,Home,4,2917.8,11671.2
1337,2024-12-12 16:09:36.115223044,Clothing,3,1027.49,3082.47
1382,2024-12-12 19:39:53.038607720,Clothing,5,3056.39,15281.95
1236,2024-12-12 23:10:09.961992400,Beauty,5,253.48,1267.4
1440,2024-12-13 02:40:26.885377076,Home,1,682.31,682.31
1092,2024-12-13 06:10:43.808761752,Home,4,1628.26,6513.04
1477,2024-12-13 09:41:00.732146428,Electronics,1,2274.32,2274.32
1021,2024-12-13 13:11:17.655531108,Sports,2,690.77,1381.54
1303,2024-12-13 16:41:34.578915784,Sports,5,687.71,3438.55
1464,2024-12-13 20:11:51.502300460,Electronics,4,3656.88,14627.52
1357,2024-12-13 23:42:08.425685136,Sports,1,2891.63,2891.63
1443,2024-12-14 03:12:25.349069816,Clothing,1,2715.34,2715.34
1084,2024-12-14 06:42:42.272454492,Sports,2,2316.93,4633.86
1262,2024-12-14 10:12:59.195839168,Sports,1,4885.06,4885.06
1147,2024-12-14 13:43:16.119223844,Electronics,3,344.02,1032.06
1441,2024-12-14 17:13:33.042608524,Beauty,5,985.07,4925.35
1453,2024-12-14 20:43:49.965993200,Sports,1,3272.79,3272.79
1387,2024-12-15 00:14:06.889377876,Sports,1,768.19,768.19
1257,2024-12-15 03:44:23.812762552,Beauty,2,2987.97,5975.94
1058,2024-12-15 07:14:40.736147228,Electronics,3,2882.03,8646.09
1380,2024-12-15 10:44:57.659531908,Beauty,1,4857.93,4857.93
1422,2024-12-15 14:15:14.582916584,Electronics,5,4428.59,22142.95
1015,2024-12-15 17:45:31.506301260,Clothing,5,4733.21,23666.05
1162,2024-12-15 21:15:48.429685936,Electronics,1,656.65,656.65
1445,2024-12-16 00:46:05.353070616,Clothing,3,4353.93,13061.79
1163,2024-12-16 04:16:22.276455292,Clothing,5,732.54,3662.7
1320,2024-12-16 07:46:39.199839968,Electronics,5,3201.37,16006.85
1497,2024-12-16 11:16:56.123224644,Home,3,3628.38,10885.14
1281,2024-12-16 14:47:13.046609324,Electronics,3,888.18,2664.54
1280,2024-12-16 18:17:29.969994000,Sports,1,3200.03,3200.03
1012,2024-12-16 21:47:46.893378676,Sports,4,357.06,1428.24
1274,2024-12-17 01:18:03.816763352,Home,2,1537.0,3074.0
1271,2024-12-17 04:48:20.740148028,Clothing,4,4613.68,18454.72
1492,2024-12-17 08:18:37.663532708,Home,4,941.48,3765.92
1208,2024-12-17 11:48:54.586917384,Sports,5,419.82,2099.1
1027,2024-12-17 15:19:11.510302060,Home,3,2274.02,6822.06
1072,2024-12-17 18:49:28.433686736,Electronics,5,4268.03,21340.15
1060,2024-12-17 22:19:45.357071416,Home,2,475.69,951.38
1430,2024-12-18 01:50:02.280456092,Clothing,1,1842.12,1842.12
1473,2024-12-18 05:20:19.203840768,Electronics,2,4508.9,9017.8
1145,2024-12-18 08:50:36.127225444,Beauty,5,678.96,3394.8
1093,2024-12-18 12:20:53.050610124,Sports,5,1622.28,8111.4
1309,2024-12-18 15:51:09.973994800,Sports,5,3914.26,19571.3
1008,2024-12-18 19:21:26.897379476,Home,5,2761.73,13808.65
1079,2024-12-18 22:51:43.820764152,Electronics,4,4178.43,16713.72
1027,2024-12-19 02:22:00.744148832,Beauty,1,646.82,646.82
1174,2024-12-19 05:52:17.667533508,Electronics,4,4610.72,18442.88
1050,2024-12-19 09:22:34.590918184,Sports,5,4681.07,23405.35
1500,2024-12-19 12:52:51.514302860,Electronics,3,861.03,2583.09
1199,2024-12-19 16:23:08.437687536,Beauty,4,265.99,1063.96
1387,2024-12-19 19:53:25.361072216,Home,5,4950.22,24751.1
1349,2024-12-19 23:23:42.284456892,Clothing,5,2463.03,12315.15
1448,2024-12-20 02:53:59.207841568,Electronics,1,2903.17,2903.17
1428,2024-12-20 06:24:16.131226244,Clothing,2,3117.93,6235.86
1181,2024-12-20 09:54:33.054610924,Sports,4,3969.38,15877.52
1024,2024-12-20 13:24:49.977995600,Home,4,4078.74,16314.96
1316,2024-12-20 16:55:06.901380276,Home,4,1050.23,4200.92
1378,2024-12-20 20:25:23.824764952,Electronics,5,1259.52,6297.6
1387,2024-12-20 23:55:40.748149632,Home,1,4396.48,4396.48
1404,2024-12-21 03:25:57.671534308,Electronics,5,4115.64,20578.2
1046,2024-12-21 06:56:14.594918984,Electronics,5,3126.33,15631.65
1015,2024-12-21 10:26:31.518303660,Clothing,3,4974.03,14922.09
1153,2024-12-21 13:56:48.441688340,Home,1,3702.4,3702.4
1222,2024-12-21 17:27:05.365073016,Electronics,4,1157.6,4630.4
1206,2024-12-21 20:57:22.288457692,Clothing,2,4248.56,8497.12
1455,2024-12-22 00:27:39.211842368,Beauty,4,2132.19,8528.76
1273,2024-12-22 03:57:56.135227044,Clothing,5,277.15,1385.75
1382,2024-12-22 07:28:13.058611724,Clothing,1,1674.96,1674.96
1236,2024-12-22 10:58:29.981996400,Electronics,1,3841.4,3841.4
1340,2024-12-22 14:28:46.905381076,Sports,1,4805.01,4805.01
1228,2024-12-22 17:59:03.828765752,Sports,3,1453.07,4359.21
1009,2024-12-22 21:29:20.752150432,Sports,4,1307.93,5231.72
1166,2024-12-23 00:59:37.675535108,Clothing,3,2861.72,8585.16
1432,2024-12-23 04:29:54.598919784,Electronics,2,4077.25,8154.5
1444,2024-12-23 08:00:11.522304460,Home,5,3757.98,18789.9
1319,2024-12-23 11:30:28.445689140,Clothing,3,2843.8,8531.4
1214,2024-12-23 15:00:45.369073816,Clothing,3,3193.81,9581.43
1117,2024-12-23 18:31:02.292458492,Electronics,5,1286.28,6431.4
1386,2024-12-23 22:01:19.215843168,Beauty,1,2219.61,2219.61
1344,2024-12-24 01:31:36.139227844,Clothing,5,1351.29,6756.45
1072,2024-12-24 05:01:53.062612524,Beauty,4,4433.65,17734.6
1395,2024-12-24 08:32:09.985997200,Beauty,5,651.52,3257.6
1064,2024-12-24 12:02:26.909381876,Sports,1,3430.73,3430.73
1205,2024-12-24 15:32:43.832766552,Electronics,5,1375.39,6876.95
1209,2024-12-24 19:03:00.756151232,Beauty,3,2430.33,7290.99
1072,2024-12-24 22:33:17.679535908,Electronics,2,1567.12,3134.24
1277,2024-12-25 02:03:34.602920584,Sports,3,1683.9,5051.7
1274,2024-12-25 05:33:51.526305260,Electronics,2,1375.93,2751.86
1478,2024-12-25 09:04:08.449689940,Clothing,5,3788.69,18943.45
1320,2024-12-25 12:34:25.373074616,Beauty,4,1892.01,7568.04
1338,2024-12-25 16:04:42.296459292,Electronics,5,3659.15,18295.75
1366,2024-12-25 19:34:59.219843968,Home,1,2334.74,2334.74
1495,2024-12-25 23:05:16.143228648,Electronics,5,2781.51,13907.55
1095,2024-12-26 02:35:33.066613324,Beauty,2,2762.11,5524.22
1166,2024-12-26 06:05:49.989998000,Sports,3,4881.68,14645.04
1032,2024-12-26 09:36:06.913382676,Sports,4,1898.61,7594.44
1011,2024-12-26 13:06:23.836767352,Beauty,5,1117.65,5588.25
1301,2024-12-26 16:36:40.760152032,Clothing,5,4567.78,22838.9
1217,2024-12-26 20:06:57.683536708,Clothing,3,956.71,2870.13
1289,2024-12-26 23:37:14.606921384,Sports,4,4188.67,16754.68
1102,2024-12-27 03:07:31.530306060,Sports,5,836.05,4180.25
1425,2024-12-27 06:37:48.453690740,Beauty,5,3327.75,16638.75
1392,2024-12-27 10:08:05.377075416,Clothing,2,837.65,1675.3
1267,2024-12-27 13:38:22.300460092,Sports,2,4623.12,9246.24
1214,2024-12-27 17:08:39.223844768,Clothing,1,2868.54,2868.54
1179,2024-12-27 20:38:56.147229448,Sports,3,1713.44,5140.32
1088,2024-12-28 00:09:13.070614124,Electronics,4,787.58,3150.32
1041,2024-12-28 03:39:29.993998800,Home,5,1918.84,9594.2
1401,2024-12-28 07:09:46.917383476,Electronics,5,3554.6,17773.0
1076,2024-12-28 10:40:03.840768156,Sports,1,1986.26,1986.26
1377,2024-12-28 14:10:20.764152832,Home,5,1305.86,6529.3
1046,2024-12-28 17:40:37.687537508,Home,3,2929.31,8787.93
1160,2024-12-28 21:10:54.610922184,Sports,1,2147.33,2147.33
1463,2024-12-29 00:41:11.534306860,Sports,3,912.45,2737.35
1080,2024-12-29 04:11:28.457691540,Clothing,1,854.54,854.54
1310,2024-12-29 07:41:45.381076216,Sports,5,3566.56,17832.8
1086,2024-12-29 11:12:02.304460892,Beauty,1,4875.89,4875.89
1092,2024-12-29 14:42:19.227845568,Sports,2,1242.16,2484.32
1148,2024-12-29 18:12:36.151230248,Beauty,4,3888.43,15553.72
1161,2024-12-29 21:42:53.074614924,Sports,5,529.27,2646.35
1202,2024-12-30 01:13:09.997999600,Clothing,4,1969.72,7878.88
1424,2024-12-30 04:43:26.921384276,Beauty,5,2582.77,12913.85
1416,2024-12-30 08:13:43.844768956,Electronics,4,1416.86,5667.44
1242,2024-12-30 11:44:00.768153632,Beauty,2,2694.93,5389.86
1353,2024-12-30 15:14:17.691538308,Clothing,4,4424.81,17699.24
1002,2024-12-30 18:44:34.614922984,Beauty,1,4727.75,4727.75
1225,2024-12-30 22:14:51.538307660,Sports,4,592.73,2370.92
1289,2024-12-31 01:45:08.461692340,Sports,5,1432.05,7160.25
1233,2024-12-31 05:15:25.385077016,Clothing,3,4897.76,14693.28
1461,2024-12-31 08:45:42.308461692,Home,4,1425.05,5700.2
1414,2024-12-31 12:15:59.231846368,Sports,4,3494.27,13977.08
1417,2024-12-31 15:46:16.155231048,Electronics,4,1341.92,5367.68
1077,2024-12-31 19:16:33.078615724,Clothing,5,1846.19,9230.95
1116,2024-12-31 22:46:50.002000400,Beauty,4,1037.27,4149.08
1154,2025-01-01 02:17:06.925385076,Beauty,5,4295.87,21479.35
1406,2025-01-01 05:47:23.848769756,Electronics,5,4424.98,22124.9
1103,2025-01-01 09:17:40.772154432,Sports,3,1554.87,4664.61
1194,2025-01-01 12:47:57.695539108,Clothing,1,4135.59,4135.59
1166,2025-01-01 16:18:14.618923784,Electronics,5,1855.38,9276.9
1359,2025-01-01 19:48:31.542308464,Sports,2,585.2,1170.4
1090,2025-01-01 23:18:48.465693140,Clothing,4,3814.57,15258.28
1174,2025-01-02 02:49:05.389077816,Beauty,2,3022.59,6045.18
1122,2025-01-02 06:19:22.312462492,Clothing,4,1444.47,5777.88
1498,2025-01-02 09:49:39.235847168,Home,3,1339.7,4019.1
1143,2025-01-02 13:19:56.159231848,Clothing,5,4880.55,24402.75
1482,2025-01-02 16:50:13.082616524,Home,1,4326.26,4326.26
1106,2025-01-02 20:20:30.006001200,Clothing,5,4068.01,20340.05
1375,2025-01-02 23:50:46.929385876,Home,4,727.29,2909.16
1428,2025-01-03 03:21:03.852770556,Beauty,1,3800.42,3800.42
1305,2025-01-03 06:51:20.776155232,Sports,5,1151.25,5756.25
1360,2025-01-03 10:21:37.699539908,Home,1,4889.21,4889.21
1459,2025-01-03 13:51:54.622924584,Home,4,355.24,1420.96
1317,2025-01-03 17:22:11.546309264,Beauty,3,1825.48,5476.44
1451,2025-01-03 20:52:28.469693940,Home,3,2200.37,6601.11
1123,2025-01-04 00:22:45.393078616,Electronics,5,4138.59,20692.95
1390,2025-01-04 03:53:02.316463292,Beauty,2,3854.49,7708.98
1009,2025-01-04 07:23:19.239847968,Electronics,4,1937.46,7749.84
1262,2025-01-04 10:53:36.163232648,Beauty,5,2871.25,14356.25
1073,2025-01-04 14:23:53.086617324,Home,5,4194.42,20972.1
1359,2025-01-04 17:54:10.010002000,Electronics,3,189.18,567.54
1223,2025-01-04 21:24:26.933386676,Home,1,4030.67,4030.67
1416,2025-01-05 00:54:43.856771356,Beauty,4,4739.79,18959.16
1041,2025-01-05 04:25:00.780156032,Home,1,257.12,257.12
1370,2025-01-05 07:55:17.703540708,Electronics,4,323.35,1293.4
1204,2025-01-05 11:25:34.626925384,Electronics,2,1788.12,3576.24
1264,2025-01-05 14:55:51.550310064,Home,3,530.07,1590.21
1328,2025-01-05 18:26:08.473694740,Clothing,2,2448.45,4896.9
1178,2025-01-05 21:56:25.397079416,Beauty,5,3670.68,18353.4
1348,2025-01-06 01:26:42.320464092,Beauty,3,2877.81,8633.43
1318,2025-01-06 04:56:59.243848772,Home,5,1062.52,5312.6
1084,2025-01-06 08:27:16.167233448,Clothing,2,3308.58,6617.16
1318,2025-01-06 11:57:33.090618124,Electronics,4,3455.79,13823.16
1111,2025-01-06 15:27:50.014002800,Sports,5,4668.99,23344.95
1251,2025-01-06 18:58:06.937387476,Sports,1,819.3,819.3
1383,2025-01-06 22:28:23.860772156,Home,4,3492.45,13969.8
1007,2025-01-07 01:58:40.784156832,Clothing,4,4565.99,18263.96
1459,2025-01-07 05:28:57.707541508,Clothing,2,2557.66,5115.32
1084,2025-01-07 08:59:14.630926184,Beauty,2,1872.82,3745.64
1208,2025-01-07 12:29:31.554310864,Electronics,3,936.67,2810.01
1388,2025-01-07 15:59:48.477695540,Clothing,3,4347.26,13041.78
1390,2025-01-07 19:30:05.401080216,Sports,1,2031.81,2031.81
1314,2025-01-07 23:00:22.324464892,Electronics,4,4631.92,18527.68
1022,2025-01-08 02:30:39.247849572,Electronics,1,4254.02,4254.02
1410,2025-01-08 06:00:56.171234248,Home,1,1945.54,1945.54
1383,2025-01-08 09:31:13.094618924,Clothing,2,2912.18,5824.36
1003,2025-01-08 13:01:30.018003600,Home,1,233.15,233.15
1127,2025-01-08 16:31:46.941388280,Clothing,1,1389.78,1389.78
1297,2025-01-08 20:02:03.864772956,Beauty,5,3580.34,17901.7
1188,2025-01-08 23:32:20.788157632,Home,3,3421.76,10265.28
1362,2025-01-09 03:02:37.711542308,Home,3,1831.51,5494.53
1014,2025-01-09 06:32:54.634926984,Sports,4,4062.18,16248.72
1459,2025-01-09 10:03:11.558311664,Home,3,1255.6,3766.8
1466,2025-01-09 13:33:28.481696340,Clothing,4,2360.23,9440.92
1012,2025-01-09 17:03:45.405081016,Sports,5,2415.4,12077.0
1087,2025-01-09 20:34:02.328465692,Home,3,1770.0,5310.0
1012,2025-01-10 00:04:19.251850372,Home,5,4777.86,23889.3
1397,2025-01-10 03:34:36.175235048,Beauty,3,3513.75,10541.25
1025,2025-01-10 07:04:53.098619724,Home,3,2742.08,8226.24
1301,2025-01-10 10:35:10.022004400,Electronics,5,2601.52,13007.6
1243,2025-01-10 14:05:26.945389080,Sports,1,880.55,880.55
1122,2025-01-10 17:35:43.868773756,Electronics,1,1923.72,1923.72
1147,2025-01-10 21:06:00.792158432,Sports,1,3396.59,3396.59
1055,2025-01-11 00:36:17.715543108,Beauty,1,4630.39,4630.39
1238,2025-01-11 04:06:34.638927784,Home,3,4100.67,12302.01
1356,2025-01-11 07:36:51.562312464,Home,2,1571.91,3143.82
1173,2025-01-11 11:07:08.485697140,Home,5,2226.39,11131.95
1392,2025-01-11 14:37:25.409081816,Sports,2,506.3,1012.6
1221,2025-01-11 18:07:42.332466492,Home,2,600.64,1201.28
1119,2025-01-11 21:37:59.255851172,Electronics,4,2404.13,9616.52
1309,2025-01-12 01:08:16.179235848,Home,1,2698.08,2698.08
1183,2025-01-12 04:38:33.102620524,Beauty,3,1393.73,4181.19
1288,2025-01-12 08:08:50.026005200,Electronics,1,3249.64,3249.64
1307,2025-01-12 11:39:06.949389880,Home,1,3546.57,3546.57
1300,2025-01-12 15:09:23.872774556,Home,2,1565.67,3131.34
1082,2025-01-12 18:39:40.796159232,Clothing,4,3816.28,15265.12
1454,2025-01-12 22:09:57.719543908,Sports,1,1107.46,1107.46
1402,2025-01-13 01:40:14.642928588,Electronics,5,2766.83,13834.15
1211,2025-01-13 05:10:31.566313264,Clothing,5,4040.98,20204.9
1150,2025-01-13 08:40:48.489697940,Beauty,1,2731.34,2731.34
1037,2025-01-13 12:11:05.413082616,Sports,2,4549.02,9098.04
1352,2025-01-13 15:41:22.336467292,Electronics,2,386.66,773.32
1312,2025-01-13 19:11:39.259851972,Home,3,2982.74,8948.22
1361,2025-01-13 22:41:56.183236648,Electronics,4,2852.6,11410.4
1059,2025-01-14 02:12:13.106621324,Home,2,3335.73,6671.46
1131,2025-01-14 05:42:30.030006000,Sports,3,4183.69,12551.07
1412,2025-01-14 09:12:46.953390680,Home,5,3656.68,18283.4
1202,2025-01-14 12:43:03.876775356,Beauty,5,3972.39,19861.95
1243,2025-01-14 16:13:20.800160032,Home,5,1515.2,7576.0
1035,2025-01-14 19:43:37.723544708,Beauty,1,1998.74,1998.74
1445,2025-01-14 23:13:54.646929388,Sports,4,3171.21,12684.84
1093,2025-01-15 02:44:11.570314064,Sports,3,2811.96,8435.88
1438,2025-01-15 06:14:28.493698740,Electronics,4,4809.41,19237.64
1447,2025-01-15 09:44:45.417083416,Beauty,1,1015.49,1015.49
1207,2025-01-15 13:15:02.340468096,Beauty,3,1821.26,5463.78
1353,2025-01-15 16:45:19.263852772,Clothing,3,2906.5,8719.5
1391,2025-01-15 20:15:36.187237448,Clothing,2,4353.02,8706.04
1332,2025-01-15 23:45:53.110622124,Clothing,4,4653.81,18615.24
1305,2025-01-16 03:16:10.034006800,Home,4,1746.58,6986.32
1350,2025-01-16 06:46:26.957391480,Clothing,2,428.83,857.66
1213,2025-01-16 10:16:43.880776156,Beauty,5,2165.94,10829.7
1159,2025-01-16 13:47:00.804160832,Home,1,2032.29,2032.29
1442,2025-01-16 17:17:17.727545508,Sports,4,4933.79,19735.16
1445,2025-01-16 20:47:34.650930188,Electronics,2,2212.2,4424.4
1024,2025-01-17 00:17:51.574314864,Clothing,3,1598.04,4794.12
1404,2025-01-17 03:48:08.497699540,Sports,2,1890.35,3780.7
1293,2025-01-17 07:18:25.421084216,Beauty,5,2044.94,10224.7
1004,2025-01-17 10:48:42.344468896,Electronics,1,4125.55,4125.55
1220,2025-01-17 14:18:59.267853572,Sports,5,496.97,2484.85
1364,2025-01-17 17:49:16.191238248,Electronics,3,1650.88,4952.64
1382,2025-01-17 21:19:33.114622924,Clothing,3,4834.96,14504.88
1020,2025-01-18 00:49:50.038007600,Beauty,3,850.2,2550.6
1444,2025-01-18 04:20:06.961392280,Electronics,3,3738.75,11216.25
1152,2025-01-18 07:50:23.884776956,Sports,2,1846.33,3692.66
1050,2025-01-18 11:20:40.808161632,Clothing,3,2950.75,8852.25
1177,2025-01-18 14:50:57.731546308,Clothing,3,587.79,1763.37
1435,2025-01-18 18:21:14.654930988,Sports,2,1601.42,3202.84
1096,2025-01-18 21:51:31.578315664,Sports,3,2554.24,7662.72
1105,2025-01-19 01:21:48.501700340,Electronics,5,1235.33,6176.65
1420,2025-01-19 04:52:05.425085016,Home,5,2755.16,13775.8
1250,2025-01-19 08:22:22.348469696,Clothing,4,1176.82,4707.28
1117,2025-01-19 11:52:39.271854372,Electronics,5,3285.49,16427.45
1354,2025-01-19 15:22:56.195239048,Sports,1,4531.34,4531.34
1228,2025-01-19 18:53:13.118623724,Electronics,1,518.89,518.89
1066,2025-01-19 22:23:30.042008404,Sports,1,1161.42,1161.42
1335,2025-01-20 01:53:46.965393080,Beauty,2,4237.67,8475.34
1418,2025-01-20 05:24:03.888777756,Sports,5,3194.61,15973.05
1420,2025-01-20 08:54:20.812162432,Sports,1,485.67,485.67
1262,2025-01-20 12:24:37.735547108,Sports,4,2483.12,9932.48
1295,2025-01-20 15:54:54.658931788,Home,2,1127.82,2255.64
1426,2025-01-20 19:25:11.582316464,Sports,4,1075.57,4302.28
1243,2025-01-20 22:55:28.505701140,Clothing,5,4709.16,23545.8
1371,2025-01-21 02:25:45.429085816,Clothing,3,3831.55,11494.65
1186,2025-01-21 05:56:02.352470496,Electronics,4,3511.53,14046.12
1246,2025-01-21 09:26:19.275855172,Home,3,1270.75,3812.25
1125,2025-01-21 12:56:36.199239848,Electronics,2,681.01,1362.02
1268,2025-01-21 16:26:53.122624524,Clothing,4,4367.08,17468.32
1131,2025-01-21 19:57:10.046009204,Clothing,4,128.81,515.24
1237,2025-01-21 23:27:26.969393880,Beauty,2,2001.67,4003.34
1018,2025-01-22 02:57:43.892778556,Sports,2,1460.3,2920.6
1040,2025-01-22 06:28:00.816163232,Clothing,1,2894.84,2894.84
1021,2025-01-22 09:58:17.739547912,Electronics,5,1327.49,6637.45
1399,2025-01-22 13:28:34.662932588,Electronics,4,1624.91,6499.64
1225,2025-01-22 16:58:51.586317264,Sports,4,4265.2,17060.8
1355,2025-01-22 20:29:08.509701940,Sports,2,3055.63,6111.26
1282,2025-01-22 23:59:25.433086616,Beauty,2,813.84,1627.68
1008,2025-01-23 03:29:42.356471296,Home,5,3659.71,18298.55
1100,2025-01-23 06:59:59.279855972,Electronics,2,1116.55,2233.1
1240,2025-01-23 10:30:16.203240648,Sports,3,2221.72,6665.16
1478,2025-01-23 14:00:33.126625324,Electronics,3,3268.38,9805.14
1087,2025-01-23 17:30:50.050010004,Sports,3,1432.45,4297.35
1298,2025-01-23 21:01:06.973394680,Clothing,3,1982.12,5946.36
1428,2025-01-24 00:31:23.896779356,Electronics,5,3697.33,18486.65
1014,2025-01-24 04:01:40.820164032,Clothing,4,4695.76,18783.04
1334,2025-01-24 07:31:57.743548712,Electronics,3,2693.3,8079.9
1002,2025-01-24 11:02:14.666933388,Home,2,148.86,297.72
1375,2025-01-24 14:32:31.590318064,Beauty,3,1758.47,5275.41
1293,2025-01-24 18:02:48.513702740,Clothing,5,2053.31,10266.55
1325,2025-01-24 21:33:05.437087416,Sports,2,1761.95,3523.9
1422,2025-01-25 01:03:22.360472096,Home,3,2237.72,6713.16
1493,2025-01-25 04:33:39.283856772,Electronics,4,3200.06,12800.24
1041,2025-01-25 08:03:56.207241448,Clothing,2,693.53,1387.06
1318,2025-01-25 11:34:13.130626124,Electronics,2,1435.89,2871.78
1316,2025-01-25 15:04:30.054010804,Electronics,4,2587.48,10349.92
1381,2025-01-25 18:34:46.977395480,Electronics,2,1646.31,3292.62
1111,2025-01-25 22:05:03.900780156,Beauty,3,4956.32,14868.96
1014,2025-01-26 01:35:20.824164832,Beauty,2,2214.01,4428.02
1231,2025-01-26 05:05:37.747549512,Sports,3,4362.02,13086.06
1473,2025-01-26 08:35:54.670934188,Clothing,4,4492.9,17971.6
1084,2025-01-26 12:06:11.594318864,Home,1,4196.43,4196.43
1130,2025-01-26 15:36:28.517703540,Home,4,329.8,1319.2
1231,2025-01-26 19:06:45.441088220,Home,3,4743.96,14231.88
1326,2025-01-26 22:37:02.364472896,Electronics,5,730.84,3654.2
1145,2025-01-27 02:07:19.287857572,Beauty,4,268.58,1074.32
1379,2025-01-27 05:37:36.211242248,Clothing,5,2130.41,10652.05
1345,2025-01-27 09:07:53.134626924,Electronics,5,1053.71,5268.55
1028,2025-01-27 12:38:10.058011604,Beauty,3,1002.56,3007.68
1066,2025-01-27 16:08:26.981396280,Beauty,3,1510.32,4530.96
1163,2025-01-27 19:38:43.904780956,Clothing,1,1317.19,1317.19
1229,2025-01-27 23:09:00.828165632,Clothing,2,3455.5,6911.0
1261,2025-01-28 02:39:17.751550312,Clothing,4,1015.21,4060.84
1449,2025-01-28 06:09:34.674934988,Electronics,3,2761.28,8283.84
1424,2025-01-28 09:39:51.598319664,Sports,4,4933.49,19733.96
1460,2025-01-28 13:10:08.521704340,Clothing,5,2218.67,11093.35
1440,2025-01-28 16:40:25.445089020,Sports,2,3245.18,6490.36
1164,2025-01-28 20:10:42.368473696,Electronics,1,4849.92,4849.92
1301,2025-01-28 23:40:59.291858372,Sports,4,774.43,3097.72
1407,2025-01-29 03:11:16.215243048,Home,2,2151.17,4302.34
1303,2025-01-29 06:41:33.138627724,Sports,1,4265.94,4265.94
1287,2025-01-29 10:11:50.062012404,Clothing,4,4668.3,18673.2
1395,2025-01-29 13:42:06.985397080,Electronics,2,3046.06,6092.12
1010,2025-01-29 17:12:23.908781756,Clothing,3,802.76,2408.28
1195,2025-01-29 20:42:40.832166432,Home,4,4517.21,18068.84
1118,2025-01-30 00:12:57.755551112,Clothing,2,954.79,1909.58
1270,2025-01-30 03:43:14.678935788,Clothing,1,1829.1,1829.1
1080,2025-01-30 07:13:31.602320464,Clothing,2,1939.99,3879.98
1458,2025-01-30 10:43:48.525705140,Beauty,3,2291.73,6875.19
1093,2025-01-30 14:14:05.449089820,Home,4,3971.81,15887.24
1266,2025-01-30 17:44:22.372474496,Clothing,4,4030.51,16122.04
1332,2025-01-30 21:14:39.295859172,Clothing,4,3626.31,14505.24
1350,2025-01-31 00:44:56.219243848,Clothing,3,208.43,625.29
1361,2025-01-31 04:15:13.142628528,Electronics,1,2867.74,2867.74
1257,2025-01-31 07:45:30.066013204,Beauty,4,3762.72,15050.88
1133,2025-01-31 11:15:46.989397880,Electronics,1,2278.66,2278.66
1276,2025-01-31 14:46:03.912782556,Beauty,2,4730.19,9460.38
1264,2025-01-31 18:16:20.836167232,Clothing,1,4136.67,4136.67
1171,2025-01-31 21:46:37.759551912,Home,1,3226.96,3226.96
1460,2025-02-01 01:16:54.682936588,Sports,4,405.88,1623.52
1001,2025-02-01 04:47:11.606321264,Sports,5,3296.5,16482.5
1313,2025-02-01 08:17:28.529705940,Clothing,5,4566.74,22833.7
1064,2025-02-01 11:47:45.453090620,Electronics,3,1959.28,5877.84
1374,2025-02-01 15:18:02.376475296,Home,3,4206.85,12620.55
1468,2025-02-01 18:48:19.299859972,Beauty,5,1634.49,8172.45
1284,2025-02-01 22:18:36.223244648,Clothing,2,2893.51,5787.02
1121,2025-02-02 01:48:53.146629328,Home,4,3277.28,13109.12
1107,2025-02-02 05:19:10.070014004,Home,4,3422.18,13688.72
1421,2025-02-02 08:49:26.993398680,Beauty,2,4424.49,8848.98
1175,2025-02-02 12:19:43.916783356,Home,2,1249.65,2499.3
1485,2025-02-02 15:50:00.840168036,Electronics,5,1385.61,6928.05
1204,2025-02-02 19:20:17.763552712,Electronics,3,3549.8,10649.4
1165,2025-02-02 22:50:34.686937388,Electronics,2,968.25,1936.5
1305,2025-02-03 02:20:51.610322064,Home,3,2374.92,7124.76
1497,2025-02-03 05:51:08.533706740,Electronics,1,198.17,198.17
1120,2025-02-03 09:21:25.457091420,Beauty,4,790.8,3163.2
1044,2025-02-03 12:51:42.380476096,Home,5,3426.35,17131.75
1312,2025-02-03 16:21:59.303860772,Sports,4,3762.56,15050.24
1156,2025-02-03 19:52:16.227245448,Home,5,665.06,3325.3
1367,2025-02-03 23:22:33.150630128,Beauty,1,1215.78,1215.78
1207,2025-02-04 02:52:50.074014804,Sports,4,584.63,2338.52
1390,2025-02-04 06:23:06.997399480,Home,1,2223.72,2223.72
1108,2025-02-04 09:53:23.920784156,Electronics,5,717.97,3589.85
1251,2025-02-04 13:23:40.844168836,Clothing,2,2242.75,4485.5
1445,2025-02-04 16:53:57.767553512,Clothing,4,3687.28,14749.12
1404,2025-02-04 20:24:14.690938188,Electronics,1,3448.6,3448.6
1370,2025-02-04 23:54:31.614322864,Clothing,4,1474.26,5897.04
1334,2025-02-05 03:24:48.537707540,Clothing,4,3401.44,13605.76
1130,2025-02-05 06:55:05.461092220,Electronics,4,4645.79,18583.16
1457,2025-02-05 10:25:22.384476896,Electronics,3,1802.87,5408.61
1293,2025-02-05 13:55:39.307861572,Home,1,1712.68,1712.68
1020,2025-02-05 17:25:56.231246248,Home,1,2900.05,2900.05
1282,2025-02-05 20:56:13.154630928,Electronics,4,1302.96,5211.84
1285,2025-02-06 00:26:30.078015604,Beauty,2,3292.74,6585.48
1001,2025-02-06 03:56:47.001400280,Clothing,4,4178.08,16712.32
1119,2025-02-06 07:27:03.924784956,Home,3,2350.66,7051.98
1035,2025-02-06 10:57:20.848169636,Clothing,5,3429.59,17147.95
1198,2025-02-06 14:27:37.771554312,Sports,3,3294.24,9882.72
1485,2025-02-06 17:57:54.694938988,Electronics,2,289.46,578.92
1245,2025-02-06 21:28:11.618323664,Beauty,4,998.74,3994.96
1059,2025-02-07 00:58:28.541708344,Sports,1,4478.3,4478.3
1325,2025-02-07 04:28:45.465093020,Sports,4,4700.57,18802.28
1161,2025-02-07 07:59:02.388477696,Sports,2,3924.15,7848.3
1497,2025-02-07 11:29:19.311862372,Electronics,1,4614.12,4614.12
1179,2025-02-07 14:59:36.235247048,Home,3,1600.13,4800.39
1206,2025-02-07 18:29:53.158631728,Electronics,5,1313.78,6568.9
1012,2025-02-07 22:00:10.082016404,Home,5,1983.07,9915.35
1490,2025-02-08 01:30:27.005401080,Sports,4,371.18,1484.72
1276,2025-02-08 05:00:43.928785756,Sports,3,4068.37,12205.11
1181,2025-02-08 08:31:00.852170436,Beauty,2,4922.46,9844.92
1242,2025-02-08 12:01:17.775555112,Home,5,4137.74,20688.7
1216,2025-02-08 15:31:34.698939788,Sports,3,2819.38,8458.14
1251,2025-02-08 19:01:51.622324464,Clothing,4,1546.88,6187.52
1299,2025-02-08 22:32:08.545709144,Beauty,1,1068.72,1068.72
1126,2025-02-09 02:02:25.469093820,Electronics,4,1883.91,7535.64
1482,2025-02-09 05:32:42.392478496,Beauty,4,3368.15,13472.6
1217,2025-02-09 09:02:59.315863172,Clothing,3,2290.6,6871.8
1306,2025-02-09 12:33:16.239247852,Home,5,4676.89,23384.45
1285,2025-02-09 16:03:33.162632528,Electronics,3,4285.68,12857.04
1185,2025-02-09 19:33:50.086017204,Electronics,1,601.76,601.76
1039,2025-02-09 23:04:07.009401880,Home,3,744.47,2233.41
1223,2025-02-10 02:34:23.932786556,Beauty,2,3413.57,6827.14
1184,2025-02-10 06:04:40.856171236,Sports,4,1230.77,4923.08
1495,2025-02-10 09:34:57.779555912,Beauty,5,3976.05,19880.25
1427,2025-02-10 13:05:14.702940588,Clothing,1,2997.65,2997.65
1178,2025-02-10 16:35:31.626325264,Sports,4,1226.17,4904.68
1407,2025-02-10 20:05:48.549709944,Beauty,3,2445.57,7336.71
1428,2025-02-10 23:36:05.473094620,Home,2,2089.77,4179.54
1294,2025-02-11 03:06:22.396479296,Clothing,3,4378.48,13135.44
1340,2025-02-11 06:36:39.319863972,Clothing,4,257.6,1030.4
1151,2025-02-11 10:06:56.243248652,Clothing,1,4489.64,4489.64
1384,2025-02-11 13:37:13.166633328,Sports,5,3295.21,16476.05
1126,2025-02-11 17:07:30.090018004,Electronics,4,3713.94,14855.76
1301,2025-02-11 20:37:47.013402680,Sports,1,112.78,112.78
1308,2025-02-12 00:08:03.936787356,Beauty,4,3178.37,12713.48
1336,2025-02-12 03:38:20.860172036,Electronics,2,2983.58,5967.16
1434,2025-02-12 07:08:37.783556712,Beauty,3,2732.31,8196.93
1234,2025-02-12 10:38:54.706941388,Electronics,5,3950.75,19753.75
1380,2025-02-12 14:09:11.630326064,Sports,1,2823.77,2823.77
1375,2025-02-12 17:39:28.553710744,Clothing,5,4299.78,21498.9
1008,2025-02-12 21:09:45.477095420,Home,5,1239.89,6199.45
1498,2025-02-13 00:40:02.400480096,Clothing,5,4049.31,20246.55
1341,2025-02-13 04:10:19.323864772,Sports,1,978.63,978.63
1129,2025-02-13 07:40:36.247249452,Electronics,1,4084.28,4084.28
1264,2025-02-13 11:10:53.170634128,Clothing,5,4708.27,23541.35
1157,2025-02-13 14:41:10.094018804,Sports,3,1744.9,5234.7
1352,2025-02-13 18:11:27.017403480,Beauty,4,2696.44,10785.76
1358,2025-02-13 21:41:43.940788160,Home,5,3325.81,16629.05
1005,2025-02-14 01:12:00.864172836,Clothing,2,489.41,978.82
1495,2025-02-14 04:42:17.787557512,Electronics,5,2521.0,12605.0
1086,2025-02-14 08:12:34.710942188,Beauty,1,1866.87,1866.87
1175,2025-02-14 11:42:51.634326864,Sports,4,4375.03,17500.12
1290,2025-02-14 15:13:08.557711544,Home,2,4395.73,8791.46
1193,2025-02-14 18:43:25.481096220,Electronics,4,3533.82,14135.28
1311,2025-02-14 22:13:42.404480896,Sports,4,3313.05,13252.2
1119,2025-02-15 01:43:59.327865572,Sports,2,3695.07,7390.14
1218,2025-02-15 05:14:16.251250252,Clothing,5,1893.34,9466.7
1427,2025-02-15 08:44:33.174634928,Clothing,5,2082.14,10410.7
1458,2025-02-15 12:14:50.098019604,Electronics,5,2813.15,14065.75
1414,2025-02-15 15:45:07.021404280,Sports,3,4696.34,14089.02
1114,2025-02-15 19:15:23.944788960,Clothing,5,3647.6,18238.0
1466,2025-02-15 22:45:40.868173636,Home,2,2799.85,5599.7
1145,2025-02-16 02:15:57.791558312,Home,3,3875.02,11625.06
1026,2025-02-16 05:46:14.714942988,Sports,5,1917.36,9586.8
1136,2025-02-16 09:16:31.638327664,Clothing,3,3679.29,11037.87
1303,2025-02-16 12:46:48.561712344,Electronics,2,2112.31,4224.62
1232,2025-02-16 16:17:05.485097020,Electronics,5,1470.34,7351.7
1369,2025-02-16 19:47:22.408481696,Electronics,1,3087.65,3087.65
1076,2025-02-16 23:17:39.331866372,Home,2,3465.7,6931.4
1475,2025-02-17 02:47:56.255251052,Clothing,4,2350.54,9402.16
1328,2025-02-17 06:18:13.178635728,Clothing,4,2870.95,11483.8
1345,2025-02-17 09:48:30.102020404,Home,2,3500.92,7001.84
1302,2025-02-17 13:18:47.025405080,Electronics,4,3861.78,15447.12
1452,2025-02-17 16:49:03.948789760,Electronics,2,4488.3,8976.6
1289,2025-02-17 20:19:20.872174436,Sports,1,1837.27,1837.27
1001,2025-02-17 23:49:37.795559112,Beauty,2,4762.24,9524.48
1147,2025-02-18 03:19:54.718943788,Clothing,5,3222.67,16113.35
1287,2025-02-18 06:50:11.642328468,Clothing,5,3959.74,19798.7
1464,2025-02-18 10:20:28.565713144,Clothing,3,3528.87,10586.61
1142,2025-02-18 13:50:45.489097820,Beauty,4,1107.3,4429.2
1053,2025-02-18 17:21:02.412482496,Sports,4,450.05,1800.2
1304,2025-02-18 20:51:19.335867172,Beauty,2,3658.8,7317.6
1069,2025-02-19 00:21:36.259251852,Electronics,4,2604.16,10416.64
1361,2025-02-19 03:51:53.182636528,Electronics,5,3540.85,17704.25
1090,2025-02-19 07:22:10.106021204,Clothing,1,2436.53,2436.53
1446,2025-02-19 10:52:27.029405880,Home,2,1629.95,3259.9
1220,2025-02-19 14:22:43.952790560,Clothing,4,1496.59,5986.36
1450,2025-02-19 17:53:00.876175236,Home,5,3679.61,18398.05
1498,2025-02-19 21:23:17.799559912,Beauty,3,1456.22,4368.66
1192,2025-02-20 00:53:34.722944588,Electronics,4,3601.92,14407.68
1454,2025-02-20 04:23:51.646329268,Home,1,1981.4,1981.4
1063,2025-02-20 07:54:08.569713944,Beauty,1,3877.4,3877.4
1073,2025-02-20 11:24:25.493098620,Electronics,4,799.77,3199.08
1161,2025-02-20 14:54:42.416483296,Home,4,1104.4,4417.6
1169,2025-02-20 18:24:59.339867976,Clothing,5,3460.97,17304.85
1089,2025-02-20 21:55:16.263252652,Clothing,4,2845.13,11380.52
1176,2025-02-21 01:25:33.186637328,Clothing,3,1099.0,3297.0
1269,2025-02-21 04:55:50.110022008,Beauty,5,4523.85,22619.25
1073,2025-02-21 08:26:07.033406680,Clothing,2,1452.13,2904.26
1245,2025-02-21 11:56:23.956791360,Sports,3,2163.25,6489.75
1077,2025-02-21 15:26:40.880176032,Electronics,5,1091.21,5456.05
1159,2025-02-21 18:56:57.803560712,Beauty,5,2001.34,10006.7
1489,2025-02-21 22:27:14.726945392,Clothing,1,2509.07,2509.07
1459,2025-02-22 01:57:31.650330064,Electronics,5,1546.71,7733.55
1324,2025-02-22 05:27:48.573714744,Home,3,3868.56,11605.68
1098,2025-02-22 08:58:05.497099424,Clothing,4,2030.27,8121.08
1381,2025-02-22 12:28:22.420484096,Electronics,3,3674.6,11023.8
1102,2025-02-22 15:58:39.343868776,Sports,2,1114.65,2229.3
1494,2025-02-22 19:28:56.267253448,Home,5,1947.47,9737.35
1132,2025-02-22 22:59:13.190638128,Sports,5,139.49,697.45
1102,2025-02-23 02:29:30.114022808,Electronics,5,3817.32,19086.6
1019,2025-02-23 05:59:47.037407480,Sports,5,3166.84,15834.2
1454,2025-02-23 09:30:03.960792160,Electronics,1,4107.33,4107.33
1482,2025-02-23 13:00:20.884176832,Electronics,1,2332.49,2332.49
1082,2025-02-23 16:30:37.807561512,Sports,4,4018.73,16074.92
1397,2025-02-23 20:00:54.730946192,Electronics,5,3273.15,16365.75
1489,2025-02-23 23:31:11.654330864,Clothing,2,117.7,235.4
1279,2025-02-24 03:01:28.577715544,Electronics,4,1343.1,5372.4
1339,2025-02-24 06:31:45.501100224,Beauty,5,2520.07,12600.35
1365,2025-02-24 10:02:02.424484896,Electronics,1,3131.57,3131.57
1331,2025-02-24 13:32:19.347869576,Beauty,2,421.4,842.8
1129,2025-02-24 17:02:36.271254248,Electronics,4,3554.89,14219.56
1344,2025-02-24 20:32:53.194638928,Electronics,2,2763.33,5526.66
1310,2025-02-25 00:03:10.118023608,Sports,5,2676.32,13381.6
1455,2025-02-25 03:33:27.041408280,Clothing,3,1531.02,4593.06
1089,2025-02-25 07:03:43.964792960,Clothing,2,3014.63,6029.26
1213,2025-02-25 10:34:00.888177632,Home,2,234.72,469.44
1143,2025-02-25 14:04:17.811562312,Sports,1,417.03,417.03
1065,2025-02-25 17:34:34.734946992,Sports,5,3695.96,18479.8
1076,2025-02-25 21:04:51.658331664,Clothing,2,1677.27,3354.54
1199,2025-02-26 00:35:08.581716344,Sports,5,1800.14,9000.7
1143,2025-02-26 04:05:25.505101024,Clothing,1,1121.09,1121.09
1405,2025-02-26 07:35:42.428485696,Sports,5,2283.54,11417.7
1403,2025-02-26 11:05:59.351870376,Electronics,1,354.77,354.77
1316,2025-02-26 14:36:16.275255048,Clothing,1,1571.78,1571.78
1093,2025-02-26 18:06:33.198639728,Clothing,4,2682.91,10731.64
1473,2025-02-26 21:36:50.122024408,Beauty,5,2381.6,11908.0
1417,2025-02-27 01:07:07.045409080,Sports,3,4998.38,14995.14
1305,2025-02-27 04:37:23.968793760,Sports,4,2004.95,8019.8
1224,2025-02-27 08:07:40.892178440,Clothing,1,1996.3,1996.3
1497,2025-02-27 11:37:57.815563112,Electronics,3,2567.55,7702.65
1291,2025-02-27 15:08:14.738947792,Electronics,2,1032.49,2064.98
1428,2025-02-27 18:38:31.662332464,Electronics,2,4393.89,8787.78
1102,2025-02-27 22:08:48.585717144,Sports,4,2904.11,11616.44
1474,2025-02-28 01:39:05.509101824,Beauty,3,1041.33,3123.99
1267,2025-02-28 05:09:22.432486496,Clothing,5,3987.86,19939.3
1355,2025-02-28 08:39:39.355871176,Home,3,268.23,804.69
1456,2025-02-28 12:09:56.279255848,Beauty,4,4914.56,19658.24
1110,2025-02-28 15:40:13.202640528,Home,5,4339.23,21696.15
1462,2025-02-28 19:10:30.126025208,Beauty,5,2940.23,14701.15
1330,2025-02-28 22:40:47.049409880,Electronics,2,645.35,1290.7
1450,2025-03-01 02:11:03.972794560,Sports,3,1154.84,3464.52
1430,2025-03-01 05:41:20.896179240,Home,5,1469.23,7346.15
1265,2025-03-01 09:11:37.819563912,Beauty,4,1281.06,5124.24
1003,2025-03-01 12:41:54.742948592,Sports,2,2537.85,5075.7
1085,2025-03-01 16:12:11.666333264,Home,5,4728.35,23641.75
1282,2025-03-01 19:42:28.589717944,Clothing,3,2276.45,6829.35
1328,2025-03-01 23:12:45.513102624,Beauty,2,3341.67,6683.34
1304,2025-03-02 02:43:02.436487296,Clothing,3,3474.06,10422.18
1450,2025-03-02 06:13:19.359871976,Electronics,3,4370.75,13112.25
1454,2025-03-02 09:43:36.283256648,Clothing,3,265.72,797.16
1412,2025-03-02 13:13:53.206641328,Clothing,2,2081.22,4162.44
1117,2025-03-02 16:44:10.130026008,Beauty,5,3945.2,19726.0
1221,2025-03-02 20:14:27.053410680,Electronics,1,4092.85,4092.85
1154,2025-03-02 23:44:43.976795360,Clothing,5,4643.93,23219.65
1153,2025-03-03 03:15:00.900180040,Sports,2,3543.69,7087.38
1012,2025-03-03 06:45:17.823564712,Home,1,1301.25,1301.25
1133,2025-03-03 10:15:34.746949392,Clothing,1,2577.76,2577.76
1482,2025-03-03 13:45:51.670334064,Electronics,1,258.49,258.49
1304,2025-03-03 17:16:08.593718744,Clothing,4,3269.95,13079.8
1293,2025-03-03 20:46:25.517103424,Home,2,2816.05,5632.1
1463,2025-03-04 00:16:42.440488096,Electronics,4,3367.5,13470.0
1300,2025-03-04 03:46:59.363872776,Beauty,1,4657.69,4657.69
1228,2025-03-04 07:17:16.287257448,Electronics,4,3467.66,13870.64
1271,2025-03-04 10:47:33.210642128,Beauty,4,1670.2,6680.8
1043,2025-03-04 14:17:50.134026808,Electronics,2,1073.81,2147.62
1432,2025-03-04 17:48:07.057411480,Home,3,4287.72,12863.16
1343,2025-03-04 21:18:23.980796160,Home,4,1052.23,4208.92
1326,2025-03-05 00:48:40.904180840,Electronics,4,891.89,3567.56
1302,2025-03-05 04:18:57.827565512,Clothing,1,1112.4,1112.4
1498,2025-03-05 07:49:14.750950192,Home,1,2593.32,2593.32
1364,2025-03-05 11:19:31.674334864,Beauty,1,708.52,708.52
1379,2025-03-05 14:49:48.597719544,Beauty,5,4696.78,23483.9
1427,2025-03-05 18:20:05.521104224,Sports,4,4834.64,19338.56
1493,2025-03-05 21:50:22.444488896,Beauty,1,4871.63,4871.63
1021,2025-03-06 01:20:39.367873576,Sports,2,291.71,583.42
1407,2025-03-06 04:50:56.291258256,Electronics,5,4736.37,23681.85
1107,2025-03-06 08:21:13.214642928,Electronics,3,4987.33,14961.99
1336,2025-03-06 11:51:30.138027608,Electronics,4,4717.9,18871.6
1303,2025-03-06 15:21:47.061412280,Clothing,4,3387.6,13550.4
1117,2025-03-06 18:52:03.984796960,Clothing,2,3536.03,7072.06
1124,2025-03-06 22:22:20.908181640,Sports,3,699.04,2097.12
1399,2025-03-07 01:52:37.831566312,Beauty,3,4384.06,13152.18
1281,2025-03-07 05:22:54.754950992,Beauty,5,392.23,1961.15
1292,2025-03-07 08:53:11.678335664,Electronics,4,1656.88,6627.52
1203,2025-03-07 12:23:28.601720344,Home,1,4956.64,4956.64
1051,2025-03-07 15:53:45.525105024,Clothing,2,2169.41,4338.82
1271,2025-03-07 19:24:02.448489696,Clothing,2,742.67,1485.34
1324,2025-03-07 22:54:19.371874376,Electronics,2,4849.54,9699.08
1277,2025-03-08 02:24:36.295259056,Clothing,2,4922.28,9844.56
1141,2025-03-08 05:54:53.218643728,Electronics,1,1016.51,1016.51
1470,2025-03-08 09:25:10.142028408,Sports,1,4337.54,4337.54
1275,2025-03-08 12:55:27.065413080,Beauty,5,2013.07,10065.35
1290,2025-03-08 16:25:43.988797760,Home,4,1968.71,7874.84
1334,2025-03-08 19:56:00.912182440,Beauty,1,1387.22,1387.22
1381,2025-03-08 23:26:17.835567112,Beauty,5,319.08,1595.4
1452,2025-03-09 02:56:34.758951792,Sports,3,1413.24,4239.72
1496,2025-03-09 06:26:51.682336464,Clothing,4,363.51,1454.04
1373,2025-03-09 09:57:08.605721144,Home,1,4629.42,4629.42
1052,2025-03-09 13:27:25.529105824,Clothing,3,3342.43,10027.29
1494,2025-03-09 16:57:42.452490496,Beauty,5,4444.45,22222.25
1027,2025-03-09 20:27:59.375875176,Electronics,1,3614.72,3614.72
1157,2025-03-09 23:58:16.299259856,Beauty,1,743.31,743.31
1239,2025-03-10 03:28:33.222644528,Clothing,3,4708.85,14126.55
1156,2025-03-10 06:58:50.146029208,Beauty,1,4509.48,4509.48
1291,2025-03-10 10:29:07.069413880,Electronics,2,1805.57,3611.14
1136,2025-03-10 13:59:23.992798560,Sports,1,646.51,646.51
1144,2025-03-10 17:29:40.916183240,Clothing,4,3550.36,14201.44
1106,2025-03-10 20:59:57.839567912,Beauty,3,3668.97,11006.91
1420,2025-03-11 00:30:14.762952592,Clothing,4,4494.46,17977.84
1158,2025-03-11 04:00:31.686337264,Sports,5,358.01,1790.05
1146,2025-03-11 07:30:48.609721944,Beauty,4,794.35,3177.4
1002,2025-03-11 11:01:05.533106624,Beauty,2,3031.42,6062.84
1433,2025-03-11 14:31:22.456491296,Clothing,2,3133.74,6267.48
1077,2025-03-11 18:01:39.379875976,Clothing,4,264.69,1058.76
1132,2025-03-11 21:31:56.303260656,Electronics,5,2044.97,10224.85
1090,2025-03-12 01:02:13.226645328,Sports,1,2962.39,2962.39
1345,2025-03-12 04:32:30.150030008,Electronics,2,3715.77,7431.54
1350,2025-03-12 08:02:47.073414680,Beauty,4,1649.14,6596.56
1459,2025-03-12 11:33:03.996799360,Clothing,4,2471.13,9884.52
1263,2025-03-12 15:03:20.920184040,Beauty,4,4088.87,16355.48
1351,2025-03-12 18:33:37.843568712,Beauty,1,4774.09,4774.09
1108,2025-03-12 22:03:54.766953392,Home,3,1228.54,3685.62
1074,2025-03-13 01:34:11.690338072,Home,5,1339.91,6699.55
1039,2025-03-13 05:04:28.613722744,Beauty,3,4705.11,14115.33
1397,2025-03-13 08:34:45.537107424,Clothing,5,2039.96,10199.8
1159,2025-03-13 12:05:02.460492096,Beauty,5,3619.91,18099.55
1071,2025-03-13 15:35:19.383876776,Home,4,3100.1,12400.4
1447,2025-03-13 19:05:36.307261456,Clothing,2,1499.38,2998.76
1312,2025-03-13 22:35:53.230646128,Beauty,4,3302.45,13209.8
1241,2025-03-14 02:06:10.154030808,Sports,1,3312.27,3312.27
1426,2025-03-14 05:36:27.077415480,Sports,5,3002.97,15014.85
1445,2025-03-14 09:06:44.000800160,Beauty,2,588.34,1176.68
1298,2025-03-14 12:37:00.924184840,Clothing,5,4976.34,24881.7
1440,2025-03-14 16:07:17.847569512,Beauty,5,2062.04,10310.2
1036,2025-03-14 19:37:34.770954192,Beauty,4,3227.43,12909.72
1084,2025-03-14 23:07:51.694338872,Home,2,4440.23,8880.46
1452,2025-03-15 02:38:08.617723544,Sports,2,2174.11,4348.22
1374,2025-03-15 06:08:25.541108224,Home,5,3892.23,19461.15
1263,2025-03-15 09:38:42.464492896,Home,2,4861.94,9723.88
1310,2025-03-15 13:08:59.387877576,Beauty,2,1858.78,3717.56
1385,2025-03-15 16:39:16.311262256,Home,4,2085.82,8343.28
1172,2025-03-15 20:09:33.234646928,Sports,3,4537.32,13611.96
1376,2025-03-15 23:39:50.158031608,Home,1,882.25,882.25
1173,2025-03-16 03:10:07.081416280,Sports,3,240.11,720.33
1362,2025-03-16 06:40:24.004800960,Home,2,4553.56,9107.12
1047,2025-03-16 10:10:40.928185640,Sports,5,4125.8,20629.0
1379,2025-03-16 13:40:57.851570312,Home,1,4865.66,4865.66
1141,2025-03-16 17:11:14.774954992,Home,1,385.37,385.37
1375,2025-03-16 20:41:31.698339672,Clothing,5,865.27,4326.35
1406,2025-03-17 00:11:48.621724344,Sports,1,616.03,616.03
1118,2025-03-17 03:42:05.545109024,Sports,5,3448.74,17243.7
1277,2025-03-17 07:12:22.468493696,Sports,1,3069.45,3069.45
1214,2025-03-17 10:42:39.391878376,Electronics,3,1860.74,5582.22
1220,2025-03-17 14:12:56.315263056,Home,1,381.38,381.38
1393,2025-03-17 17:43:13.238647728,Sports,4,3234.34,12937.36
1026,2025-03-17 21:13:30.162032408,Electronics,5,2893.59,14467.95
1009,2025-03-18 00:43:47.085417080,Clothing,1,653.23,653.23
1271,2025-03-18 04:14:04.008801760,Sports,5,4553.66,22768.3
1010,2025-03-18 07:44:20.932186440,Sports,4,1074.85,4299.4
1472,2025-03-18 11:14:37.855571112,Electronics,1,3743.19,3743.19
1378,2025-03-18 14:44:54.778955792,Home,1,4436.87,4436.87
1121,2025-03-18 18:15:11.702340472,Clothing,4,2939.43,11757.72
1125,2025-03-18 21:45:28.625725144,Sports,4,1309.56,5238.24
1170,2025-03-19 01:15:45.549109824,Home,4,1615.32,6461.28
1072,2025-03-19 04:46:02.472494496,Clothing,5,4440.16,22200.8
1152,2025-03-19 08:16:19.395879176,Beauty,4,1561.46,6245.84
1208,2025-03-19 11:46:36.319263856,Beauty,5,3756.33,18781.65
1049,2025-03-19 15:16:53.242648528,Clothing,3,4951.81,14855.43
1154,2025-03-19 18:47:10.166033208,Electronics,1,4999.1,4999.1
1347,2025-03-19 22:17:27.089417888,Clothing,1,2714.05,2714.05
1293,2025-03-20 01:47:44.012802560,Clothing,2,4150.12,8300.24
1068,2025-03-20 05:18:00.936187240,Electronics,3,4952.22,14856.66
1050,2025-03-20 08:48:17.859571912,Electronics,4,1935.9,7743.6
1152,2025-03-20 12:18:34.782956592,Home,4,1336.81,5347.24
1019,2025-03-20 15:48:51.706341272,Home,3,659.74,1979.22
1100,2025-03-20 19:19:08.629725944,Electronics,4,790.41,3161.64
1060,2025-03-20 22:49:25.553110624,Beauty,2,4282.43,8564.86
1167,2025-03-21 02:19:42.476495296,Beauty,5,2984.74,14923.7
1202,2025-03-21 05:49:59.399879976,Clothing,1,4381.17,4381.17
1345,2025-03-21 09:20:16.323264656,Sports,3,3968.33,11904.99
1146,2025-03-21 12:50:33.246649328,Clothing,1,3401.35,3401.35
1403,2025-03-21 16:20:50.170034008,Clothing,5,3085.63,15428.15
1164,2025-03-21 19:51:07.093418688,Sports,3,336.86,1010.58
1458,2025-03-21 23:21:24.016803360,Electronics,5,4374.15,21870.75
1481,2025-03-22 02:51:40.940188040,Beauty,4,2147.43,8589.72
1439,2025-03-22 06:21:57.863572712,Clothing,4,2842.96,11371.84
1242,2025-03-22 09:52:14.786957392,Sports,4,207.57,830.28
1069,2025-03-22 13:22:31.710342072,Home,5,4686.76,23433.8
1175,2025-03-22 16:52:48.633726744,Clothing,5,4523.43,22617.15
1049,2025-03-22 20:23:05.557111424,Beauty,5,2762.06,13810.3
1483,2025-03-22 23:53:22.480496096,Electronics,1,2928.83,2928.83
1108,2025-03-23 03:23:39.403880776,Clothing,5,3554.58,17772.9
1226,2025-03-23 06:53:56.327265456,Clothing,4,1397.0,5588.0
1161,2025-03-23 10:24:13.250650128,Sports,2,1187.39,2374.78
1119,2025-03-23 13:54:30.174034808,Home,5,3402.71,17013.55
1149,2025-03-23 17:24:47.097419488,Home,2,611.67,1223.34
1465,2025-03-23 20:55:04.020804160,Electronics,4,2324.9,9299.6
1150,2025-03-24 00:25:20.944188840,Beauty,5,2514.53,12572.65
1432,2025-03-24 03:55:37.867573512,Electronics,1,1968.55,1968.55
1293,2025-03-24 07:25:54.790958192,Clothing,1,1007.81,1007.81
1143,2025-03-24 10:56:11.714342872,Clothing,2,1841.05,3682.1
1419,2025-03-24 14:26:28.637727544,Home,1,1754.03,1754.03
1476,2025-03-24 17:56:45.561112224,Beauty,1,2546.4,2546.4
1455,2025-03-24 21:27:02.484496896,Sports,1,3405.94,3405.94
1160,2025-03-25 00:57:19.407881576,Beauty,4,4844.35,19377.4
1011,2025-03-25 04:27:36.331266256,Clothing,1,806.4,806.4
1138,2025-03-25 07:57:53.254650928,Sports,3,4377.78,13133.34
1457,2025-03-25 11:28:10.178035608,Beauty,5,1492.47,7462.35
1078,2025-03-25 14:58:27.101420288,Beauty,1,2997.73,2997.73
1077,2025-03-25 18:28:44.024804960,Sports,1,2779.01,2779.01
1441,2025-03-25 21:59:00.948189640,Clothing,1,2829.05,2829.05
1254,2025-03-26 01:29:17.871574312,Beauty,3,3644.46,10933.38
1409,2025-03-26 04:59:34.794958992,Sports,1,1970.27,1970.27
1258,2025-03-26 08:29:51.718343672,Clothing,1,1663.59,1663.59
1320,2025-03-26 12:00:08.641728344,Sports,5,4278.89,21394.45
1291,2025-03-26 15:30:25.565113024,Sports,3,1178.47,3535.41
1263,2025-03-26 19:00:42.488497704,Beauty,3,983.21,2949.63
1085,2025-03-26 22:30:59.411882376,Clothing,1,176.48,176.48
1146,2025-03-27 02:01:16.335267056,Beauty,3,1131.83,3395.49
1323,2025-03-27 05:31:33.258651728,Electronics,2,2640.8,5281.6
1042,2025-03-27 09:01:50.182036408,Electronics,3,2738.69,8216.07
1374,2025-03-27 12:32:07.105421088,Clothing,3,1346.66,4039.98
1125,2025-03-27 16:02:24.028805760,Sports,3,454.14,1362.42
1167,2025-03-27 19:32:40.952190440,Beauty,4,3748.74,14994.96
1425,2025-03-27 23:02:57.875575112,Beauty,4,3814.08,15256.32
1241,2025-03-28 02:33:14.798959792,Clothing,4,4989.4,19957.6
1459,2025-03-28 06:03:31.722344472,Clothing,3,4510.14,13530.42
1487,2025-03-28 09:33:48.645729144,Electronics,2,4637.7,9275.4
1280,2025-03-28 13:04:05.569113824,Home,3,4011.2,12033.6
1188,2025-03-28 16:34:22.492498504,Clothing,1,3115.96,3115.96
1302,2025-03-28 20:04:39.415883176,Home,2,729.88,1459.76
1019,2025-03-28 23:34:56.339267856,Clothing,4,3149.34,12597.36
1068,2025-03-29 03:05:13.262652528,Sports,5,374.18,1870.9
1218,2025-03-29 06:35:30.186037208,Sports,2,4437.97,8875.94
1102,2025-03-29 10:05:47.109421888,Electronics,4,2460.92,9843.68
1042,2025-03-29 13:36:04.032806560,Electronics,2,3517.62,7035.24
1288,2025-03-29 17:06:20.956191240,Home,2,355.99,711.98
1167,2025-03-29 20:36:37.879575912,Clothing,3,2717.82,8153.46
1109,2025-03-30 00:06:54.802960592,Beauty,1,1576.19,1576.19
1494,2025-03-30 03:37:11.726345272,Electronics,5,1496.34,7481.7
1036,2025-03-30 07:07:28.649729944,Beauty,4,2009.31,8037.24
1232,2025-03-30 10:37:45.573114624,Beauty,2,103.13,206.26
1229,2025-03-30 14:08:02.496499304,Clothing,5,2386.64,11933.2
1353,2025-03-30 17:38:19.419883976,Home,2,2484.18,4968.36
1164,2025-03-30 21:08:36.343268656,Clothing,1,4329.34,4329.34
1387,2025-03-31 00:38:53.266653328,Electronics,5,2297.78,11488.9
1073,2025-03-31 04:09:10.190038008,Beauty,4,1881.43,7525.72
1136,2025-03-31 07:39:27.113422688,Clothing,2,4974.26,9948.52
1353,2025-03-31 11:09:44.036807360,Clothing,1,2898.95,2898.95
1379,2025-03-31 14:40:00.960192040,Clothing,5,2415.8,12079.0
1070,2025-03-31 18:10:17.883576712,Electronics,2,2530.09,5060.18
1425,2025-03-31 21:40:34.806961392,Home,2,4064.99,8129.98
1487,2025-04-01 01:10:51.730346072,Clothing,4,1769.31,7077.24
1196,2025-04-01 04:41:08.653730744,Electronics,1,2006.89,2006.89
1269,2025-04-01 08:11:25.577115424,Beauty,3,3803.78,11411.34
1049,2025-04-01 11:41:42.500500104,Sports,2,457.62,915.24
1316,2025-04-01 15:11:59.423884776,Electronics,5,4339.33,21696.65
1130,2025-04-01 18:42:16.347269456,Sports,4,2207.99,8831.96
1444,2025-04-01 22:12:33.270654128,Clothing,4,2948.34,11793.36
1005,2025-04-02 01:42:50.194038808,Clothing,2,3811.63,7623.26
1428,2025-04-02 05:13:07.117423488,Electronics,2,1403.65,2807.3
1027,2025-04-02 08:43:24.040808160,Sports,2,4462.54,8925.08
1160,2025-04-02 12:13:40.964192840,Clothing,3,4898.2,14694.6
1149,2025-04-02 15:43:57.887577520,Beauty,2,2521.94,5043.88
1264,2025-04-02 19:14:14.810962192,Home,1,4690.99,4690.99
1230,2025-04-02 22:44:31.734346872,Home,5,105.53,527.65
1200,2025-04-03 02:14:48.657731544,Clothing,2,4481.77,8963.54
1050,2025-04-03 05:45:05.581116224,Sports,3,1624.12,4872.36
1067,2025-04-03 09:15:22.504500904,Clothing,5,1626.33,8131.65
1300,2025-04-03 12:45:39.427885576,Sports,4,1217.64,4870.56
1381,2025-04-03 16:15:56.351270256,Beauty,2,1653.37,3306.74
1058,2025-04-03 19:46:13.274654928,Sports,5,1146.07,5730.35
1259,2025-04-03 23:16:30.198039608,Clothing,4,4538.76,18155.04
1342,2025-04-04 02:46:47.121424288,Beauty,3,4505.22,13515.66
1326,2025-04-04 06:17:04.044808960,Electronics,1,600.84,600.84
1130,2025-04-04 09:47:20.968193640,Home,2,800.01,1600.02
1215,2025-04-04 13:17:37.891578320,Clothing,1,4323.89,4323.89
1172,2025-04-04 16:47:54.814962992,Clothing,3,2054.8,6164.4
1258,2025-04-04 20:18:11.738347672,Clothing,5,929.43,4647.15
1102,2025-04-04 23:48:28.661732344,Beauty,5,2602.28,13011.4
1209,2025-04-05 03:18:45.585117024,Electronics,3,2141.67,6425.01
1291,2025-04-05 06:49:02.508501704,Sports,3,1173.89,3521.67
1354,2025-04-05 10:19:19.431886376,Electronics,2,3631.69,7263.38
1471,2025-04-05 13:49:36.355271056,Beauty,4,3193.32,12773.28
1286,2025-04-05 17:19:53.278655728,Clothing,1,588.34,588.34
1116,2025-04-05 20:50:10.202040408,Home,1,4634.39,4634.39
1264,2025-04-06 00:20:27.125425088,Clothing,5,2836.5,14182.5
1150,2025-04-06 03:50:44.048809760,Sports,5,1326.0,6630.0
1300,2025-04-06 07:21:00.972194440,Home,2,1110.83,2221.66
1442,2025-04-06 10:51:17.895579120,Clothing,3,766.15,2298.45
1036,2025-04-06 14:21:34.818963792,Home,1,2180.72,2180.72
1453,2025-04-06 17:51:51.742348472,Electronics,2,764.15,1528.3
1333,2025-04-06 21:22:08.665733144,Beauty,5,2137.5,10687.5
1477,2025-04-07 00:52:25.589117824,Clothing,5,828.98,4144.9
1287,2025-04-07 04:22:42.512502504,Sports,1,3318.36,3318.36
1303,2025-04-07 07:52:59.435887176,Electronics,5,3947.69,19738.45
1311,2025-04-07 11:23:16.359271856,Clothing,5,2792.66,13963.3
1208,2025-04-07 14:53:33.282656528,Electronics,4,3432.28,13729.12
1106,2025-04-07 18:23:50.206041208,Sports,3,4698.06,14094.18
1446,2025-04-07 21:54:07.129425888,Clothing,5,3228.02,16140.1
1158,2025-04-08 01:24:24.052810560,Sports,4,1884.38,7537.52
1121,2025-04-08 04:54:40.976195240,Home,2,2302.45,4604.9
1055,2025-04-08 08:24:57.899579920,Sports,5,4316.57,21582.85
1400,2025-04-08 11:55:14.822964592,Home,2,740.53,1481.06
1012,2025-04-08 15:25:31.746349272,Clothing,5,1696.11,8480.55
1145,2025-04-08 18:55:48.669733944,Home,1,2928.67,2928.67
1400,2025-04-08 22:26:05.593118624,Clothing,4,3414.31,13657.24
1396,2025-04-09 01:56:22.516503304,Clothing,4,3841.15,15364.6
1136,2025-04-09 05:26:39.439887976,Beauty,1,1659.21,1659.21
1468,2025-04-09 08:56:56.363272656,Clothing,3,814.71,2444.13
1003,2025-04-09 12:27:13.286657328,Home,4,4778.71,19114.84
1144,2025-04-09 15:57:30.210042008,Beauty,2,474.32,948.64
1030,2025-04-09 19:27:47.133426688,Beauty,4,569.45,2277.8
1237,2025-04-09 22:58:04.056811360,Clothing,3,2525.22,7575.66
1279,2025-04-10 02:28:20.980196040,Sports,2,4114.43,8228.86
1348,2025-04-10 05:58:37.903580720,Sports,2,3895.07,7790.14
1115,2025-04-10 09:28:54.826965392,Beauty,1,4694.73,4694.73
1104,2025-04-10 12:59:11.750350072,Clothing,5,793.85,3969.25
1118,2025-04-10 16:29:28.673734744,Sports,1,1941.06,1941.06
1005,2025-04-10 19:59:45.597119424,Clothing,5,1482.5,7412.5
1468,2025-04-10 23:30:02.520504104,Clothing,1,4318.26,4318.26
1360,2025-04-11 03:00:19.443888776,Beauty,5,2492.94,12464.7
1248,2025-04-11 06:30:36.367273456,Beauty,4,231.55,926.2
1364,2025-04-11 10:00:53.290658136,Electronics,2,3569.03,7138.06
1321,2025-04-11 13:31:10.214042808,Sports,5,2004.62,10023.1
1121,2025-04-11 17:01:27.137427488,Sports,4,2702.62,10810.48
1286,2025-04-11 20:31:44.060812160,Sports,3,4479.56,13438.68
1149,2025-04-12 00:02:00.984196840,Home,1,1358.02,1358.02
1084,2025-04-12 03:32:17.907581520,Clothing,3,1277.3,3831.9
1454,2025-04-12 07:02:34.830966192,Beauty,4,1389.64,5558.56
1406,2025-04-12 10:32:51.754350872,Sports,3,1756.73,5270.19
1466,2025-04-12 14:03:08.677735544,Electronics,3,626.03,1878.09
1456,2025-04-12 17:33:25.601120224,Sports,4,3516.38,14065.52
1231,2025-04-12 21:03:42.524504904,Clothing,2,1116.25,2232.5
1288,2025-04-13 00:33:59.447889576,Clothing,5,4638.11,23190.55
1161,2025-04-13 04:04:16.371274256,Beauty,1,1156.86,1156.86
1272,2025-04-13 07:34:33.294658936,Home,5,1352.65,6763.25
1460,2025-04-13 11:04:50.218043608,Beauty,1,1555.4,1555.4
1038,2025-04-13 14:35:07.141428288,Sports,5,3865.84,19329.2
1500,2025-04-13 18:05:24.064812960,Electronics,3,2195.27,6585.81
1226,2025-04-13 21:35:40.988197640,Beauty,2,4114.74,8229.48
1142,2025-04-14 01:05:57.911582320,Home,3,3945.78,11837.34
1292,2025-04-14 04:36:14.834966992,Beauty,2,4654.5,9309.0
1481,2025-04-14 08:06:31.758351672,Clothing,4,3807.36,15229.44
1151,2025-04-14 11:36:48.681736344,Sports,1,354.36,354.36
1114,2025-04-14 15:07:05.605121024,Sports,1,4202.68,4202.68
1237,2025-04-14 18:37:22.528505704,Sports,4,4696.56,18786.24
1066,2025-04-14 22:07:39.451890376,Sports,5,4969.08,24845.4
1361,2025-04-15 01:37:56.375275056,Sports,4,713.81,2855.24
1341,2025-04-15 05:08:13.298659736,Sports,4,3105.04,12420.16
1258,2025-04-15 08:38:30.222044408,Electronics,2,1077.35,2154.7
1475,2025-04-15 12:08:47.145429088,Home,4,1386.3,5545.2
1249,2025-04-15 15:39:04.068813760,Sports,1,3753.36,3753.36
1457,2025-04-15 19:09:20.992198440,Home,3,4890.57,14671.71
1449,2025-04-15 22:39:37.915583120,Sports,2,3014.79,6029.58
1331,2025-04-16 02:09:54.838967792,Beauty,2,4267.86,8535.72
1323,2025-04-16 05:40:11.762352472,Sports,5,143.53,717.65
1180,2025-04-16 09:10:28.685737144,Clothing,3,279.5,838.5
1190,2025-04-16 12:40:45.609121824,Electronics,2,3023.95,6047.9
1407,2025-04-16 16:11:02.532506504,Beauty,4,2006.02,8024.08
1154,2025-04-16 19:41:19.455891176,Beauty,2,4459.81,8919.62
1196,2025-04-16 23:11:36.379275856,Clothing,2,1579.71,3159.42
1466,2025-04-17 02:41:53.302660536,Sports,2,2217.05,4434.1
1311,2025-04-17 06:12:10.226045208,Electronics,5,2686.76,13433.8
1262,2025-04-17 09:42:27.149429888,Beauty,2,1437.89,2875.78
1419,2025-04-17 13:12:44.072814560,Electronics,2,4551.62,9103.24
1406,2025-04-17 16:43:00.996199240,Beauty,5,2376.21,11881.05
1427,2025-04-17 20:13:17.919583920,Sports,3,2178.36,6535.08
1143,2025-04-17 23:43:34.842968592,Beauty,1,4263.79,4263.79
1342,2025-04-18 03:13:51.766353272,Beauty,5,1628.69,8143.45
1316,2025-04-18 06:44:08.689737952,Home,5,4105.58,20527.9
1101,2025-04-18 10:14:25.613122624,Sports,2,699.14,1398.28
1244,2025-04-18 13:44:42.536507304,Clothing,2,995.66,1991.32
1490,2025-04-18 17:14:59.459891976,Clothing,1,4759.12,4759.12
1012,2025-04-18 20:45:16.383276656,Sports,2,4227.99,8455.98
1239,2025-04-19 00:15:33.306661336,Clothing,4,2000.7,8002.8
1049,2025-04-19 03:45:50.230046008,Sports,2,3228.44,6456.88
1042,2025-04-19 07:16:07.153430688,Clothing,2,4720.55,9441.1
1166,2025-04-19 10:46:24.076815360,Home,4,1138.11,4552.44
1082,2025-04-19 14:16:41.000200040,Clothing,1,389.15,389.15
1429,2025-04-19 17:46:57.923584720,Beauty,4,2733.59,10934.36
1291,2025-04-19 21:17:14.846969392,Sports,5,798.72,3993.6
1158,2025-04-20 00:47:31.770354072,Electronics,4,1017.86,4071.44
1216,2025-04-20 04:17:48.693738752,Electronics,3,4468.54,13405.62
1490,2025-04-20 07:48:05.617123424,Sports,5,136.28,681.4
1158,2025-04-20 11:18:22.540508104,Home,2,4102.42,8204.84
1462,2025-04-20 14:48:39.463892776,Clothing,5,2633.06,13165.3
1134,2025-04-20 18:18:56.387277456,Home,1,2840.54,2840.54
1067,2025-04-20 21:49:13.310662136,Electronics,1,3391.66,3391.66
1336,2025-04-21 01:19:30.234046808,Sports,4,2214.08,8856.32
1007,2025-04-21 04:49:47.157431488,Sports,5,666.5,3332.5
1436,2025-04-21 08:20:04.080816160,Home,2,603.82,1207.64
1014,2025-04-21 11:50:21.004200840,Home,1,3796.37,3796.37
1073,2025-04-21 15:20:37.927585520,Clothing,2,1183.07,2366.14
1399,2025-04-21 18:50:54.850970192,Beauty,3,237.7,713.1
1405,2025-04-21 22:21:11.774354872,Beauty,1,4900.11,4900.11
1163,2025-04-22 01:51:28.697739552,Clothing,4,4903.92,19615.68
1066,2025-04-22 05:21:45.621124224,Beauty,3,1952.89,5858.67
1347,2025-04-22 08:52:02.544508904,Electronics,5,225.07,1125.35
1130,2025-04-22 12:22:19.467893576,Beauty,2,3663.6,7327.2
1419,2025-04-22 15:52:36.391278256,Clothing,1,4171.96,4171.96
1466,2025-04-22 19:22:53.314662936,Beauty,3,712.57,2137.71
1206,2025-04-22 22:53:10.238047608,Sports,3,763.75,2291.25
1276,2025-04-23 02:23:27.161432288,Home,1,4128.9,4128.9
1466,2025-04-23 05:53:44.084816960,Electronics,5,4617.35,23086.75
1256,2025-04-23 09:24:01.008201640,Sports,5,3974.7,19873.5
1266,2025-04-23 12:54:17.931586320,Sports,4,1083.65,4334.6
1025,2025-04-23 16:24:34.854970992,Clothing,5,2116.45,10582.25
1450,2025-04-23 19:54:51.778355672,Home,4,3044.13,12176.52
1281,2025-04-23 23:25:08.701740352,Home,3,885.44,2656.32
1253,2025-04-24 02:55:25.625125024,Electronics,1,1131.95,1131.95
1310,2025-04-24 06:25:42.548509704,Clothing,5,1486.14,7430.7
1289,2025-04-24 09:55:59.471894376,Electronics,4,2596.62,10386.48
1164,2025-04-24 13:26:16.395279056,Beauty,3,2602.94,7808.82
1095,2025-04-24 16:56:33.318663736,Sports,5,4090.04,20450.2
1270,2025-04-24 20:26:50.242048408,Electronics,2,3789.75,7579.5
1321,2025-04-24 23:57:07.165433088,Sports,3,4577.3,13731.9
1110,2025-04-25 03:27:24.088817768,Clothing,5,4181.22,20906.1
1336,2025-04-25 06:57:41.012202440,Beauty,3,1344.0,4032.0
1310,2025-04-25 10:27:57.935587120,Clothing,1,1723.35,1723.35
1238,2025-04-25 13:58:14.858971792,Beauty,1,2552.07,2552.07
1381,2025-04-25 17:28:31.782356472,Beauty,1,169.93,169.93
1436,2025-04-25 20:58:48.705741152,Sports,2,4529.12,9058.24
1387,2025-04-26 00:29:05.629125824,Clothing,1,317.29,317.29
1483,2025-04-26 03:59:22.552510504,Clothing,2,1679.96,3359.92
1425,2025-04-26 07:29:39.475895176,Electronics,1,2888.96,2888.96
1390,2025-04-26 10:59:56.399279856,Clothing,3,2637.42,7912.26
1025,2025-04-26 14:30:13.322664536,Electronics,5,3306.85,16534.25
1141,2025-04-26 18:00:30.246049208,Home,5,2684.85,13424.25
1117,2025-04-26 21:30:47.169433888,Home,1,1222.11,1222.11
1482,2025-04-27 01:01:04.092818568,Home,5,1085.28,5426.4
1392,2025-04-27 04:31:21.016203240,Clothing,1,4545.51,4545.51
1405,2025-04-27 08:01:37.939587920,Clothing,1,1393.44,1393.44
1482,2025-04-27 11:31:54.862972592,Electronics,4,1476.79,5907.16
1452,2025-04-27 15:02:11.786357272,Beauty,4,2123.47,8493.88
1025,2025-04-27 18:32:28.709741952,Electronics,4,783.25,3133.0
1079,2025-04-27 22:02:45.633126624,Home,2,2585.64,5171.28
1068,2025-04-28 01:33:02.556511304,Electronics,4,3358.66,13434.64
1173,2025-04-28 05:03:19.479895976,Beauty,1,3951.4,3951.4
1444,2025-04-28 08:33:36.403280656,Clothing,3,3586.13,10758.39
1012,2025-04-28 12:03:53.326665336,Electronics,4,823.42,3293.68
1288,2025-04-28 15:34:10.250050008,Home,4,2334.73,9338.92
1128,2025-04-28 19:04:27.173434688,Home,3,289.07,867.21
1096,2025-04-28 22:34:44.096819368,Clothing,1,187.21,187.21
1092,2025-04-29 02:05:01.020204040,Electronics,2,2256.64,4513.28
1141,2025-04-29 05:35:17.943588720,Beauty,4,1339.51,5358.04
1031,2025-04-29 09:05:34.866973392,Clothing,3,3448.47,10345.41
1334,2025-04-29 12:35:51.790358072,Electronics,1,3648.78,3648.78
1020,2025-04-29 16:06:08.713742752,Sports,5,4487.48,22437.4
1146,2025-04-29 19:36:25.637127424,Home,2,3827.34,7654.68
1477,2025-04-29 23:06:42.560512104,Beauty,3,336.4,1009.2
1316,2025-04-30 02:36:59.483896776,Beauty,3,1920.95,5762.85
1447,2025-04-30 06:07:16.407281456,Beauty,3,1437.81,4313.43
1390,2025-04-30 09:37:33.330666136,Home,4,1992.05,7968.2
1160,2025-04-30 13:07:50.254050808,Electronics,5,884.37,4421.85
1349,2025-04-30 16:38:07.177435488,Clothing,2,578.75,1157.5
1043,2025-04-30 20:08:24.100820168,Electronics,1,2652.82,2652.82
1254,2025-04-30 23:38:41.024204840,Clothing,1,3629.87,3629.87
1130,2025-05-01 03:08:57.947589520,Beauty,5,3539.36,17696.8
1060,2025-05-01 06:39:14.870974192,Electronics,3,2309.63,6928.89
1151,2025-05-01 10:09:31.794358872,Beauty,3,2659.17,7977.51
1467,2025-05-01 13:39:48.717743552,Sports,3,2630.01,7890.03
1287,2025-05-01 17:10:05.641128224,Beauty,3,3488.69,10466.07
1499,2025-05-01 20:40:22.564512904,Beauty,3,334.83,1004.49
1005,2025-05-02 00:10:39.487897584,Clothing,5,3578.49,17892.45
1467,2025-05-02 03:40:56.411282256,Sports,4,2952.78,11811.12
1418,2025-05-02 07:11:13.334666936,Beauty,2,1070.73,2141.46
1266,2025-05-02 10:41:30.258051608,Beauty,3,340.39,1021.17
1345,2025-05-02 14:11:47.181436288,Sports,4,631.79,2527.16
1130,2025-05-02 17:42:04.104820968,Sports,1,2670.99,2670.99
1382,2025-05-02 21:12:21.028205640,Electronics,5,3816.2,19081.0
1267,2025-05-03 00:42:37.951590320,Clothing,4,1739.82,6959.28
1178,2025-05-03 04:12:54.874974992,Sports,3,1957.71,5873.13
1253,2025-05-03 07:43:11.798359672,Sports,3,4677.32,14031.96
1415,2025-05-03 11:13:28.721744352,Home,3,1143.76,3431.28
1056,2025-05-03 14:43:45.645129024,Sports,4,608.37,2433.48
1463,2025-05-03 18:14:02.568513704,Clothing,3,1782.71,5348.13
1457,2025-05-03 21:44:19.491898384,Beauty,4,3755.02,15020.08
1471,2025-05-04 01:14:36.415283056,Beauty,3,3167.78,9503.34
1083,2025-05-04 04:44:53.338667736,Beauty,1,2137.4,2137.4
1393,2025-05-04 08:15:10.262052408,Beauty,1,4827.29,4827.29
1099,2025-05-04 11:45:27.185437088,Home,2,3701.48,7402.96
1149,2025-05-04 15:15:44.108821768,Sports,3,403.12,1209.36
1329,2025-05-04 18:46:01.032206440,Beauty,3,3748.69,11246.07
1156,2025-05-04 22:16:17.955591120,Electronics,4,217.79,871.16
1190,2025-05-05 01:46:34.878975792,Beauty,4,3286.58,13146.32
1494,2025-05-05 05:16:51.802360472,Sports,3,1131.37,3394.11
1371,2025-05-05 08:47:08.725745152,Beauty,2,3512.57,7025.14
1263,2025-05-05 12:17:25.649129824,Home,3,1617.92,4853.76
1080,2025-05-05 15:47:42.572514504,Clothing,4,4377.73,17510.92
1400,2025-05-05 19:17:59.495899184,Clothing,3,1750.88,5252.64
1252,2025-05-05 22:48:16.419283856,Sports,4,3136.51,12546.04
1097,2025-05-06 02:18:33.342668536,Clothing,3,1501.05,4503.15
1260,2025-05-06 05:48:50.266053208,Clothing,5,4594.39,22971.95
1260,2025-05-06 09:19:07.189437888,Electronics,4,3926.88,15707.52
1103,2025-05-06 12:49:24.112822568,Sports,2,1292.18,2584.36
1040,2025-05-06 16:19:41.036207240,Sports,5,4749.1,23745.5
1273,2025-05-06 19:49:57.959591920,Clothing,3,1850.07,5550.21
1101,2025-05-06 23:20:14.882976592,Clothing,4,3294.14,13176.56
1359,2025-05-07 02:50:31.806361272,Clothing,5,3739.98,18699.9
1380,2025-05-07 06:20:48.729745952,Home,2,212.22,424.44
1308,2025-05-07 09:51:05.653130624,Beauty,4,4798.94,19195.76
1221,2025-05-07 13:21:22.576515304,Home,5,1787.76,8938.8
1308,2025-05-07 16:51:39.499899984,Sports,5,1029.92,5149.6
1420,2025-05-07 20:21:56.423284656,Electronics,5,4268.47,21342.35
1124,2025-05-07 23:52:13.346669336,Beauty,1,3544.21,3544.21
1422,2025-05-08 03:22:30.270054008,Electronics,3,525.04,1575.12
1231,2025-05-08 06:52:47.193438688,Sports,4,673.52,2694.08
1178,2025-05-08 10:23:04.116823368,Sports,4,3604.44,14417.76
1063,2025-05-08 13:53:21.040208040,Electronics,4,466.44,1865.76
1485,2025-05-08 17:23:37.963592720,Electronics,5,4594.16,22970.8
1116,2025-05-08 20:53:54.886977400,Electronics,3,3733.55,11200.65
1191,2025-05-09 00:24:11.810362072,Sports,2,1743.91,3487.82
1062,2025-05-09 03:54:28.733746752,Clothing,4,1878.4,7513.6
1256,2025-05-09 07:24:45.657131424,Electronics,3,2581.83,7745.49
1483,2025-05-09 10:55:02.580516104,Beauty,3,1868.75,5606.25
1007,2025-05-09 14:25:19.503900784,Sports,1,3939.0,3939.0
1155,2025-05-09 17:55:36.427285456,Home,4,4876.21,19504.84
1092,2025-05-09 21:25:53.350670136,Home,5,2964.16,14820.8
1470,2025-05-10 00:56:10.274054808,Beauty,3,2285.58,6856.74
1014,2025-05-10 04:26:27.197439488,Clothing,3,1191.59,3574.77
1455,2025-05-10 07:56:44.120824168,Electronics,2,3301.82,6603.64
1229,2025-05-10 11:27:01.044208840,Sports,1,3459.33,3459.33
1086,2025-05-10 14:57:17.967593520,Electronics,3,3457.43,10372.29
1133,2025-05-10 18:27:34.890978200,Sports,3,232.23,696.69
1183,2025-05-10 21:57:51.814362872,Home,5,4505.7,22528.5
1386,2025-05-11 01:28:08.737747552,Electronics,5,1756.72,8783.6
1062,2025-05-11 04:58:25.661132224,Beauty,2,3746.41,7492.82
1219,2025-05-11 08:28:42.584516904,Clothing,2,3823.05,7646.1
1405,2025-05-11 11:58:59.507901584,Beauty,2,3287.72,6575.44
1246,2025-05-11 15:29:16.431286256,Clothing,5,2034.85,10174.25
1230,2025-05-11 18:59:33.354670936,Electronics,5,3081.08,15405.4
1079,2025-05-11 22:29:50.278055608,Electronics,1,296.97,296.97
1149,2025-05-12 02:00:07.201440288,Clothing,4,3833.29,15333.16
1138,2025-05-12 05:30:24.124824968,Home,4,587.98,2351.92
1471,2025-05-12 09:00:41.048209640,Sports,1,2044.08,2044.08
1314,2025-05-12 12:30:57.971594320,Beauty,4,607.73,2430.92
1376,2025-05-12 16:01:14.894979000,Beauty,5,4201.66,21008.3
1423,2025-05-12 19:31:31.818363672,Beauty,4,2796.48,11185.92
1389,2025-05-12 23:01:48.741748352,Electronics,5,3485.68,17428.4
1065,2025-05-13 02:32:05.665133024,Beauty,1,3444.65,3444.65
1013,2025-05-13 06:02:22.588517704,Sports,2,4223.87,8447.74
1213,2025-05-13 09:32:39.511902384,Sports,1,749.59,749.59
1474,2025-05-13 13:02:56.435287056,Clothing,4,3332.67,13330.68
1242,2025-05-13 16:33:13.358671736,Electronics,5,2918.16,14590.8
1493,2025-05-13 20:03:30.282056408,Sports,4,251.4,1005.6
1213,2025-05-13 23:33:47.205441088,Home,4,1086.97,4347.88
1181,2025-05-14 03:04:04.128825768,Electronics,2,1411.1,2822.2
1338,2025-05-14 06:34:21.052210440,Electronics,4,455.53,1822.12
1485,2025-05-14 10:04:37.975595120,Sports,2,1838.13,3676.26
1173,2025-05-14 13:34:54.898979800,Home,5,233.29,1166.45
1160,2025-05-14 17:05:11.822364472,Clothing,5,2810.6,14053.0
1164,2025-05-14 20:35:28.745749152,Sports,2,1136.35,2272.7
1465,2025-05-15 00:05:45.669133824,Home,1,1506.32,1506.32
1483,2025-05-15 03:36:02.592518504,Electronics,5,4561.31,22806.55
1497,2025-05-15 07:06:19.515903184,Home,1,2563.8,2563.8
1188,2025-05-15 10:36:36.439287856,Electronics,5,1418.17,7090.85
1395,2025-05-15 14:06:53.362672536,Sports,5,3032.46,15162.3
1191,2025-05-15 17:37:10.286057208,Sports,3,1088.19,3264.57
1405,2025-05-15 21:07:27.209441888,Beauty,4,464.54,1858.16
1308,2025-05-16 00:37:44.132826568,Beauty,4,202.44,809.76
1256,2025-05-16 04:08:01.056211240,Beauty,1,4762.49,4762.49
1183,2025-05-16 07:38:17.979595920,Sports,4,3650.59,14602.36
1117,2025-05-16 11:08:34.902980600,Clothing,1,4019.75,4019.75
1282,2025-05-16 14:38:51.826365272,Sports,5,4906.5,24532.5
1196,2025-05-16 18:09:08.749749952,Home,3,4664.98,13994.94
1034,2025-05-16 21:39:25.673134624,Sports,3,3710.87,11132.61
1052,2025-05-17 01:09:42.596519304,Sports,5,3500.54,17502.7
1112,2025-05-17 04:39:59.519903984,Electronics,2,1750.56,3501.12
1252,2025-05-17 08:10:16.443288656,Electronics,2,609.68,1219.36
1082,2025-05-17 11:40:33.366673336,Electronics,4,2911.24,11644.96
1232,2025-05-17 15:10:50.290058016,Sports,1,2923.64,2923.64
1227,2025-05-17 18:41:07.213442688,Clothing,3,4765.96,14297.88
1233,2025-05-17 22:11:24.136827368,Home,4,2268.6,9074.4
1221,2025-05-18 01:41:41.060212040,Home,5,3484.96,17424.8
1436,2025-05-18 05:11:57.983596720,Clothing,3,2917.36,8752.08
1413,2025-05-18 08:42:14.906981400,Clothing,1,966.13,966.13
1422,2025-05-18 12:12:31.830366072,Home,1,3001.12,3001.12
1042,2025-05-18 15:42:48.753750752,Beauty,2,2746.57,5493.14
1021,2025-05-18 19:13:05.677135424,Electronics,4,2520.14,10080.56
1042,2025-05-18 22:43:22.600520104,Electronics,5,2615.77,13078.85
1397,2025-05-19 02:13:39.523904784,Home,3,903.54,2710.62
1113,2025-05-19 05:43:56.447289456,Clothing,1,2371.04,2371.04
1105,2025-05-19 09:14:13.370674136,Beauty,3,3067.7,9203.1
1192,2025-05-19 12:44:30.294058816,Home,5,2498.3,12491.5
1017,2025-05-19 16:14:47.217443488,Electronics,3,2494.56,7483.68
1120,2025-05-19 19:45:04.140828168,Sports,4,479.84,1919.36
1393,2025-05-19 23:15:21.064212840,Clothing,2,1034.79,2069.58
1425,2025-05-20 02:45:37.987597520,Sports,3,1672.77,5018.31
1129,2025-05-20 06:15:54.910982200,Home,2,2154.8,4309.6
1130,2025-05-20 09:46:11.834366872,Electronics,5,3010.29,15051.45
1060,2025-05-20 13:16:28.757751552,Beauty,2,4330.39,8660.78
1048,2025-05-20 16:46:45.681136224,Sports,3,879.91,2639.73
1029,2025-05-20 20:17:02.604520904,Beauty,3,173.93,521.79
1097,2025-05-20 23:47:19.527905584,Electronics,1,2301.26,2301.26
1010,2025-05-21 03:17:36.451290256,Sports,3,2217.3,6651.9
1242,2025-05-21 06:47:53.374674936,Beauty,2,2804.32,5608.64
1314,2025-05-21 10:18:10.298059616,Beauty,1,4182.79,4182.79
1444,2025-05-21 13:48:27.221444288,Sports,3,4031.57,12094.71
1232,2025-05-21 17:18:44.144828968,Electronics,3,590.21,1770.63
1277,2025-05-21 20:49:01.068213640,Beauty,5,4676.58,23382.9
1284,2025-05-22 00:19:17.991598320,Home,1,641.03,641.03
1203,2025-05-22 03:49:34.914983000,Sports,5,3209.4,16047.0
1247,2025-05-22 07:19:51.838367672,Clothing,5,3394.79,16973.95
1290,2025-05-22 10:50:08.761752352,Clothing,5,3431.4,17157.0
1264,2025-05-22 14:20:25.685137024,Electronics,4,1400.22,5600.88
1443,2025-05-22 17:50:42.608521704,Home,5,1718.69,8593.45
1214,2025-05-22 21:20:59.531906384,Beauty,2,2788.52,5577.04
1200,2025-05-23 00:51:16.455291056,Clothing,3,1077.98,3233.94
1433,2025-05-23 04:21:33.378675736,Electronics,4,199.52,798.08
1079,2025-05-23 07:51:50.302060416,Home,5,2854.51,14272.55
1401,2025-05-23 11:22:07.225445088,Home,3,2379.87,7139.61
1444,2025-05-23 14:52:24.148829768,Electronics,1,3317.98,3317.98
1343,2025-05-23 18:22:41.072214440,Electronics,1,818.83,818.83
1344,2025-05-23 21:52:57.995599120,Beauty,3,4220.53,12661.59
1173,2025-05-24 01:23:14.918983800,Electronics,2,816.49,1632.98
1467,2025-05-24 04:53:31.842368472,Beauty,3,4467.58,13402.74
1069,2025-05-24 08:23:48.765753152,Beauty,3,2302.65,6907.95
1416,2025-05-24 11:54:05.689137832,Sports,4,2794.05,11176.2
1428,2025-05-24 15:24:22.612522504,Home,1,4493.25,4493.25
1449,2025-05-24 18:54:39.535907184,Home,1,1569.57,1569.57
1087,2025-05-24 22:24:56.459291856,Home,5,990.95,4954.75
1101,2025-05-25 01:55:13.382676536,Sports,3,2284.18,6852.54
1008,2025-05-25 05:25:30.306061216,Beauty,3,1297.4,3892.2
1333,2025-05-25 08:55:47.229445888,Beauty,2,2686.44,5372.88
1200,2025-05-25 12:26:04.152830568,Electronics,1,1448.76,1448.76
1087,2025-05-25 15:56:21.076215240,Sports,2,4336.0,8672.0
1043,2025-05-25 19:26:37.999599920,Electronics,4,3075.89,12303.56
1385,2025-05-25 22:56:54.922984600,Sports,5,101.18,505.9
1109,2025-05-26 02:27:11.846369272,Electronics,2,4046.82,8093.64
1435,2025-05-26 05:57:28.769753952,Clothing,1,1718.04,1718.04
1408,2025-05-26 09:27:45.693138632,Home,4,1669.02,6676.08
1483,2025-05-26 12:58:02.616523304,Home,3,1977.01,5931.03
1152,2025-05-26 16:28:19.539907984,Beauty,4,3188.29,12753.16
1017,2025-05-26 19:58:36.463292656,Clothing,2,2266.1,4532.2
1133,2025-05-26 23:28:53.386677336,Home,1,3180.31,3180.31
1148,2025-05-27 02:59:10.310062016,Beauty,2,819.23,1638.46
1277,2025-05-27 06:29:27.233446688,Clothing,3,4853.81,14561.43
1232,2025-05-27 09:59:44.156831368,Home,3,3675.07,11025.21
1314,2025-05-27 13:30:01.080216040,Electronics,1,1326.01,1326.01
1415,2025-05-27 17:00:18.003600720,Sports,5,3648.43,18242.15
1366,2025-05-27 20:30:34.926985400,Clothing,4,2917.62,11670.48
1228,2025-05-28 00:00:51.850370072,Beauty,4,635.03,2540.12
1139,2025-05-28 03:31:08.773754752,Clothing,3,973.16,2919.48
1436,2025-05-28 07:01:25.697139432,Beauty,2,302.41,604.82
1399,2025-05-28 10:31:42.620524104,Clothing,2,4065.27,8130.54
1211,2025-05-28 14:01:59.543908784,Beauty,5,2803.35,14016.75
1391,2025-05-28 17:32:16.467293456,Home,2,1652.07,3304.14
1499,2025-05-28 21:02:33.390678136,Electronics,4,719.09,2876.36
1028,2025-05-29 00:32:50.314062816,Home,2,2471.82,4943.64
1051,2025-05-29 04:03:07.237447488,Electronics,5,2673.78,13368.9
1491,2025-05-29 07:33:24.160832168,Home,4,3539.55,14158.2
1442,2025-05-29 11:03:41.084216840,Home,2,4852.69,9705.38
1261,2025-05-29 14:33:58.007601520,Clothing,4,2231.23,8924.92
1261,2025-05-29 18:04:14.930986200,Sports,3,2089.57,6268.71
1350,2025-05-29 21:34:31.854370872,Beauty,3,1912.66,5737.98
1352,2025-05-30 01:04:48.777755552,Beauty,3,4151.93,12455.79
1008,2025-05-30 04:35:05.701140232,Beauty,2,865.95,1731.9
1320,2025-05-30 08:05:22.624524904,Electronics,5,1784.68,8923.4
1138,2025-05-30 11:35:39.547909584,Beauty,4,3652.36,14609.44
1038,2025-05-30 15:05:56.471294256,Beauty,1,176.91,176.91
1111,2025-05-30 18:36:13.394678936,Clothing,3,1517.97,4553.91
1480,2025-05-30 22:06:30.318063616,Home,3,3243.09,9729.27
1368,2025-05-31 01:36:47.241448288,Beauty,1,1011.17,1011.17
1220,2025-05-31 05:07:04.164832968,Sports,1,1583.28,1583.28
1337,2025-05-31 08:37:21.088217648,Beauty,2,2481.62,4963.24
1223,2025-05-31 12:07:38.011602320,Electronics,4,2167.92,8671.68
1136,2025-05-31 15:37:54.934987000,Electronics,3,619.53,1858.59
1256,2025-05-31 19:08:11.858371672,Electronics,5,4697.35,23486.75
1360,2025-05-31 22:38:28.781756352,Beauty,2,317.03,634.06
1409,2025-06-01 02:08:45.705141032,Clothing,2,3773.74,7547.48
1329,2025-06-01 05:39:02.628525704,Sports,5,449.97,2249.85
1450,2025-06-01 09:09:19.551910384,Beauty,5,2389.75,11948.75
1463,2025-06-01 12:39:36.475295056,Clothing,5,959.52,4797.6
1434,2025-06-01 16:09:53.398679736,Clothing,1,791.38,791.38
1451,2025-06-01 19:40:10.322064416,Beauty,3,716.9,2150.7
1049,2025-06-01 23:10:27.245449088,Beauty,1,2318.65,2318.65
1292,2025-06-02 02:40:44.168833768,Clothing,3,2625.88,7877.64
1382,2025-06-02 06:11:01.092218448,Clothing,1,753.58,753.58
1324,2025-06-02 09:41:18.015603120,Clothing,4,4899.04,19596.16
1078,2025-06-02 13:11:34.938987800,Beauty,3,1363.05,4089.15
1105,2025-06-02 16:41:51.862372472,Clothing,2,2348.32,4696.64
1169,2025-06-02 20:12:08.785757152,Electronics,3,1159.72,3479.16
1217,2025-06-02 23:42:25.709141832,Beauty,3,2520.22,7560.66
1378,2025-06-03 03:12:42.632526504,Electronics,3,3804.48,11413.44
1119,2025-06-03 06:42:59.555911184,Home,4,2653.4,10613.6
1190,2025-06-03 10:13:16.479295856,Beauty,1,1499.68,1499.68
1255,2025-06-03 13:43:33.402680536,Home,2,1317.14,2634.28
1370,2025-06-03 17:13:50.326065216,Clothing,1,3818.78,3818.78
1266,2025-06-03 20:44:07.249449888,Clothing,1,679.37,679.37
1149,2025-06-04 00:14:24.172834568,Sports,5,1912.84,9564.2
1164,2025-06-04 03:44:41.096219248,Clothing,4,842.27,3369.08
1140,2025-06-04 07:14:58.019603920,Home,5,1364.08,6820.4
1347,2025-06-04 10:45:14.942988600,Clothing,4,848.15,3392.6
1488,2025-06-04 14:15:31.866373272,Beauty,1,4445.19,4445.19
1258,2025-06-04 17:45:48.789757952,Clothing,1,3686.33,3686.33
1374,2025-06-04 21:16:05.713142632,Sports,4,2848.54,11394.16
1269,2025-06-05 00:46:22.636527304,Clothing,1,1199.68,1199.68
1181,2025-06-05 04:16:39.559911984,Home,1,2600.11,2600.11
1160,2025-06-05 07:46:56.483296656,Home,2,2652.08,5304.16
1351,2025-06-05 11:17:13.406681336,Clothing,5,2992.98,14964.9
1400,2025-06-05 14:47:30.330066016,Home,5,394.42,1972.1
1288,2025-06-05 18:17:47.253450688,Home,5,4867.22,24336.1
1288,2025-06-05 21:48:04.176835368,Sports,3,2380.65,7141.95
1380,2025-06-06 01:18:21.100220048,Beauty,2,4640.01,9280.02
1226,2025-06-06 04:48:38.023604720,Sports,5,148.06,740.3
1011,2025-06-06 08:18:54.946989400,Electronics,5,1313.04,6565.2
1010,2025-06-06 11:49:11.870374072,Sports,2,609.58,1219.16
1271,2025-06-06 15:19:28.793758752,Clothing,1,3871.12,3871.12
1273,2025-06-06 18:49:45.717143432,Beauty,5,1668.61,8343.05
1424,2025-06-06 22:20:02.640528104,Clothing,1,4218.41,4218.41
1402,2025-06-07 01:50:19.563912784,Electronics,5,4178.69,20893.45
1183,2025-06-07 05:20:36.487297464,Beauty,4,3372.19,13488.76
1457,2025-06-07 08:50:53.410682136,Home,3,3362.33,10086.99
1153,2025-06-07 12:21:10.334066816,Sports,5,3530.78,17653.9
1488,2025-06-07 15:51:27.257451488,Clothing,4,3401.44,13605.76
1315,2025-06-07 19:21:44.180836168,Electronics,2,1995.85,3991.7
1334,2025-06-07 22:52:01.104220848,Home,4,3445.86,13783.44
1124,2025-06-08 02:22:18.027605520,Sports,2,4497.29,8994.58
1473,2025-06-08 05:52:34.950990200,Home,5,1729.61,8648.05
1114,2025-06-08 09:22:51.874374872,Sports,2,4729.96,9459.92
1278,2025-06-08 12:53:08.797759552,Beauty,4,166.55,666.2
1500,2025-06-08 16:23:25.721144232,Home,3,1810.5,5431.5
1414,2025-06-08 19:53:42.644528904,Home,1,747.28,747.28
1468,2025-06-08 23:23:59.567913584,Home,1,720.44,720.44
1213,2025-06-09 02:54:16.491298264,Beauty,3,4095.6,12286.8
1172,2025-06-09 06:24:33.414682936,Electronics,1,4600.0,4600.0
1288,2025-06-09 09:54:50.338067616,Sports,5,3911.02,19555.1
1435,2025-06-09 13:25:07.261452288,Home,5,4885.42,24427.1
1174,2025-06-09 16:55:24.184836968,Beauty,4,1160.01,4640.04
1113,2025-06-09 20:25:41.108221648,Electronics,4,789.92,3159.68
1376,2025-06-09 23:55:58.031606320,Sports,2,2651.45,5302.9
1405,2025-06-10 03:26:14.954991000,Beauty,4,4162.28,16649.12
1483,2025-06-10 06:56:31.878375672,Sports,5,295.21,1476.05
1122,2025-06-10 10:26:48.801760352,Home,4,4978.27,19913.08
1032,2025-06-10 13:57:05.725145032,Electronics,1,3051.01,3051.01
1222,2025-06-10 17:27:22.648529704,Beauty,2,4896.81,9793.62
1119,2025-06-10 20:57:39.571914384,Electronics,2,1888.9,3777.8
1039,2025-06-11 00:27:56.495299064,Home,5,2344.32,11721.6
1497,2025-06-11 03:58:13.418683736,Electronics,4,3786.57,15146.28
1268,2025-06-11 07:28:30.342068416,Electronics,1,3984.23,3984.23
1233,2025-06-11 10:58:47.265453088,Clothing,4,1241.86,4967.44
1431,2025-06-11 14:29:04.188837768,Electronics,3,4656.03,13968.09
1018,2025-06-11 17:59:21.112222448,Sports,4,4350.37,17401.48
1149,2025-06-11 21:29:38.035607120,Beauty,5,189.21,946.05
1397,2025-06-12 00:59:54.958991800,Clothing,4,729.98,2919.92
1149,2025-06-12 04:30:11.882376472,Beauty,2,2530.88,5061.76
1126,2025-06-12 08:00:28.805761152,Beauty,1,2358.68,2358.68
1392,2025-06-12 11:30:45.729145832,Home,5,3571.12,17855.6
1302,2025-06-12 15:01:02.652530504,Home,3,539.59,1618.77
1360,2025-06-12 18:31:19.575915184,Clothing,1,3259.79,3259.79
1238,2025-06-12 22:01:36.499299864,Home,1,3120.21,3120.21
1135,2025-06-13 01:31:53.422684536,Home,2,1244.74,2489.48
1151,2025-06-13 05:02:10.346069216,Home,2,2757.73,5515.46
1236,2025-06-13 08:32:27.269453888,Beauty,2,1188.82,2377.64
1224,2025-06-13 12:02:44.192838568,Clothing,5,819.92,4099.6
1203,2025-06-13 15:33:01.116223248,Beauty,4,2908.36,11633.44
1256,2025-06-13 19:03:18.039607920,Sports,1,4889.62,4889.62
1086,2025-06-13 22:33:34.962992600,Beauty,4,1260.97,5043.88
1150,2025-06-14 02:03:51.886377280,Sports,4,1841.15,7364.6
1235,2025-06-14 05:34:08.809761952,Electronics,2,1357.21,2714.42
1345,2025-06-14 09:04:25.733146632,Electronics,4,1405.65,5622.6
1022,2025-06-14 12:34:42.656531304,Sports,1,2080.54,2080.54
1348,2025-06-14 16:04:59.579915984,Sports,1,3539.09,3539.09
1285,2025-06-14 19:35:16.503300664,Beauty,3,290.14,870.42
1269,2025-06-14 23:05:33.426685336,Sports,5,4789.91,23949.55
1466,2025-06-15 02:35:50.350070016,Clothing,4,326.77,1307.08
1258,2025-06-15 06:06:07.273454688,Electronics,5,4418.14,22090.7
1029,2025-06-15 09:36:24.196839368,Electronics,5,4482.45,22412.25
1213,2025-06-15 13:06:41.120224048,Sports,5,2670.0,13350.0
1463,2025-06-15 16:36:58.043608720,Home,5,771.28,3856.4
1436,2025-06-15 20:07:14.966993400,Home,1,2869.22,2869.22
1283,2025-06-15 23:37:31.890378080,Sports,4,3180.3,12721.2
1050,2025-06-16 03:07:48.813762752,Clothing,3,4303.02,12909.06
1095,2025-06-16 06:38:05.737147432,Home,5,2799.39,13996.95
1463,2025-06-16 10:08:22.660532104,Sports,3,2112.48,6337.44
1499,2025-06-16 13:38:39.583916784,Clothing,1,4207.63,4207.63
1407,2025-06-16 17:08:56.507301464,Clothing,1,4906.66,4906.66
1088,2025-06-16 20:39:13.430686136,Beauty,2,3261.01,6522.02
1044,2025-06-17 00:09:30.354070816,Clothing,5,4384.5,21922.5
1461,2025-06-17 03:39:47.277455488,Home,2,3033.8,6067.6
1278,2025-06-17 07:10:04.200840168,Home,3,3479.96,10439.88
1171,2025-06-17 10:40:21.124224848,Sports,4,3472.02,13888.08
1421,2025-06-17 14:10:38.047609520,Sports,2,3553.46,7106.92
1189,2025-06-17 17:40:54.970994200,Clothing,1,1672.97,1672.97
1353,2025-06-17 21:11:11.894378880,Electronics,5,2920.74,14603.7
1184,2025-06-18 00:41:28.817763552,Beauty,3,3011.26,9033.78
1003,2025-06-18 04:11:45.741148232,Electronics,1,1643.85,1643.85
1191,2025-06-18 07:42:02.664532904,Clothing,4,1814.28,7257.12
1118,2025-06-18 11:12:19.587917584,Clothing,5,3835.01,19175.05
1019,2025-06-18 14:42:36.511302264,Electronics,4,2955.35,11821.4
1023,2025-06-18 18:12:53.434686936,Beauty,4,831.13,3324.52
1413,2025-06-18 21:43:10.358071616,Electronics,5,4204.42,21022.1
1030,2025-06-19 01:13:27.281456288,Sports,5,4427.26,22136.3
1295,2025-06-19 04:43:44.204840968,Home,4,2384.09,9536.36
1108,2025-06-19 08:14:01.128225648,Sports,3,1123.65,3370.95
1367,2025-06-19 11:44:18.051610320,Home,5,4743.27,23716.35
1281,2025-06-19 15:14:34.974995000,Clothing,1,4423.12,4423.12
1128,2025-06-19 18:44:51.898379680,Beauty,2,1297.47,2594.94
1229,2025-06-19 22:15:08.821764352,Electronics,3,568.41,1705.23
1111,2025-06-20 01:45:25.745149032,Beauty,5,2259.2,11296.0
1136,2025-06-20 05:15:42.668533704,Electronics,5,3414.35,17071.75
1362,2025-06-20 08:45:59.591918384,Sports,3,959.4,2878.2
1186,2025-06-20 12:16:16.515303064,Sports,2,2614.74,5229.48
1144,2025-06-20 15:46:33.438687736,Electronics,4,2184.54,8738.16
1072,2025-06-20 19:16:50.362072416,Beauty,1,4463.7,4463.7
1129,2025-06-20 22:47:07.285457096,Electronics,5,2204.88,11024.4
1364,2025-06-21 02:17:24.208841768,Clothing,2,2715.5,5431.0
1261,2025-06-21 05:47:41.132226448,Sports,1,4780.9,4780.9
1003,2025-06-21 09:17:58.055611120,Clothing,3,1568.49,4705.47
1449,2025-06-21 12:48:14.978995800,Sports,5,1516.06,7580.3
1388,2025-06-21 16:18:31.902380480,Sports,4,4018.02,16072.08
1104,2025-06-21 19:48:48.825765152,Home,3,1459.94,4379.82
1483,2025-06-21 23:19:05.749149832,Clothing,5,4176.14,20880.7
1224,2025-06-22 02:49:22.672534504,Clothing,2,568.12,1136.24
1320,2025-06-22 06:19:39.595919184,Home,1,645.18,645.18
1362,2025-06-22 09:49:56.519303864,Beauty,1,4516.48,4516.48
1354,2025-06-22 13:20:13.442688536,Clothing,5,2749.98,13749.9
1491,2025-06-22 16:50:30.366073216,Electronics,3,3622.19,10866.57
1473,2025-06-22 20:20:47.289457896,Home,4,1203.92,4815.68
1010,2025-06-22 23:51:04.212842568,Clothing,2,914.74,1829.48
1405,2025-06-23 03:21:21.136227248,Beauty,5,4191.28,20956.4
1384,2025-06-23 06:51:38.059611920,Clothing,2,1857.25,3714.5
1302,2025-06-23 10:21:54.982996600,Sports,1,2329.66,2329.66
1231,2025-06-23 13:52:11.906381280,Electronics,4,237.06,948.24
1219,2025-06-23 17:22:28.829765952,Home,2,1990.82,3981.64
1411,2025-06-23 20:52:45.753150632,Sports,5,3875.15,19375.75
1066,2025-06-24 00:23:02.676535304,Beauty,4,4124.25,16497.0
1425,2025-06-24 03:53:19.599919984,Sports,3,3523.9,10571.7
1112,2025-06-24 07:23:36.523304664,Sports,5,3491.68,17458.4
1013,2025-06-24 10:53:53.446689336,Beauty,2,2580.57,5161.14
1393,2025-06-24 14:24:10.370074016,Sports,4,2737.81,10951.24
1500,2025-06-24 17:54:27.293458696,Home,5,3738.9,18694.5
1420,2025-06-24 21:24:44.216843368,Clothing,4,1311.78,5247.12
1086,2025-06-25 00:55:01.140228048,Sports,4,1234.43,4937.72
1234,2025-06-25 04:25:18.063612720,Home,4,4754.63,19018.52
1090,2025-06-25 07:55:34.986997400,Clothing,2,235.68,471.36
1314,2025-06-25 11:25:51.910382080,Clothing,5,783.38,3916.9
1054,2025-06-25 14:56:08.833766752,Sports,1,2894.63,2894.63
1012,2025-06-25 18:26:25.757151432,Home,1,3715.39,3715.39
1209,2025-06-25 21:56:42.680536104,Sports,2,2735.67,5471.34
1462,2025-06-26 01:26:59.603920784,Beauty,2,1839.81,3679.62
1014,2025-06-26 04:57:16.527305464,Clothing,4,4892.08,19568.32
1121,2025-06-26 08:27:33.450690136,Sports,5,3548.88,17744.4
1418,2025-06-26 11:57:50.374074816,Clothing,5,4173.82,20869.1
1437,2025-06-26 15:28:07.297459496,Home,3,297.21,891.63
1377,2025-06-26 18:58:24.220844168,Electronics,3,1256.01,3768.03
1020,2025-06-26 22:28:41.144228848,Sports,1,1933.44,1933.44
1075,2025-06-27 01:58:58.067613520,Sports,3,994.75,2984.25
1400,2025-06-27 05:29:14.990998200,Clothing,3,457.21,1371.63
1243,2025-06-27 08:59:31.914382880,Home,1,1202.95,1202.95
1223,2025-06-27 12:29:48.837767552,Beauty,1,2714.81,2714.81
1070,2025-06-27 16:00:05.761152232,Home,3,3509.15,10527.45
1312,2025-06-27 19:30:22.684536904,Sports,5,3892.7,19463.5
1211,2025-06-27 23:00:39.607921584,Beauty,3,310.39,931.17
1101,2025-06-28 02:30:56.531306264,Home,4,2197.13,8788.52
1186,2025-06-28 06:01:13.454690936,Electronics,4,698.84,2795.36
1132,2025-06-28 09:31:30.378075616,Clothing,4,2212.88,8851.52
1111,2025-06-28 13:01:47.301460296,Home,2,2226.48,4452.96
1381,2025-06-28 16:32:04.224844968,Home,4,2541.24,10164.96
1132,2025-06-28 20:02:21.148229648,Electronics,5,4474.87,22374.35
1020,2025-06-28 23:32:38.071614320,Sports,2,4044.97,8089.94
1394,2025-06-29 03:02:54.994999000,Clothing,2,3219.93,6439.86
1024,2025-06-29 06:33:11.918383680,Home,4,4438.5,17754.0
1227,2025-06-29 10:03:28.841768352,Beauty,3,3424.5,10273.5
1154,2025-06-29 13:33:45.765153032,Home,1,4112.39,4112.39
1293,2025-06-29 17:04:02.688537712,Clothing,3,2862.51,8587.53
1230,2025-06-29 20:34:19.611922384,Home,3,2673.57,8020.71
1469,2025-06-30 00:04:36.535307064,Electronics,2,3648.08,7296.16
1310,2025-06-30 03:34:53.458691736,Home,2,196.48,392.96
1488,2025-06-30 07:05:10.382076416,Home,2,3482.85,6965.7
1359,2025-06-30 10:35:27.305461096,Beauty,5,4679.14,23395.7
1405,2025-06-30 14:05:44.228845768,Electronics,5,3598.32,17991.6
1202,2025-06-30 17:36:01.152230448,Electronics,1,280.29,280.29
1038,2025-06-30 21:06:18.075615120,Home,2,1951.64,3903.28
1430,2025-07-01 00:36:34.998999800,Beauty,4,4066.95,16267.8
1260,2025-07-01 04:06:51.922384480,Home,2,4797.18,9594.36
1188,2025-07-01 07:37:08.845769152,Home,5,1913.8,9569.0
1057,2025-07-01 11:07:25.769153832,Clothing,2,4221.85,8443.7
1429,2025-07-01 14:37:42.692538512,Clothing,5,4332.67,21663.35
1020,2025-07-01 18:07:59.615923184,Beauty,2,704.1,1408.2
1273,2025-07-01 21:38:16.539307864,Sports,4,4244.36,16977.44
1119,2025-07-02 01:08:33.462692536,Clothing,1,1688.82,1688.82
1071,2025-07-02 04:38:50.386077216,Sports,4,3006.86,12027.44
1004,2025-07-02 08:09:07.309461896,Electronics,5,2740.91,13704.55
1221,2025-07-02 11:39:24.232846568,Clothing,3,3348.96,10046.88
1014,2025-07-02 15:09:41.156231248,Clothing,4,3728.28,14913.12
1003,2025-07-02 18:39:58.079615920,Beauty,2,2260.32,4520.64
1216,2025-07-02 22:10:15.003000600,Sports,1,4452.72,4452.72
1229,2025-07-03 01:40:31.926385280,Clothing,2,4066.54,8133.08
1336,2025-07-03 05:10:48.849769952,Clothing,2,3948.56,7897.12
1186,2025-07-03 08:41:05.773154632,Beauty,4,2345.41,9381.64
1055,2025-07-03 12:11:22.696539312,Beauty,1,284.11,284.11
1500,2025-07-03 15:41:39.619923984,Sports,3,2512.06,7536.18
1388,2025-07-03 19:11:56.543308664,Electronics,2,4502.38,9004.76
1376,2025-07-03 22:42:13.466693336,Electronics,1,1033.21,1033.21
1254,2025-07-04 02:12:30.390078016,Home,3,4914.7,14744.1
1024,2025-07-04 05:42:47.313462696,Clothing,2,4057.68,8115.36
1162,2025-07-04 09:13:04.236847368,Sports,1,3578.17,3578.17
1158,2025-07-04 12:43:21.160232048,Clothing,4,3418.08,13672.32
1082,2025-07-04 16:13:38.083616720,Sports,2,2976.43,5952.86
1403,2025-07-04 19:43:55.007001400,Sports,2,3631.28,7262.56
1159,2025-07-04 23:14:11.930386080,Sports,1,2167.34,2167.34
1188,2025-07-05 02:44:28.853770752,Clothing,2,4241.91,8483.82
1060,2025-07-05 06:14:45.777155432,Beauty,3,3512.1,10536.3
1403,2025-07-05 09:45:02.700540112,Clothing,2,3879.14,7758.28
1305,2025-07-05 13:15:19.623924784,Sports,5,3983.19,19915.95
1319,2025-07-05 16:45:36.547309464,Home,3,551.14,1653.42
1366,2025-07-05 20:15:53.470694136,Electronics,1,372.64,372.64
1211,2025-07-05 23:46:10.394078816,Sports,3,4024.83,12074.49
1406,2025-07-06 03:16:27.317463496,Home,5,1370.98,6854.9
1152,2025-07-06 06:46:44.240848168,Beauty,5,2951.65,14758.25
1109,2025-07-06 10:17:01.164232848,Sports,2,2274.18,4548.36
1076,2025-07-06 13:47:18.087617528,Home,2,207.99,415.98
1030,2025-07-06 17:17:35.011002200,Sports,4,297.38,1189.52
1314,2025-07-06 20:47:51.934386880,Clothing,3,4152.91,12458.73
1486,2025-07-07 00:18:08.857771552,Home,4,3077.62,12310.48
1117,2025-07-07 03:48:25.781156232,Clothing,5,2666.83,13334.15
1415,2025-07-07 07:18:42.704540912,Clothing,2,4727.33,9454.66
1356,2025-07-07 10:48:59.627925584,Home,2,948.26,1896.52
1192,2025-07-07 14:19:16.551310264,Electronics,2,1364.06,2728.12
1019,2025-07-07 17:49:33.474694936,Home,1,3808.02,3808.02
1432,2025-07-07 21:19:50.398079616,Electronics,5,3898.65,19493.25
1173,2025-07-08 00:50:07.321464296,Sports,2,2084.0,4168.0
1228,2025-07-08 04:20:24.244848968,Sports,5,4759.79,23798.95
1350,2025-07-08 07:50:41.168233648,Home,2,4697.45,9394.9
1183,2025-07-08 11:20:58.091618328,Sports,3,160.81,482.43
1113,2025-07-08 14:51:15.015003000,Beauty,5,944.41,4722.05
1183,2025-07-08 18:21:31.938387680,Clothing,4,4119.08,16476.32
1481,2025-07-08 21:51:48.861772352,Clothing,1,1742.56,1742.56
1146,2025-07-09 01:22:05.785157032,Electronics,4,567.77,2271.08
1319,2025-07-09 04:52:22.708541712,Sports,5,3946.5,19732.5
1116,2025-07-09 08:22:39.631926384,Electronics,2,2327.46,4654.92
1113,2025-07-09 11:52:56.555311064,Clothing,5,2512.81,12564.05
1251,2025-07-09 15:23:13.478695736,Clothing,1,1013.21,1013.21
1476,2025-07-09 18:53:30.402080416,Sports,5,3338.39,16691.95
1251,2025-07-09 22:23:47.325465096,Beauty,2,2801.08,5602.16
1303,2025-07-10 01:54:04.248849768,Beauty,4,1112.7,4450.8
1459,2025-07-10 05:24:21.172234448,Sports,3,1767.62,5302.86
1313,2025-07-10 08:54:38.095619128,Sports,4,3024.71,12098.84
1118,2025-07-10 12:24:55.019003800,Electronics,2,4631.87,9263.74
1301,2025-07-10 15:55:11.942388480,Sports,2,4609.84,9219.68
1161,2025-07-10 19:25:28.865773152,Beauty,1,1510.74,1510.74
1401,2025-07-10 22:55:45.789157832,Sports,5,3704.54,18522.7
1198,2025-07-11 02:26:02.712542512,Electronics,5,3900.04,19500.2
1260,2025-07-11 05:56:19.635927184,Electronics,4,4063.23,16252.92
1148,2025-07-11 09:26:36.559311864,Electronics,3,2896.74,8690.22
1240,2025-07-11 12:56:53.482696536,Electronics,3,151.49,454.47
1047,2025-07-11 16:27:10.406081216,Home,1,3832.21,3832.21
1475,2025-07-11 19:57:27.329465896,Sports,2,622.33,1244.66
1399,2025-07-11 23:27:44.252850568,Clothing,1,672.67,672.67
1198,2025-07-12 02:58:01.176235248,Sports,5,3067.56,15337.8
1047,2025-07-12 06:28:18.099619928,Home,2,4919.25,9838.5
1078,2025-07-12 09:58:35.023004600,Electronics,1,1288.44,1288.44
1124,2025-07-12 13:28:51.946389280,Home,4,3264.47,13057.88
1075,2025-07-12 16:59:08.869773952,Beauty,5,1587.9,7939.5
1359,2025-07-12 20:29:25.793158632,Beauty,3,4503.76,13511.28
1137,2025-07-12 23:59:42.716543312,Sports,1,3008.23,3008.23
1090,2025-07-13 03:29:59.639927984,Sports,5,1116.64,5583.2
1400,2025-07-13 07:00:16.563312664,Clothing,5,1384.44,6922.2
1325,2025-07-13 10:30:33.486697344,Clothing,3,2219.16,6657.48
1500,2025-07-13 14:00:50.410082016,Beauty,3,698.01,2094.03
1061,2025-07-13 17:31:07.333466696,Electronics,3,485.79,1457.37
1138,2025-07-13 21:01:24.256851368,Home,1,3432.3,3432.3
1050,2025-07-14 00:31:41.180236048,Clothing,3,2095.11,6285.33
1259,2025-07-14 04:01:58.103620728,Clothing,4,3658.51,14634.04
1461,2025-07-14 07:32:15.027005400,Electronics,5,639.29,3196.45
1107,2025-07-14 11:02:31.950390080,Electronics,3,3088.34,9265.02
1113,2025-07-14 14:32:48.873774752,Sports,5,2272.2,11361.0
1350,2025-07-14 18:03:05.797159432,Home,2,384.19,768.38
1254,2025-07-14 21:33:22.720544112,Electronics,2,2769.53,5539.06
1118,2025-07-15 01:03:39.643928784,Clothing,3,505.74,1517.22
1493,2025-07-15 04:33:56.567313464,Clothing,5,4155.83,20779.15
1198,2025-07-15 08:04:13.490698144,Beauty,2,3196.59,6393.18
1337,2025-07-15 11:34:30.414082816,Electronics,3,2829.14,8487.42
1365,2025-07-15 15:04:47.337467496,Sports,5,754.0,3770.0
1051,2025-07-15 18:35:04.260852168,Home,3,1508.54,4525.62
1245,2025-07-15 22:05:21.184236848,Sports,5,2515.09,12575.45
1403,2025-07-16 01:35:38.107621528,Clothing,2,3203.09,6406.18
1426,2025-07-16 05:05:55.031006200,Sports,3,997.83,2993.49
1035,2025-07-16 08:36:11.954390880,Clothing,2,143.44,286.88
1302,2025-07-16 12:06:28.877775552,Clothing,3,1789.32,5367.96
1410,2025-07-16 15:36:45.801160232,Clothing,1,2466.07,2466.07
1499,2025-07-16 19:07:02.724544912,Clothing,2,1003.72,2007.44
1069,2025-07-16 22:37:19.647929584,Clothing,2,2511.61,5023.22
1349,2025-07-17 02:07:36.571314264,Beauty,4,1758.58,7034.32
1320,2025-07-17 05:37:53.494698944,Sports,2,2329.94,4659.88
1421,2025-07-17 09:08:10.418083616,Beauty,5,1802.54,9012.7
1468,2025-07-17 12:38:27.341468296,Beauty,3,3179.49,9538.47
1049,2025-07-17 16:08:44.264852968,Electronics,1,310.2,310.2
1405,2025-07-17 19:39:01.188237648,Electronics,5,937.44,4687.2
1074,2025-07-17 23:09:18.111622328,Electronics,5,2220.48,11102.4
1192,2025-07-18 02:39:35.035007000,Home,5,1845.85,9229.25
1261,2025-07-18 06:09:51.958391680,Electronics,5,2019.0,10095.0
1356,2025-07-18 09:40:08.881776352,Sports,1,4038.43,4038.43
1070,2025-07-18 13:10:25.805161032,Beauty,4,4443.03,17772.12
1090,2025-07-18 16:40:42.728545712,Sports,2,1318.48,2636.96
1260,2025-07-18 20:10:59.651930384,Electronics,5,4198.32,20991.6
1126,2025-07-18 23:41:16.575315064,Home,2,2348.07,4696.14
1231,2025-07-19 03:11:33.498699744,Home,2,1441.72,2883.44
1295,2025-07-19 06:41:50.422084416,Beauty,5,4928.73,24643.65
1498,2025-07-19 10:12:07.345469096,Sports,4,4141.53,16566.12
1419,2025-07-19 13:42:24.268853768,Clothing,2,4971.84,9943.68
1129,2025-07-19 17:12:41.192238448,Sports,3,924.13,2772.39
1280,2025-07-19 20:42:58.115623128,Electronics,2,804.83,1609.66
1313,2025-07-20 00:13:15.039007800,Clothing,5,2566.55,12832.75
1100,2025-07-20 03:43:31.962392480,Home,1,3229.35,3229.35
1326,2025-07-20 07:13:48.885777160,Beauty,2,938.19,1876.38
1297,2025-07-20 10:44:05.809161832,Beauty,4,4316.11,17264.44
1182,2025-07-20 14:14:22.732546512,Home,3,2706.87,8120.61
1174,2025-07-20 17:44:39.655931184,Electronics,3,2113.61,6340.83
1316,2025-07-20 21:14:56.579315864,Home,1,3050.06,3050.06
1364,2025-07-21 00:45:13.502700544,Electronics,1,3211.27,3211.27
1188,2025-07-21 04:15:30.426085216,Clothing,2,309.64,619.28
1057,2025-07-21 07:45:47.349469896,Home,5,4999.47,24997.35
1031,2025-07-21 11:16:04.272854568,Electronics,4,1883.21,7532.84
1084,2025-07-21 14:46:21.196239248,Clothing,3,401.56,1204.68
1152,2025-07-21 18:16:38.119623928,Home,1,4276.38,4276.38
1473,2025-07-21 21:46:55.043008600,Beauty,4,4965.79,19863.16
1036,2025-07-22 01:17:11.966393280,Home,5,4100.16,20500.8
1213,2025-07-22 04:47:28.889777960,Sports,3,4274.22,12822.66
1414,2025-07-22 08:17:45.813162632,Home,3,3167.08,9501.24
1408,2025-07-22 11:48:02.736547312,Sports,5,4619.4,23097.0
1364,2025-07-22 15:18:19.659931984,Clothing,3,275.12,825.36
1106,2025-07-22 18:48:36.583316664,Home,5,3856.95,19284.75
1414,2025-07-22 22:18:53.506701344,Clothing,3,3386.48,10159.44
1342,2025-07-23 01:49:10.430086016,Clothing,2,342.97,685.94
1220,2025-07-23 05:19:27.353470696,Electronics,5,2765.47,13827.35
1391,2025-07-23 08:49:44.276855368,Clothing,4,2623.8,10495.2
1163,2025-07-23 12:20:01.200240048,Clothing,2,3488.52,6977.04
1439,2025-07-23 15:50:18.123624728,Home,4,479.9,1919.6
1220,2025-07-23 19:20:35.047009400,Home,3,4045.87,12137.61
1270,2025-07-23 22:50:51.970394080,Beauty,4,783.08,3132.32
1120,2025-07-24 02:21:08.893778760,Electronics,2,2151.46,4302.92
1394,2025-07-24 05:51:25.817163432,Clothing,5,4418.31,22091.55
1336,2025-07-24 09:21:42.740548112,Electronics,1,2846.6,2846.6
1400,2025-07-24 12:51:59.663932784,Sports,4,1960.0,7840.0
1182,2025-07-24 16:22:16.587317464,Clothing,1,336.19,336.19
1479,2025-07-24 19:52:33.510702144,Electronics,4,3394.14,13576.56
1106,2025-07-24 23:22:50.434086816,Beauty,4,4934.08,19736.32
1217,2025-07-25 02:53:07.357471496,Beauty,5,4567.8,22839.0
1205,2025-07-25 06:23:24.280856168,Clothing,3,3614.75,10844.25
1070,2025-07-25 09:53:41.204240848,Sports,2,615.94,1231.88
1044,2025-07-25 13:23:58.127625528,Beauty,2,1273.26,2546.52
1329,2025-07-25 16:54:15.051010200,Beauty,2,1015.56,2031.12
1301,2025-07-25 20:24:31.974394880,Sports,3,1841.76,5525.28
1228,2025-07-25 23:54:48.897779560,Electronics,1,1254.03,1254.03
1184,2025-07-26 03:25:05.821164232,Beauty,2,1297.75,2595.5
1107,2025-07-26 06:55:22.744548912,Home,1,3121.98,3121.98
1084,2025-07-26 10:25:39.667933584,Beauty,3,1661.64,4984.92
1338,2025-07-26 13:55:56.591318264,Electronics,3,3418.1,10254.3
1250,2025-07-26 17:26:13.514702944,Electronics,5,4744.66,23723.3
1363,2025-07-26 20:56:30.438087616,Clothing,2,3228.54,6457.08
1441,2025-07-27 00:26:47.361472296,Home,5,3783.12,18915.6
1021,2025-07-27 03:57:04.284856976,Electronics,2,3782.74,7565.48
1196,2025-07-27 07:27:21.208241648,Sports,3,1720.44,5161.32
1178,2025-07-27 10:57:38.131626328,Home,3,173.29,519.87
1417,2025-07-27 14:27:55.055011000,Home,4,369.74,1478.96
1475,2025-07-27 17:58:11.978395680,Sports,4,1482.1,5928.4
1007,2025-07-27 21:28:28.901780360,Beauty,3,3478.76,10436.28
1070,2025-07-28 00:58:45.825165032,Sports,3,4542.75,13628.25
1127,2025-07-28 04:29:02.748549712,Sports,1,4798.11,4798.11
1399,2025-07-28 07:59:19.671934384,Beauty,1,226.66,226.66
1466,2025-07-28 11:29:36.595319064,Beauty,5,4951.43,24757.15
1160,2025-07-28 14:59:53.518703744,Beauty,4,1680.24,6720.96
1248,2025-07-28 18:30:10.442088416,Beauty,4,4230.49,16921.96
1203,2025-07-28 22:00:27.365473096,Beauty,3,983.45,2950.35
1148,2025-07-29 01:30:44.288857776,Sports,3,408.2,1224.6
1472,2025-07-29 05:01:01.212242448,Clothing,5,1953.94,9769.7
1143,2025-07-29 08:31:18.135627128,Clothing,4,4308.73,17234.92
1432,2025-07-29 12:01:35.059011800,Electronics,1,1182.04,1182.04
1199,2025-07-29 15:31:51.982396480,Clothing,2,854.39,1708.78
1405,2025-07-29 19:02:08.905781160,Clothing,5,4558.04,22790.2
1426,2025-07-29 22:32:25.829165832,Sports,2,4697.85,9395.7
1154,2025-07-30 02:02:42.752550512,Beauty,1,161.49,161.49
1492,2025-07-30 05:32:59.675935184,Beauty,1,3664.44,3664.44
1376,2025-07-30 09:03:16.599319864,Sports,2,1615.12,3230.24
1384,2025-07-30 12:33:33.522704544,Clothing,5,1936.05,9680.25
1142,2025-07-30 16:03:50.446089216,Sports,2,2398.6,4797.2
1313,2025-07-30 19:34:07.369473896,Electronics,5,2191.28,10956.4
1165,2025-07-30 23:04:24.292858576,Beauty,5,2623.37,13116.85
1314,2025-07-31 02:34:41.216243248,Home,3,2953.57,8860.71
1021,2025-07-31 06:04:58.139627928,Electronics,4,2381.42,9525.68
1082,2025-07-31 09:35:15.063012600,Electronics,4,3537.66,14150.64
1069,2025-07-31 13:05:31.986397280,Sports,1,3621.15,3621.15
1131,2025-07-31 16:35:48.909781960,Clothing,3,2257.76,6773.28
1087,2025-07-31 20:06:05.833166632,Beauty,4,798.07,3192.28
1218,2025-07-31 23:36:22.756551312,Home,5,3239.13,16195.65
1421,2025-08-01 03:06:39.679935984,Electronics,5,3887.49,19437.45
1472,2025-08-01 06:36:56.603320664,Home,2,3226.74,6453.48
1305,2025-08-01 10:07:13.526705344,Clothing,2,2981.47,5962.94
1403,2025-08-01 13:37:30.450090016,Clothing,5,1224.12,6120.6
1371,2025-08-01 17:07:47.373474696,Home,5,3261.17,16305.85
1345,2025-08-01 20:38:04.296859376,Beauty,2,1740.8,3481.6
1341,2025-08-02 00:08:21.220244048,Clothing,4,4605.84,18423.36
1384,2025-08-02 03:38:38.143628728,Home,1,3303.23,3303.23
1396,2025-08-02 07:08:55.067013400,Electronics,2,1463.08,2926.16
1445,2025-08-02 10:39:11.990398080,Home,4,2417.34,9669.36
1425,2025-08-02 14:09:28.913782760,Home,4,4248.25,16993.0
1161,2025-08-02 17:39:45.837167432,Sports,4,1743.77,6975.08
1178,2025-08-02 21:10:02.760552112,Clothing,3,2674.66,8023.98
1117,2025-08-03 00:40:19.683936784,Beauty,3,3430.38,10291.14
1196,2025-08-03 04:10:36.607321464,Beauty,4,3797.19,15188.76
1383,2025-08-03 07:40:53.530706144,Sports,5,952.07,4760.35
1490,2025-08-03 11:11:10.454090816,Beauty,3,2869.25,8607.75
1327,2025-08-03 14:41:27.377475496,Home,2,4569.78,9139.56
1086,2025-08-03 18:11:44.300860176,Sports,3,4844.96,14534.88
1289,2025-08-03 21:42:01.224244848,Electronics,5,3315.11,16575.55
1081,2025-08-04 01:12:18.147629528,Clothing,1,4919.94,4919.94
1152,2025-08-04 04:42:35.071014200,Clothing,3,2896.6,8689.8
1061,2025-08-04 08:12:51.994398880,Clothing,4,2268.76,9075.04
1061,2025-08-04 11:43:08.917783560,Home,4,2802.78,11211.12
1354,2025-08-04 15:13:25.841168232,Electronics,4,666.99,2667.96
1028,2025-08-04 18:43:42.764552912,Sports,1,2068.41,2068.41
1442,2025-08-04 22:13:59.687937592,Sports,5,2346.18,11730.9
1043,2025-08-05 01:44:16.611322264,Clothing,2,4258.28,8516.56
1169,2025-08-05 05:14:33.534706944,Electronics,5,3817.38,19086.9
1423,2025-08-05 08:44:50.458091616,Electronics,1,3046.99,3046.99
1086,2025-08-05 12:15:07.381476296,Electronics,4,1801.66,7206.64
1177,2025-08-05 15:45:24.304860976,Beauty,5,1016.47,5082.35
1017,2025-08-05 19:15:41.228245648,Beauty,2,1804.05,3608.1
1098,2025-08-05 22:45:58.151630328,Clothing,4,3431.04,13724.16
1454,2025-08-06 02:16:15.075015000,Electronics,2,1388.89,2777.78
1494,2025-08-06 05:46:31.998399680,Electronics,3,2191.74,6575.22
1198,2025-08-06 09:16:48.921784360,Sports,2,1995.17,3990.34
1098,2025-08-06 12:47:05.845169032,Sports,4,3851.39,15405.56
1065,2025-08-06 16:17:22.768553712,Clothing,3,4430.56,13291.68
1330,2025-08-06 19:47:39.691938392,Electronics,4,3526.92,14107.68
1341,2025-08-06 23:17:56.615323064,Clothing,4,1773.85,7095.4
1005,2025-08-07 02:48:13.538707744,Sports,3,2222.57,6667.71
1002,2025-08-07 06:18:30.462092416,Sports,2,802.42,1604.84
1022,2025-08-07 09:48:47.385477096,Beauty,1,923.68,923.68
1112,2025-08-07 13:19:04.308861776,Clothing,1,905.03,905.03
1057,2025-08-07 16:49:21.232246448,Clothing,1,739.87,739.87
1066,2025-08-07 20:19:38.155631128,Electronics,1,979.95,979.95
1330,2025-08-07 23:49:55.079015800,Electronics,5,1093.17,5465.85
1098,2025-08-08 03:20:12.002400480,Beauty,1,648.05,648.05
1144,2025-08-08 06:50:28.925785160,Home,3,3237.28,9711.84
1368,2025-08-08 10:20:45.849169832,Home,1,4952.97,4952.97
1435,2025-08-08 13:51:02.772554512,Home,4,4408.02,17632.08
1125,2025-08-08 17:21:19.695939192,Clothing,1,323.45,323.45
1167,2025-08-08 20:51:36.619323864,Clothing,2,2172.99,4345.98
1086,2025-08-09 00:21:53.542708544,Sports,3,4310.62,12931.86
1076,2025-08-09 03:52:10.466093216,Clothing,3,759.91,2279.73
1344,2025-08-09 07:22:27.389477896,Clothing,5,4253.46,21267.3
1495,2025-08-09 10:52:44.312862576,Clothing,4,3004.23,12016.92
1424,2025-08-09 14:23:01.236247248,Beauty,3,4663.36,13990.08
1294,2025-08-09 17:53:18.159631928,Clothing,2,4392.59,8785.18
1444,2025-08-09 21:23:35.083016600,Electronics,1,3417.47,3417.47
1059,2025-08-10 00:53:52.006401280,Electronics,3,3323.33,9969.99
1138,2025-08-10 04:24:08.929785960,Sports,2,1144.5,2289.0
1099,2025-08-10 07:54:25.853170632,Beauty,1,672.09,672.09
1192,2025-08-10 11:24:42.776555312,Electronics,5,2135.43,10677.15
1243,2025-08-10 14:54:59.699939992,Beauty,3,1014.24,3042.72
1319,2025-08-10 18:25:16.623324664,Beauty,3,601.84,1805.52
1049,2025-08-10 21:55:33.546709344,Sports,2,1581.4,3162.8
1448,2025-08-11 01:25:50.470094016,Beauty,4,4316.4,17265.6
1032,2025-08-11 04:56:07.393478696,Clothing,5,184.03,920.15
1391,2025-08-11 08:26:24.316863376,Beauty,4,1533.92,6135.68
1277,2025-08-11 11:56:41.240248048,Sports,3,2177.86,6533.58
1020,2025-08-11 15:26:58.163632728,Sports,4,2601.79,10407.16
1154,2025-08-11 18:57:15.087017408,Sports,1,989.73,989.73
1383,2025-08-11 22:27:32.010402080,Electronics,5,4824.68,24123.4
1068,2025-08-12 01:57:48.933786760,Clothing,4,2936.48,11745.92
1366,2025-08-12 05:28:05.857171432,Electronics,1,2658.34,2658.34
1372,2025-08-12 08:58:22.780556112,Home,2,143.23,286.46
1214,2025-08-12 12:28:39.703940792,Clothing,4,2480.01,9920.04
1143,2025-08-12 15:58:56.627325464,Beauty,5,4204.59,21022.95
1376,2025-08-12 19:29:13.550710144,Sports,1,1176.26,1176.26
1232,2025-08-12 22:59:30.474094816,Home,4,1820.92,7283.68
1213,2025-08-13 02:29:47.397479496,Clothing,2,200.8,401.6
1079,2025-08-13 06:00:04.320864176,Electronics,4,4886.94,19547.76
1214,2025-08-13 09:30:21.244248848,Sports,1,426.59,426.59
1116,2025-08-13 13:00:38.167633528,Electronics,4,4501.28,18005.12
1092,2025-08-13 16:30:55.091018208,Clothing,5,1633.64,8168.2
1270,2025-08-13 20:01:12.014402880,Clothing,3,2979.03,8937.09
1411,2025-08-13 23:31:28.937787560,Home,1,3428.65,3428.65
1381,2025-08-14 03:01:45.861172232,Beauty,1,790.06,790.06
1489,2025-08-14 06:32:02.784556912,Electronics,1,2274.42,2274.42
1168,2025-08-14 10:02:19.707941592,Home,1,1694.78,1694.78
1058,2025-08-14 13:32:36.631326264,Sports,4,377.35,1509.4
1284,2025-08-14 17:02:53.554710944,Beauty,5,4182.65,20913.25
1026,2025-08-14 20:33:10.478095616,Home,2,321.32,642.64
1369,2025-08-15 00:03:27.401480296,Electronics,5,3300.96,16504.8
1447,2025-08-15 03:33:44.324864976,Clothing,1,1638.98,1638.98
1066,2025-08-15 07:04:01.248249648,Sports,4,1041.43,4165.72
1409,2025-08-15 10:34:18.171634328,Electronics,4,3368.72,13474.88
1248,2025-08-15 14:04:35.095019008,Beauty,1,2915.23,2915.23
1254,2025-08-15 17:34:52.018403680,Beauty,4,1644.76,6579.04
1387,2025-08-15 21:05:08.941788360,Clothing,1,2613.51,2613.51
1456,2025-08-16 00:35:25.865173032,Clothing,5,1306.56,6532.8
1044,2025-08-16 04:05:42.788557712,Sports,3,4332.11,12996.33
1097,2025-08-16 07:35:59.711942392,Sports,4,1637.71,6550.84
1042,2025-08-16 11:06:16.635327064,Clothing,1,1301.25,1301.25
1500,2025-08-16 14:36:33.558711744,Clothing,1,3783.99,3783.99
1227,2025-08-16 18:06:50.482096416,Beauty,4,186.2,744.8
1262,2025-08-16 21:37:07.405481096,Clothing,2,1413.26,2826.52
1167,2025-08-17 01:07:24.328865776,Home,1,1939.44,1939.44
1436,2025-08-17 04:37:41.252250448,Electronics,4,4422.97,17691.88
1279,2025-08-17 08:07:58.175635128,Clothing,1,4757.16,4757.16
1089,2025-08-17 11:38:15.099019808,Sports,2,3610.74,7221.48
1379,2025-08-17 15:08:32.022404480,Home,3,2513.41,7540.23
1178,2025-08-17 18:38:48.945789160,Sports,2,3239.05,6478.1
1427,2025-08-17 22:09:05.869173832,Home,5,2128.61,10643.05
1403,2025-08-18 01:39:22.792558512,Clothing,4,1564.25,6257.0
1197,2025-08-18 05:09:39.715943192,Electronics,2,4758.37,9516.74
1307,2025-08-18 08:39:56.639327864,Sports,3,665.41,1996.23
1267,2025-08-18 12:10:13.562712544,Home,1,1797.33,1797.33
1268,2025-08-18 15:40:30.486097224,Beauty,4,4505.54,18022.16
1074,2025-08-18 19:10:47.409481896,Clothing,2,3643.39,7286.78
1008,2025-08-18 22:41:04.332866576,Electronics,3,242.6,727.8
1408,2025-08-19 02:11:21.256251248,Clothing,2,213.19,426.38
1476,2025-08-19 05:41:38.179635928,Beauty,5,2630.91,13154.55
1297,2025-08-19 09:11:55.103020608,Electronics,4,2472.84,9891.36
1164,2025-08-19 12:42:12.026405280,Beauty,1,2270.66,2270.66
1485,2025-08-19 16:12:28.949789960,Clothing,3,1581.48,4744.44
1085,2025-08-19 19:42:45.873174632,Home,2,4934.53,9869.06
1072,2025-08-19 23:13:02.796559312,Clothing,4,1432.74,5730.96
1055,2025-08-20 02:43:19.719943992,Clothing,2,2501.2,5002.4
1393,2025-08-20 06:13:36.643328664,Clothing,4,2083.98,8335.92
1047,2025-08-20 09:43:53.566713344,Sports,5,934.22,4671.1
1399,2025-08-20 13:14:10.490098024,Beauty,2,1092.83,2185.66
1432,2025-08-20 16:44:27.413482696,Beauty,5,4599.68,22998.4
1238,2025-08-20 20:14:44.336867376,Beauty,3,4305.57,12916.71
1104,2025-08-20 23:45:01.260252048,Sports,5,1075.32,5376.6
1210,2025-08-21 03:15:18.183636728,Home,4,4390.75,17563.0
1042,2025-08-21 06:45:35.107021408,Clothing,3,1125.01,3375.03
1316,2025-08-21 10:15:52.030406080,Home,2,3170.08,6340.16
1468,2025-08-21 13:46:08.953790760,Sports,2,498.27,996.54
1454,2025-08-21 17:16:25.877175432,Beauty,4,4413.81,17655.24
1268,2025-08-21 20:46:42.800560112,Clothing,1,352.35,352.35
1386,2025-08-22 00:16:59.723944792,Electronics,1,2819.22,2819.22
1263,2025-08-22 03:47:16.647329464,Electronics,2,3920.59,7841.18
1336,2025-08-22 07:17:33.570714144,Home,4,672.49,2689.96
1387,2025-08-22 10:47:50.494098824,Beauty,1,2081.95,2081.95
1365,2025-08-22 14:18:07.417483496,Electronics,5,305.56,1527.8
1259,2025-08-22 17:48:24.340868176,Home,2,3445.49,6890.98
1283,2025-08-22 21:18:41.264252848,Sports,5,1606.5,8032.5
1114,2025-08-23 00:48:58.187637528,Home,4,2841.04,11364.16
1363,2025-08-23 04:19:15.111022208,Home,5,4670.39,23351.95
1040,2025-08-23 07:49:32.034406880,Home,1,1598.7,1598.7
1486,2025-08-23 11:19:48.957791560,Clothing,1,338.27,338.27
1417,2025-08-23 14:50:05.881176232,Home,3,3410.58,10231.74
1220,2025-08-23 18:20:22.804560912,Home,2,3955.52,7911.04
1129,2025-08-23 21:50:39.727945592,Clothing,4,4793.56,19174.24
1008,2025-08-24 01:20:56.651330264,Clothing,2,873.22,1746.44
1101,2025-08-24 04:51:13.574714944,Sports,5,2021.49,10107.45
1416,2025-08-24 08:21:30.498099624,Beauty,4,4236.29,16945.16
1380,2025-08-24 11:51:47.421484296,Electronics,4,4053.67,16214.68
1176,2025-08-24 15:22:04.344868976,Electronics,1,3161.5,3161.5
1107,2025-08-24 18:52:21.268253648,Home,5,1419.91,7099.55
1101,2025-08-24 22:22:38.191638328,Sports,1,1491.77,1491.77
1260,2025-08-25 01:52:55.115023008,Home,1,707.61,707.61
1478,2025-08-25 05:23:12.038407680,Electronics,3,4617.08,13851.24
1454,2025-08-25 08:53:28.961792360,Clothing,1,947.36,947.36
1366,2025-08-25 12:23:45.885177040,Beauty,2,2907.14,5814.28
1246,2025-08-25 15:54:02.808561712,Sports,4,2963.32,11853.28
1275,2025-08-25 19:24:19.731946392,Clothing,1,1911.07,1911.07
1032,2025-08-25 22:54:36.655331064,Beauty,2,1827.34,3654.68
1137,2025-08-26 02:24:53.578715744,Sports,5,3376.08,16880.4
1012,2025-08-26 05:55:10.502100424,Sports,4,2002.66,8010.64
1395,2025-08-26 09:25:27.425485096,Electronics,5,1350.07,6750.35
1302,2025-08-26 12:55:44.348869776,Clothing,2,2055.75,4111.5
1375,2025-08-26 16:26:01.272254448,Sports,5,4057.54,20287.7
1016,2025-08-26 19:56:18.195639128,Sports,5,4835.74,24178.7
1129,2025-08-26 23:26:35.119023808,Beauty,5,3216.16,16080.8
1063,2025-08-27 02:56:52.042408480,Electronics,1,3932.3,3932.3
1109,2025-08-27 06:27:08.965793160,Home,1,2710.84,2710.84
1375,2025-08-27 09:57:25.889177840,Electronics,1,3161.63,3161.63
1021,2025-08-27 13:27:42.812562512,Home,4,4941.62,19766.48
1158,2025-08-27 16:57:59.735947192,Clothing,2,2248.25,4496.5
1269,2025-08-27 20:28:16.659331864,Clothing,1,424.65,424.65
1162,2025-08-27 23:58:33.582716544,Sports,5,4789.33,23946.65
1260,2025-08-28 03:28:50.506101224,Clothing,5,3986.0,19930.0
1412,2025-08-28 06:59:07.429485896,Sports,5,2051.72,10258.6
1102,2025-08-28 10:29:24.352870576,Electronics,5,4913.74,24568.7
1223,2025-08-28 13:59:41.276255248,Clothing,3,1793.13,5379.39
1059,2025-08-28 17:29:58.199639928,Electronics,4,1923.39,7693.56
1247,2025-08-28 21:00:15.123024608,Electronics,2,3087.68,6175.36
1128,2025-08-29 00:30:32.046409280,Clothing,2,1444.3,2888.6
1283,2025-08-29 04:00:48.969793960,Electronics,1,3523.0,3523.0
1325,2025-08-29 07:31:05.893178640,Clothing,3,848.97,2546.91
1025,2025-08-29 11:01:22.816563312,Clothing,2,629.32,1258.64
1131,2025-08-29 14:31:39.739947992,Clothing,4,2720.9,10883.6
1353,2025-08-29 18:01:56.663332664,Home,5,2821.92,14109.6
1196,2025-08-29 21:32:13.586717344,Electronics,1,622.61,622.61
1281,2025-08-30 01:02:30.510102024,Beauty,4,4824.46,19297.84
1404,2025-08-30 04:32:47.433486696,Clothing,2,2909.1,5818.2
1418,2025-08-30 08:03:04.356871376,Electronics,3,840.07,2520.21
1154,2025-08-30 11:33:21.280256048,Sports,1,1626.07,1626.07
1382,2025-08-30 15:03:38.203640728,Clothing,2,4021.15,8042.3
1133,2025-08-30 18:33:55.127025408,Clothing,1,2663.83,2663.83
1227,2025-08-30 22:04:12.050410080,Beauty,2,1021.93,2043.86
1189,2025-08-31 01:34:28.973794760,Home,5,603.96,3019.8
1476,2025-08-31 05:04:45.897179440,Home,3,2210.79,6632.37
1477,2025-08-31 08:35:02.820564112,Clothing,5,1753.33,8766.65
1265,2025-08-31 12:05:19.743948792,Electronics,2,3314.0,6628.0
1372,2025-08-31 15:35:36.667333464,Sports,4,4633.71,18534.84
1486,2025-08-31 19:05:53.590718144,Sports,5,1313.88,6569.4
1434,2025-08-31 22:36:10.514102824,Electronics,4,4290.65,17162.6
1134,2025-09-01 02:06:27.437487496,Clothing,2,4610.26,9220.52
1211,2025-09-01 05:36:44.360872176,Sports,3,4519.81,13559.43
1060,2025-09-01 09:07:01.284256856,Home,4,4765.18,19060.72
1428,2025-09-01 12:37:18.207641528,Electronics,2,4226.33,8452.66
1377,2025-09-01 16:07:35.131026208,Beauty,4,3008.08,12032.32
1395,2025-09-01 19:37:52.054410880,Clothing,5,2108.25,10541.25
1450,2025-09-01 23:08:08.977795560,Electronics,2,2509.27,5018.54
1431,2025-09-02 02:38:25.901180240,Sports,5,4375.8,21879.0
1364,2025-09-02 06:08:42.824564912,Clothing,1,1576.85,1576.85
1364,2025-09-02 09:38:59.747949592,Home,2,880.38,1760.76
1457,2025-09-02 13:09:16.671334264,Clothing,4,790.01,3160.04
1213,2025-09-02 16:39:33.594718944,Clothing,1,4152.27,4152.27
1216,2025-09-02 20:09:50.518103624,Home,5,3831.28,19156.4
1226,2025-09-02 23:40:07.441488296,Home,5,2538.46,12692.3
1470,2025-09-03 03:10:24.364872976,Clothing,4,1446.87,5787.48
1131,2025-09-03 06:40:41.288257656,Home,1,3420.3,3420.3
1076,2025-09-03 10:10:58.211642328,Electronics,3,288.32,864.96
1476,2025-09-03 13:41:15.135027008,Home,4,2884.32,11537.28
1286,2025-09-03 17:11:32.058411680,Home,5,2052.28,10261.4
1474,2025-09-03 20:41:48.981796360,Clothing,2,4891.51,9783.02
1496,2025-09-04 00:12:05.905181040,Electronics,1,2587.05,2587.05
1277,2025-09-04 03:42:22.828565712,Beauty,3,2806.11,8418.33
1156,2025-09-04 07:12:39.751950392,Beauty,2,3590.58,7181.16
1248,2025-09-04 10:42:56.675335064,Sports,1,2474.24,2474.24
1218,2025-09-04 14:13:13.598719744,Home,4,1200.39,4801.56
1190,2025-09-04 17:43:30.522104424,Home,4,2732.66,10930.64
1417,2025-09-04 21:13:47.445489096,Electronics,1,4726.92,4726.92
1469,2025-09-05 00:44:04.368873776,Beauty,3,2108.56,6325.68
1163,2025-09-05 04:14:21.292258456,Sports,1,3430.24,3430.24
1180,2025-09-05 07:44:38.215643128,Electronics,2,4892.37,9784.74
1034,2025-09-05 11:14:55.139027808,Home,2,4166.62,8333.24
1041,2025-09-05 14:45:12.062412480,Beauty,4,3329.27,13317.08
1307,2025-09-05 18:15:28.985797160,Sports,1,3706.38,3706.38
1431,2025-09-05 21:45:45.909181840,Clothing,4,4688.77,18755.08
1338,2025-09-06 01:16:02.832566512,Beauty,3,4802.79,14408.37
1314,2025-09-06 04:46:19.755951192,Sports,2,4847.94,9695.88
1075,2025-09-06 08:16:36.679335864,Electronics,5,3165.64,15828.2
1441,2025-09-06 11:46:53.602720544,Clothing,5,1985.09,9925.45
1279,2025-09-06 15:17:10.526105224,Sports,1,752.45,752.45
1176,2025-09-06 18:47:27.449489896,Sports,1,1989.19,1989.19
1384,2025-09-06 22:17:44.372874576,Home,5,4720.48,23602.4
1150,2025-09-07 01:48:01.296259256,Beauty,1,4460.01,4460.01
1273,2025-09-07 05:18:18.219643928,Home,2,2665.93,5331.86
1325,2025-09-07 08:48:35.143028608,Clothing,3,2731.34,8194.02
1108,2025-09-07 12:18:52.066413280,Sports,3,1613.71,4841.13
1139,2025-09-07 15:49:08.989797960,Home,4,2327.09,9308.36
1350,2025-09-07 19:19:25.913182640,Beauty,2,3600.8,7201.6
1271,2025-09-07 22:49:42.836567312,Clothing,1,2071.91,2071.91
1347,2025-09-08 02:19:59.759951992,Electronics,1,1021.12,1021.12
1419,2025-09-08 05:50:16.683336672,Home,4,2750.21,11000.84
1289,2025-09-08 09:20:33.606721344,Clothing,4,1204.15,4816.6
1212,2025-09-08 12:50:50.530106024,Electronics,1,4874.01,4874.01
1381,2025-09-08 16:21:07.453490696,Home,1,2012.67,2012.67
1272,2025-09-08 19:51:24.376875376,Clothing,2,4557.36,9114.72
1418,2025-09-08 23:21:41.300260056,Clothing,4,1205.21,4820.84
1066,2025-09-09 02:51:58.223644728,Home,2,1027.12,2054.24
1483,2025-09-09 06:22:15.147029408,Clothing,1,3122.82,3122.82
1424,2025-09-09 09:52:32.070414080,Sports,5,3918.96,19594.8
1248,2025-09-09 13:22:48.993798760,Home,5,2877.15,14385.75
1156,2025-09-09 16:53:05.917183440,Clothing,1,1226.0,1226.0
1047,2025-09-09 20:23:22.840568112,Electronics,4,285.68,1142.72
1423,2025-09-09 23:53:39.763952792,Electronics,5,3129.62,15648.1
1454,2025-09-10 03:23:56.687337472,Sports,4,742.08,2968.32
1201,2025-09-10 06:54:13.610722144,Home,5,1781.56,8907.8
1148,2025-09-10 10:24:30.534106824,Clothing,4,3411.35,13645.4
1124,2025-09-10 13:54:47.457491496,Clothing,5,580.31,2901.55
1001,2025-09-10 17:25:04.380876176,Electronics,4,723.53,2894.12
1456,2025-09-10 20:55:21.304260856,Sports,2,402.16,804.32
1247,2025-09-11 00:25:38.227645528,Electronics,4,4980.79,19923.16
1343,2025-09-11 03:55:55.151030208,Electronics,2,1996.68,3993.36
1128,2025-09-11 07:26:12.074414880,Sports,2,4538.4,9076.8
1191,2025-09-11 10:56:28.997799560,Home,1,1538.57,1538.57
1067,2025-09-11 14:26:45.921184240,Clothing,2,3790.69,7581.38
1004,2025-09-11 17:57:02.844568912,Home,3,1173.43,3520.29
1442,2025-09-11 21:27:19.767953592,Beauty,2,2541.79,5083.58
1409,2025-09-12 00:57:36.691338272,Beauty,4,4140.62,16562.48
1303,2025-09-12 04:27:53.614722944,Beauty,2,4100.04,8200.08
1294,2025-09-12 07:58:10.538107624,Sports,4,3991.98,15967.92
1143,2025-09-12 11:28:27.461492296,Electronics,4,4136.3,16545.2
1191,2025-09-12 14:58:44.384876976,Home,3,1136.21,3408.63
1021,2025-09-12 18:29:01.308261656,Clothing,2,2462.86,4925.72
1227,2025-09-12 21:59:18.231646328,Beauty,2,2475.87,4951.74
1313,2025-09-13 01:29:35.155031008,Home,5,4463.46,22317.3
1117,2025-09-13 04:59:52.078415680,Beauty,5,1554.77,7773.85
1437,2025-09-13 08:30:09.001800360,Beauty,1,4664.33,4664.33
1302,2025-09-13 12:00:25.925185040,Clothing,4,2308.9,9235.6
1500,2025-09-13 15:30:42.848569712,Sports,3,3381.96,10145.88
1142,2025-09-13 19:00:59.771954392,Electronics,5,1417.53,7087.65
1484,2025-09-13 22:31:16.695339072,Sports,2,2110.46,4220.92
1460,2025-09-14 02:01:33.618723744,Home,1,3578.02,3578.02
1401,2025-09-14 05:31:50.542108424,Sports,3,2612.46,7837.38
1039,2025-09-14 09:02:07.465493096,Home,2,4660.47,9320.94
1393,2025-09-14 12:32:24.388877776,Home,2,3711.91,7423.82
1355,2025-09-14 16:02:41.312262456,Electronics,4,2865.57,11462.28
1252,2025-09-14 19:32:58.235647128,Clothing,4,4444.68,17778.72
1333,2025-09-14 23:03:15.159031808,Electronics,5,3361.23,16806.15
1207,2025-09-15 02:33:32.082416480,Sports,5,3271.87,16359.35
1210,2025-09-15 06:03:49.005801160,Home,2,1307.22,2614.44
1115,2025-09-15 09:34:05.929185840,Beauty,2,2034.8,4069.6
1225,2025-09-15 13:04:22.852570512,Beauty,5,3448.19,17240.95
1134,2025-09-15 16:34:39.775955192,Home,5,4469.78,22348.9
1251,2025-09-15 20:04:56.699339872,Electronics,2,1646.18,3292.36
1219,2025-09-15 23:35:13.622724544,Clothing,3,1155.88,3467.64
1407,2025-09-16 03:05:30.546109224,Electronics,2,3009.11,6018.22
1443,2025-09-16 06:35:47.469493896,Home,3,429.27,1287.81
1091,2025-09-16 10:06:04.392878576,Home,3,3601.25,10803.75
1354,2025-09-16 13:36:21.316263256,Clothing,2,3545.38,7090.76
1376,2025-09-16 17:06:38.239647928,Sports,1,1839.33,1839.33
1046,2025-09-16 20:36:55.163032608,Sports,5,4474.12,22370.6
1038,2025-09-17 00:07:12.086417288,Clothing,4,2560.69,10242.76
1142,2025-09-17 03:37:29.009801960,Sports,2,3264.25,6528.5
1100,2025-09-17 07:07:45.933186640,Beauty,3,1126.93,3380.79
1328,2025-09-17 10:38:02.856571312,Sports,2,2144.97,4289.94
1190,2025-09-17 14:08:19.779955992,Sports,5,4325.85,21629.25
1035,2025-09-17 17:38:36.703340672,Sports,3,1143.4,3430.2
1147,2025-09-17 21:08:53.626725344,Beauty,4,2013.81,8055.24
1030,2025-09-18 00:39:10.550110024,Sports,4,1658.58,6634.32
1334,2025-09-18 04:09:27.473494696,Beauty,4,840.44,3361.76
1084,2025-09-18 07:39:44.396879376,Clothing,1,1519.62,1519.62
1369,2025-09-18 11:10:01.320264056,Electronics,3,1240.58,3721.74
1281,2025-09-18 14:40:18.243648728,Clothing,3,4625.61,13876.83
1424,2025-09-18 18:10:35.167033408,Electronics,1,3731.29,3731.29
1344,2025-09-18 21:40:52.090418088,Clothing,3,1648.9,4946.7
1270,2025-09-19 01:11:09.013802760,Electronics,1,3840.36,3840.36
1154,2025-09-19 04:41:25.937187440,Electronics,2,208.49,416.98
1102,2025-09-19 08:11:42.860572112,Home,5,2679.97,13399.85
1215,2025-09-19 11:41:59.783956792,Electronics,4,1326.64,5306.56
1150,2025-09-19 15:12:16.707341472,Electronics,1,660.18,660.18
1432,2025-09-19 18:42:33.630726144,Home,1,4430.42,4430.42
1083,2025-09-19 22:12:50.554110824,Sports,1,1076.77,1076.77
1110,2025-09-20 01:43:07.477495496,Sports,2,4129.72,8259.44
1435,2025-09-20 05:13:24.400880176,Home,1,2124.79,2124.79
1387,2025-09-20 08:43:41.324264856,Beauty,5,170.02,850.1
1426,2025-09-20 12:13:58.247649528,Electronics,5,3689.41,18447.05
1275,2025-09-20 15:44:15.171034208,Electronics,4,3022.16,12088.64
1201,2025-09-20 19:14:32.094418888,Home,2,1786.44,3572.88
1284,2025-09-20 22:44:49.017803560,Home,5,1479.58,7397.9
1468,2025-09-21 02:15:05.941188240,Beauty,3,461.09,1383.27
1173,2025-09-21 05:45:22.864572912,Sports,3,4712.99,14138.97
1327,2025-09-21 09:15:39.787957592,Clothing,3,2520.53,7561.59
1206,2025-09-21 12:45:56.711342272,Sports,1,519.07,519.07
1063,2025-09-21 16:16:13.634726944,Electronics,1,4356.53,4356.53
1073,2025-09-21 19:46:30.558111624,Home,3,1466.28,4398.84
1251,2025-09-21 23:16:47.481496296,Beauty,4,1097.65,4390.6
1124,2025-09-22 02:47:04.404880976,Sports,4,1476.59,5906.36
1375,2025-09-22 06:17:21.328265656,Beauty,1,2866.4,2866.4
1121,2025-09-22 09:47:38.251650328,Sports,3,462.88,1388.64
1275,2025-09-22 13:17:55.175035008,Electronics,4,2460.61,9842.44
1431,2025-09-22 16:48:12.098419688,Clothing,1,4489.14,4489.14
1500,2025-09-22 20:18:29.021804360,Beauty,3,1022.04,3066.12
1398,2025-09-22 23:48:45.945189040,Beauty,2,1722.82,3445.64
1120,2025-09-23 03:19:02.868573712,Clothing,3,2041.0,6123.0
1422,2025-09-23 06:49:19.791958392,Beauty,3,2972.48,8917.44
1437,2025-09-23 10:19:36.715343072,Beauty,5,4604.35,23021.75
1317,2025-09-23 13:49:53.638727744,Sports,5,2033.24,10166.2
1164,2025-09-23 17:20:10.562112424,Sports,2,438.85,877.7
1424,2025-09-23 20:50:27.485497104,Clothing,2,1804.96,3609.92
1465,2025-09-24 00:20:44.408881776,Electronics,3,1031.42,3094.26
1286,2025-09-24 03:51:01.332266456,Beauty,4,3293.69,13174.76
1265,2025-09-24 07:21:18.255651128,Electronics,2,243.38,486.76
1320,2025-09-24 10:51:35.179035808,Clothing,3,1530.46,4591.38
1161,2025-09-24 14:21:52.102420488,Clothing,1,2771.35,2771.35
1376,2025-09-24 17:52:09.025805160,Sports,5,1458.94,7294.7
1308,2025-09-24 21:22:25.949189840,Beauty,4,2799.88,11199.52
1089,2025-09-25 00:52:42.872574512,Home,3,662.09,1986.27
1142,2025-09-25 04:22:59.795959192,Clothing,1,4719.75,4719.75
1203,2025-09-25 07:53:16.719343872,Beauty,5,1525.44,7627.2
1309,2025-09-25 11:23:33.642728544,Electronics,1,4622.7,4622.7
1227,2025-09-25 14:53:50.566113224,Sports,3,1696.59,5089.77
1489,2025-09-25 18:24:07.489497904,Electronics,2,3931.02,7862.04
1443,2025-09-25 21:54:24.412882576,Clothing,5,1306.32,6531.6
1334,2025-09-26 01:24:41.336267256,Clothing,1,3381.87,3381.87
1222,2025-09-26 04:54:58.259651928,Electronics,2,1686.21,3372.42
1041,2025-09-26 08:25:15.183036608,Clothing,4,2594.88,10379.52
1196,2025-09-26 11:55:32.106421288,Beauty,3,3401.69,10205.07
1068,2025-09-26 15:25:49.029805960,Clothing,3,2985.52,8956.56
1476,2025-09-26 18:56:05.953190640,Sports,5,2923.77,14618.85
1264,2025-09-26 22:26:22.876575312,Beauty,1,421.84,421.84
1002,2025-09-27 01:56:39.799959992,Home,4,1320.48,5281.92
1361,2025-09-27 05:26:56.723344672,Clothing,5,2902.01,14510.05
1125,2025-09-27 08:57:13.646729344,Clothing,5,189.75,948.75
1110,2025-09-27 12:27:30.570114024,Sports,1,1328.16,1328.16
1086,2025-09-27 15:57:47.493498704,Sports,4,1223.01,4892.04
1425,2025-09-27 19:28:04.416883376,Electronics,1,1324.29,1324.29
1120,2025-09-27 22:58:21.340268056,Electronics,3,2724.49,8173.47
1127,2025-09-28 02:28:38.263652728,Electronics,2,2951.61,5903.22
1255,2025-09-28 05:58:55.187037408,Sports,3,4554.09,13662.27
1183,2025-09-28 09:29:12.110422088,Electronics,3,1991.55,5974.65
1016,2025-09-28 12:59:29.033806760,Electronics,5,4640.24,23201.2
1477,2025-09-28 16:29:45.957191440,Home,3,3294.58,9883.74
1062,2025-09-28 20:00:02.880576112,Electronics,4,4572.04,18288.16
1369,2025-09-28 23:30:19.803960792,Clothing,3,4184.01,12552.03
1432,2025-09-29 03:00:36.727345472,Sports,4,3469.15,13876.6
1158,2025-09-29 06:30:53.650730144,Beauty,1,1844.92,1844.92
1268,2025-09-29 10:01:10.574114824,Home,5,1281.44,6407.2
1035,2025-09-29 13:31:27.497499504,Sports,4,1189.72,4758.88
1267,2025-09-29 17:01:44.420884176,Sports,3,4765.65,14296.95
1064,2025-09-29 20:32:01.344268856,Clothing,5,4797.01,23985.05
1494,2025-09-30 00:02:18.267653528,Electronics,5,3651.67,18258.35
1050,2025-09-30 03:32:35.191038208,Clothing,4,4430.6,17722.4
1469,2025-09-30 07:02:52.114422888,Electronics,4,4603.08,18412.32
1255,2025-09-30 10:33:09.037807560,Electronics,2,2606.63,5213.26
1149,2025-09-30 14:03:25.961192240,Sports,2,3182.39,6364.78
1325,2025-09-30 17:33:42.884576920,Electronics,5,2151.9,10759.5
1304,2025-09-30 21:03:59.807961592,Home,2,2150.6,4301.2
1276,2025-10-01 00:34:16.731346272,Home,3,288.3,864.9
1357,2025-10-01 04:04:33.654730944,Home,1,2225.73,2225.73
1451,2025-10-01 07:34:50.578115624,Sports,5,3400.1,17000.5
1172,2025-10-01 11:05:07.501500304,Clothing,1,2167.71,2167.71
1417,2025-10-01 14:35:24.424884976,Beauty,2,4374.81,8749.62
1201,2025-10-01 18:05:41.348269656,Electronics,4,1729.56,6918.24
1445,2025-10-01 21:35:58.271654328,Beauty,5,750.14,3750.7
1393,2025-10-02 01:06:15.195039008,Clothing,2,4076.64,8153.28
1324,2025-10-02 04:36:32.118423688,Clothing,3,3402.34,10207.02
1035,2025-10-02 08:06:49.041808360,Sports,5,1284.92,6424.6
1465,2025-10-02 11:37:05.965193040,Home,5,2728.61,13643.05
1482,2025-10-02 15:07:22.888577720,Home,4,2069.08,8276.32
1216,2025-10-02 18:37:39.811962392,Clothing,5,4700.41,23502.05
1480,2025-10-02 22:07:56.735347072,Sports,4,3075.93,12303.72
1065,2025-10-03 01:38:13.658731744,Sports,2,876.11,1752.22
1008,2025-10-03 05:08:30.582116424,Electronics,3,2560.53,7681.59
1301,2025-10-03 08:38:47.505501104,Home,3,4326.53,12979.59
1343,2025-10-03 12:09:04.428885776,Clothing,5,3390.33,16951.65
1431,2025-10-03 15:39:21.352270456,Beauty,5,4228.02,21140.1
1424,2025-10-03 19:09:38.275655128,Home,2,1326.96,2653.92
1332,2025-10-03 22:39:55.199039808,Electronics,4,4452.92,17811.68
1438,2025-10-04 02:10:12.122424488,Sports,3,3802.5,11407.5
1076,2025-10-04 05:40:29.045809160,Clothing,4,3671.68,14686.72
1174,2025-10-04 09:10:45.969193840,Home,2,1798.05,3596.1
1047,2025-10-04 12:41:02.892578520,Beauty,3,4449.52,13348.56
1015,2025-10-04 16:11:19.815963192,Electronics,3,3226.1,9678.3
1361,2025-10-04 19:41:36.739347872,Electronics,1,4274.01,4274.01
1147,2025-10-04 23:11:53.662732544,Home,2,1868.76,3737.52
1026,2025-10-05 02:42:10.586117224,Beauty,2,813.7,1627.4
1308,2025-10-05 06:12:27.509501904,Electronics,1,1728.45,1728.45
1093,2025-10-05 09:42:44.432886576,Clothing,4,2330.8,9323.2
1406,2025-10-05 13:13:01.356271256,Electronics,1,2713.7,2713.7
1232,2025-10-05 16:43:18.279655928,Beauty,2,2602.97,5205.94
1021,2025-10-05 20:13:35.203040608,Sports,4,2775.67,11102.68
1307,2025-10-05 23:43:52.126425288,Sports,3,4224.36,12673.08
1038,2025-10-06 03:14:09.049809960,Home,1,933.5,933.5
1276,2025-10-06 06:44:25.973194640,Beauty,4,1648.65,6594.6
1157,2025-10-06 10:14:42.896579320,Electronics,4,4454.18,17816.72
1179,2025-10-06 13:44:59.819963992,Electronics,4,2846.25,11385.0
1132,2025-10-06 17:15:16.743348672,Sports,1,2958.61,2958.61
1311,2025-10-06 20:45:33.666733344,Sports,3,2442.51,7327.53
1455,2025-10-07 00:15:50.590118024,Clothing,4,2789.98,11159.92
1348,2025-10-07 03:46:07.513502704,Sports,1,1070.59,1070.59
1028,2025-10-07 07:16:24.436887376,Clothing,2,2779.65,5559.3
1260,2025-10-07 10:46:41.360272056,Electronics,1,4986.15,4986.15
1406,2025-10-07 14:16:58.283656736,Clothing,1,2873.63,2873.63
1076,2025-10-07 17:47:15.207041408,Clothing,1,317.57,317.57
1429,2025-10-07 21:17:32.130426088,Home,4,4002.53,16010.12
1067,2025-10-08 00:47:49.053810760,Sports,1,2042.73,2042.73
1342,2025-10-08 04:18:05.977195440,Clothing,2,853.01,1706.02
1492,2025-10-08 07:48:22.900580120,Electronics,4,4326.35,17305.4
1194,2025-10-08 11:18:39.823964792,Beauty,2,1070.07,2140.14
1472,2025-10-08 14:48:56.747349472,Clothing,5,4611.76,23058.8
1162,2025-10-08 18:19:13.670734144,Sports,1,2264.8,2264.8
1347,2025-10-08 21:49:30.594118824,Home,4,3739.68,14958.72
1439,2025-10-09 01:19:47.517503504,Electronics,4,2780.28,11121.12
1361,2025-10-09 04:50:04.440888176,Home,1,1357.47,1357.47
1257,2025-10-09 08:20:21.364272856,Beauty,3,3388.34,10165.02
1072,2025-10-09 11:50:38.287657536,Clothing,3,4793.77,14381.31
1087,2025-10-09 15:20:55.211042208,Clothing,2,3871.22,7742.44
1422,2025-10-09 18:51:12.134426888,Sports,1,3059.69,3059.69
1262,2025-10-09 22:21:29.057811560,Clothing,1,4954.08,4954.08
1214,2025-10-10 01:51:45.981196240,Electronics,5,1400.1,7000.5
1153,2025-10-10 05:22:02.904580920,Beauty,3,405.47,1216.41
1210,2025-10-10 08:52:19.827965592,Home,3,257.44,772.32
1401,2025-10-10 12:22:36.751350272,Beauty,1,3582.37,3582.37
1061,2025-10-10 15:52:53.674734944,Clothing,2,4168.14,8336.28
1268,2025-10-10 19:23:10.598119624,Home,1,3211.99,3211.99
1262,2025-10-10 22:53:27.521504304,Sports,2,4534.63,9069.26
1218,2025-10-11 02:23:44.444888976,Beauty,3,3520.08,10560.24
1283,2025-10-11 05:54:01.368273656,Home,5,1917.68,9588.4
1136,2025-10-11 09:24:18.291658336,Home,4,988.17,3952.68
1467,2025-10-11 12:54:35.215043008,Home,3,4630.77,13892.31
1380,2025-10-11 16:24:52.138427688,Electronics,2,607.63,1215.26
1362,2025-10-11 19:55:09.061812360,Beauty,1,2760.64,2760.64
1449,2025-10-11 23:25:25.985197040,Home,3,1638.64,4915.92
1441,2025-10-12 02:55:42.908581720,Beauty,5,1429.93,7149.65
1093,2025-10-12 06:25:59.831966392,Home,2,3264.59,6529.18
1109,2025-10-12 09:56:16.755351072,Sports,1,1233.06,1233.06
1241,2025-10-12 13:26:33.678735744,Sports,4,4590.19,18360.76
1355,2025-10-12 16:56:50.602120424,Sports,2,2089.62,4179.24
1424,2025-10-12 20:27:07.525505104,Clothing,1,3419.14,3419.14
1142,2025-10-12 23:57:24.448889776,Home,4,3666.0,14664.0
1291,2025-10-13 03:27:41.372274456,Clothing,1,3446.41,3446.41
1432,2025-10-13 06:57:58.295659136,Beauty,4,4526.66,18106.64
1237,2025-10-13 10:28:15.219043808,Clothing,4,1232.54,4930.16
1340,2025-10-13 13:58:32.142428488,Beauty,4,521.67,2086.68
1312,2025-10-13 17:28:49.065813160,Beauty,1,371.78,371.78
1177,2025-10-13 20:59:05.989197840,Beauty,4,4401.44,17605.76
1141,2025-10-14 00:29:22.912582520,Clothing,2,4869.11,9738.22
1189,2025-10-14 03:59:39.835967192,Home,5,1582.38,7911.9
1486,2025-10-14 07:29:56.759351872,Clothing,5,3498.22,17491.1
1049,2025-10-14 11:00:13.682736552,Home,4,143.67,574.68
1302,2025-10-14 14:30:30.606121224,Home,5,1024.29,5121.45
1369,2025-10-14 18:00:47.529505904,Beauty,5,3477.44,17387.2
1190,2025-10-14 21:31:04.452890576,Clothing,4,422.85,1691.4
1136,2025-10-15 01:01:21.376275256,Home,4,2395.7,9582.8
1043,2025-10-15 04:31:38.299659936,Sports,2,3346.66,6693.32
1404,2025-10-15 08:01:55.223044608,Home,3,3853.2,11559.6
1380,2025-10-15 11:32:12.146429288,Sports,1,2323.7,2323.7
1353,2025-10-15 15:02:29.069813960,Clothing,4,3188.39,12753.56
1090,2025-10-15 18:32:45.993198640,Clothing,4,2743.92,10975.68
1295,2025-10-15 22:03:02.916583320,Clothing,5,356.3,1781.5
1341,2025-10-16 01:33:19.839967992,Home,2,3739.74,7479.48
1245,2025-10-16 05:03:36.763352672,Electronics,5,944.57,4722.85
1433,2025-10-16 08:33:53.686737352,Home,4,255.85,1023.4
1192,2025-10-16 12:04:10.610122024,Home,4,2310.72,9242.88
1318,2025-10-16 15:34:27.533506704,Beauty,5,4341.62,21708.1
1106,2025-10-16 19:04:44.456891376,Beauty,4,839.06,3356.24
1363,2025-10-16 22:35:01.380276056,Home,3,163.0,489.0
1310,2025-10-17 02:05:18.303660736,Sports,1,638.9,638.9
1382,2025-10-17 05:35:35.227045408,Beauty,1,1881.93,1881.93
1233,2025-10-17 09:05:52.150430088,Home,1,2942.84,2942.84
1265,2025-10-17 12:36:09.073814760,Electronics,3,1045.76,3137.28
1344,2025-10-17 16:06:25.997199440,Sports,4,4029.62,16118.48
1037,2025-10-17 19:36:42.920584120,Clothing,5,3791.16,18955.8
1305,2025-10-17 23:06:59.843968792,Home,2,3509.73,7019.46
1041,2025-10-18 02:37:16.767353472,Home,4,2488.6,9954.4
1017,2025-10-18 06:07:33.690738152,Sports,3,1889.56,5668.68
1344,2025-10-18 09:37:50.614122824,Beauty,3,1940.37,5821.11
1277,2025-10-18 13:08:07.537507504,Beauty,1,2565.05,2565.05
1307,2025-10-18 16:38:24.460892176,Beauty,4,478.84,1915.36
1059,2025-10-18 20:08:41.384276856,Clothing,1,3443.3,3443.3
1423,2025-10-18 23:38:58.307661536,Sports,2,1822.39,3644.78
1183,2025-10-19 03:09:15.231046208,Sports,1,1201.32,1201.32
1041,2025-10-19 06:39:32.154430888,Beauty,2,1463.8,2927.6
1039,2025-10-19 10:09:49.077815560,Beauty,3,983.44,2950.32
1397,2025-10-19 13:40:06.001200240,Electronics,1,4517.68,4517.68
1192,2025-10-19 17:10:22.924584920,Electronics,1,928.28,928.28
1267,2025-10-19 20:40:39.847969592,Home,5,4426.34,22131.7
1494,2025-10-20 00:10:56.771354272,Home,3,2903.99,8711.97
1147,2025-10-20 03:41:13.694738952,Sports,5,4350.51,21752.55
1395,2025-10-20 07:11:30.618123624,Sports,2,2422.91,4845.82
1333,2025-10-20 10:41:47.541508304,Clothing,2,4645.41,9290.82
1127,2025-10-20 14:12:04.464892976,Clothing,3,1136.3,3408.9
1046,2025-10-20 17:42:21.388277656,Electronics,2,2817.99,5635.98
1045,2025-10-20 21:12:38.311662336,Home,3,716.61,2149.83
1001,2025-10-21 00:42:55.235047008,Electronics,2,2291.38,4582.76
1168,2025-10-21 04:13:12.158431688,Electronics,4,2892.53,11570.12
1108,2025-10-21 07:43:29.081816360,Home,1,3067.81,3067.81
1019,2025-10-21 11:13:46.005201040,Clothing,4,1891.09,7564.36
1332,2025-10-21 14:44:02.928585720,Home,3,474.04,1422.12
1072,2025-10-21 18:14:19.851970392,Beauty,3,3311.1,9933.3
1456,2025-10-21 21:44:36.775355072,Beauty,4,2493.32,9973.28
1445,2025-10-22 01:14:53.698739752,Beauty,1,770.71,770.71
1109,2025-10-22 04:45:10.622124424,Sports,1,4685.79,4685.79
1268,2025-10-22 08:15:27.545509104,Clothing,5,4782.78,23913.9
1445,2025-10-22 11:45:44.468893776,Clothing,2,4297.37,8594.74
1240,2025-10-22 15:16:01.392278456,Sports,5,4234.95,21174.75
1417,2025-10-22 18:46:18.315663136,Electronics,1,583.49,583.49
1301,2025-10-22 22:16:35.239047808,Beauty,4,4967.76,19871.04
1090,2025-10-23 01:46:52.162432488,Beauty,2,2061.87,4123.74
1103,2025-10-23 05:17:09.085817168,Electronics,4,899.29,3597.16
1476,2025-10-23 08:47:26.009201840,Home,5,4079.3,20396.5
1250,2025-10-23 12:17:42.932586520,Home,3,1206.08,3618.24
1453,2025-10-23 15:47:59.855971192,Clothing,4,2678.26,10713.04
1008,2025-10-23 19:18:16.779355872,Sports,5,727.28,3636.4
1153,2025-10-23 22:48:33.702740552,Clothing,5,2425.76,12128.8
1347,2025-10-24 02:18:50.626125224,Home,5,2834.89,14174.45
1174,2025-10-24 05:49:07.549509904,Electronics,3,2285.03,6855.09
1343,2025-10-24 09:19:24.472894576,Clothing,3,440.49,1321.47
1158,2025-10-24 12:49:41.396279256,Beauty,3,2476.2,7428.6
1493,2025-10-24 16:19:58.319663936,Beauty,2,2397.82,4795.64
1431,2025-10-24 19:50:15.243048608,Electronics,3,1381.94,4145.82
1215,2025-10-24 23:20:32.166433288,Home,3,4615.85,13847.55
1177,2025-10-25 02:50:49.089817968,Beauty,3,2147.18,6441.54
1175,2025-10-25 06:21:06.013202640,Beauty,4,4334.17,17336.68
1340,2025-10-25 09:51:22.936587320,Sports,3,637.35,1912.05
1338,2025-10-25 13:21:39.859971992,Clothing,2,1662.5,3325.0
1146,2025-10-25 16:51:56.783356672,Home,5,964.02,4820.1
1450,2025-10-25 20:22:13.706741352,Clothing,4,2101.21,8404.84
1324,2025-10-25 23:52:30.630126024,Home,1,647.02,647.02
1478,2025-10-26 03:22:47.553510704,Beauty,3,2261.07,6783.21
1161,2025-10-26 06:53:04.476895376,Sports,5,1833.97,9169.85
1127,2025-10-26 10:23:21.400280056,Clothing,5,1194.24,5971.2
1420,2025-10-26 13:53:38.323664736,Beauty,4,3246.68,12986.72
1082,2025-10-26 17:23:55.247049408,Home,1,4759.47,4759.47
1485,2025-10-26 20:54:12.170434088,Clothing,2,1114.86,2229.72
1147,2025-10-27 00:24:29.093818768,Clothing,5,3587.78,17938.9
1239,2025-10-27 03:54:46.017203440,Beauty,5,3737.67,18688.35
1412,2025-10-27 07:25:02.940588120,Clothing,5,2540.79,12703.95
1424,2025-10-27 10:55:19.863972792,Sports,5,4498.57,22492.85
1084,2025-10-27 14:25:36.787357472,Sports,4,4835.31,19341.24
1113,2025-10-27 17:55:53.710742152,Beauty,1,1875.01,1875.01
1225,2025-10-27 21:26:10.634126824,Home,5,3290.06,16450.3
1332,2025-10-28 00:56:27.557511504,Beauty,2,3344.84,6689.68
1378,2025-10-28 04:26:44.480896176,Sports,2,2077.81,4155.62
1243,2025-10-28 07:57:01.404280856,Electronics,3,1652.28,4956.84
1143,2025-10-28 11:27:18.327665536,Electronics,5,4675.35,23376.75
1041,2025-10-28 14:57:35.251050208,Clothing,5,3970.91,19854.55
1423,2025-10-28 18:27:52.174434888,Clothing,5,660.88,3304.4
1258,2025-10-28 21:58:09.097819568,Electronics,5,687.43,3437.15
1447,2025-10-29 01:28:26.021204240,Sports,5,4620.46,23102.3
1285,2025-10-29 04:58:42.944588920,Clothing,2,498.91,997.82
1105,2025-10-29 08:28:59.867973592,Beauty,1,3473.26,3473.26
1202,2025-10-29 11:59:16.791358272,Beauty,1,1211.12,1211.12
1450,2025-10-29 15:29:33.714742952,Sports,3,272.41,817.23
1307,2025-10-29 18:59:50.638127624,Clothing,2,392.22,784.44
1331,2025-10-29 22:30:07.561512304,Beauty,5,1930.26,9651.3
1461,2025-10-30 02:00:24.484896984,Clothing,1,480.18,480.18
1266,2025-10-30 05:30:41.408281656,Clothing,4,3023.53,12094.12
1398,2025-10-30 09:00:58.331666336,Beauty,4,3271.55,13086.2
1210,2025-10-30 12:31:15.255051008,Electronics,4,1930.0,7720.0
1051,2025-10-30 16:01:32.178435688,Beauty,5,3740.1,18700.5
1118,2025-10-30 19:31:49.101820368,Sports,5,2501.21,12506.05
1201,2025-10-30 23:02:06.025205040,Home,3,2208.12,6624.36
1377,2025-10-31 02:32:22.948589720,Beauty,3,2094.24,6282.72
1039,2025-10-31 06:02:39.871974392,Clothing,3,2212.42,6637.26
1028,2025-10-31 09:32:56.795359072,Clothing,4,4842.65,19370.6
1259,2025-10-31 13:03:13.718743752,Beauty,5,3438.89,17194.45
1084,2025-10-31 16:33:30.642128424,Home,4,1644.53,6578.12
1454,2025-10-31 20:03:47.565513104,Beauty,3,3695.91,11087.73
1155,2025-10-31 23:34:04.488897784,Home,5,1718.31,8591.55
1117,2025-11-01 03:04:21.412282456,Home,2,716.0,1432.0
1002,2025-11-01 06:34:38.335667136,Sports,1,2429.27,2429.27
1093,2025-11-01 10:04:55.259051808,Clothing,1,3780.02,3780.02
1166,2025-11-01 13:35:12.182436488,Clothing,3,1950.53,5851.59
1387,2025-11-01 17:05:29.105821168,Home,4,4358.95,17435.8
1400,2025-11-01 20:35:46.029205840,Clothing,2,1996.07,3992.14
1350,2025-11-02 00:06:02.952590520,Electronics,5,1814.21,9071.05
1296,2025-11-02 03:36:19.875975192,Home,4,4991.4,19965.6
1258,2025-11-02 07:06:36.799359872,Clothing,3,2464.11,7392.33
1081,2025-11-02 10:36:53.722744552,Electronics,4,4045.58,16182.32
1425,2025-11-02 14:07:10.646129224,Sports,3,4044.44,12133.32
1268,2025-11-02 17:37:27.569513904,Clothing,1,4639.21,4639.21
1419,2025-11-02 21:07:44.492898584,Electronics,1,515.99,515.99
1235,2025-11-03 00:38:01.416283256,Beauty,4,1428.98,5715.92
1321,2025-11-03 04:08:18.339667936,Beauty,2,3861.97,7723.94
1311,2025-11-03 07:38:35.263052608,Electronics,5,2856.75,14283.75
1301,2025-11-03 11:08:52.186437288,Home,3,2842.11,8526.33
1463,2025-11-03 14:39:09.109821968,Home,5,914.45,4572.25
1474,2025-11-03 18:09:26.033206640,Clothing,1,1477.65,1477.65
1357,2025-11-03 21:39:42.956591320,Beauty,2,2654.54,5309.08
1213,2025-11-04 01:09:59.879975992,Home,2,1458.19,2916.38
1062,2025-11-04 04:40:16.803360672,Home,5,1130.39,5651.95
1049,2025-11-04 08:10:33.726745352,Beauty,1,530.0,530.0
1127,2025-11-04 11:40:50.650130024,Sports,5,863.06,4315.3
1223,2025-11-04 15:11:07.573514704,Home,4,3867.45,15469.8
1409,2025-11-04 18:41:24.496899384,Electronics,2,3622.02,7244.04
1279,2025-11-04 22:11:41.420284056,Clothing,2,324.59,649.18
1408,2025-11-05 01:41:58.343668736,Home,4,1096.09,4384.36
1294,2025-11-05 05:12:15.267053408,Home,1,2846.23,2846.23
1284,2025-11-05 08:42:32.190438088,Sports,2,1680.88,3361.76
1277,2025-11-05 12:12:49.113822768,Electronics,3,4133.92,12401.76
1438,2025-11-05 15:43:06.037207440,Clothing,3,3946.45,11839.35
1107,2025-11-05 19:13:22.960592120,Home,1,4468.74,4468.74
1146,2025-11-05 22:43:39.883976800,Clothing,4,2858.36,11433.44
1420,2025-11-06 02:13:56.807361472,Beauty,5,1825.17,9125.85
1099,2025-11-06 05:44:13.730746152,Home,1,3069.72,3069.72
1429,2025-11-06 09:14:30.654130824,Home,5,536.77,2683.85
1375,2025-11-06 12:44:47.577515504,Beauty,1,146.97,146.97
1073,2025-11-06 16:15:04.500900184,Sports,3,183.76,551.28
1437,2025-11-06 19:45:21.424284856,Home,4,2096.96,8387.84
1486,2025-11-06 23:15:38.347669536,Clothing,3,1217.58,3652.74
1122,2025-11-07 02:45:55.271054208,Electronics,4,870.95,3483.8
1030,2025-11-07 06:16:12.194438888,Clothing,5,3115.1,15575.5
1188,2025-11-07 09:46:29.117823568,Sports,1,4975.97,4975.97
1364,2025-11-07 13:16:46.041208240,Electronics,2,970.99,1941.98
1354,2025-11-07 16:47:02.964592920,Clothing,2,2777.46,5554.92
1288,2025-11-07 20:17:19.887977600,Clothing,4,686.66,2746.64
1451,2025-11-07 23:47:36.811362272,Beauty,4,4677.76,18711.04
1195,2025-11-08 03:17:53.734746952,Sports,3,1529.6,4588.8
1156,2025-11-08 06:48:10.658131624,Beauty,2,4403.87,8807.74
1172,2025-11-08 10:18:27.581516304,Electronics,3,1487.07,4461.21
1335,2025-11-08 13:48:44.504900984,Beauty,5,4049.66,20248.3
1041,2025-11-08 17:19:01.428285656,Sports,2,1125.97,2251.94
1063,2025-11-08 20:49:18.351670336,Home,5,1534.67,7673.35
1023,2025-11-09 00:19:35.275055008,Home,1,1043.13,1043.13
1360,2025-11-09 03:49:52.198439688,Electronics,3,1394.87,4184.61
1075,2025-11-09 07:20:09.121824368,Home,4,4190.84,16763.36
1048,2025-11-09 10:50:26.045209040,Beauty,2,3231.26,6462.52
1160,2025-11-09 14:20:42.968593720,Electronics,3,2088.81,6266.43
1313,2025-11-09 17:50:59.891978400,Sports,4,4860.45,19441.8
1118,2025-11-09 21:21:16.815363072,Electronics,1,2377.82,2377.82
1100,2025-11-10 00:51:33.738747752,Electronics,2,4851.82,9703.64
1380,2025-11-10 04:21:50.662132424,Clothing,5,1063.28,5316.4
1417,2025-11-10 07:52:07.585517104,Clothing,1,4532.73,4532.73
1408,2025-11-10 11:22:24.508901784,Electronics,4,167.73,670.92
1167,2025-11-10 14:52:41.432286456,Home,2,2771.99,5543.98
1290,2025-11-10 18:22:58.355671136,Clothing,2,2172.96,4345.92
1440,2025-11-10 21:53:15.279055808,Sports,1,2672.93,2672.93
1156,2025-11-11 01:23:32.202440488,Beauty,2,2811.88,5623.76
1421,2025-11-11 04:53:49.125825168,Clothing,4,2006.25,8025.0
1007,2025-11-11 08:24:06.049209840,Electronics,1,4991.17,4991.17
1196,2025-11-11 11:54:22.972594520,Home,5,4884.89,24424.45
1421,2025-11-11 15:24:39.895979200,Beauty,1,4812.55,4812.55
1056,2025-11-11 18:54:56.819363872,Clothing,1,4897.52,4897.52
1321,2025-11-11 22:25:13.742748552,Home,5,3985.76,19928.8
1193,2025-11-12 01:55:30.666133224,Home,4,4944.09,19776.36
1047,2025-11-12 05:25:47.589517904,Home,3,4472.57,13417.71
1148,2025-11-12 08:56:04.512902584,Electronics,3,2138.07,6414.21
1275,2025-11-12 12:26:21.436287256,Sports,5,3945.41,19727.05
1157,2025-11-12 15:56:38.359671936,Home,4,4569.13,18276.52
1202,2025-11-12 19:26:55.283056616,Beauty,2,3591.77,7183.54
1444,2025-11-12 22:57:12.206441288,Clothing,5,2171.63,10858.15
1402,2025-11-13 02:27:29.129825968,Beauty,3,422.37,1267.11
1476,2025-11-13 05:57:46.053210640,Electronics,4,4067.51,16270.04
1419,2025-11-13 09:28:02.976595320,Electronics,1,4768.44,4768.44
1427,2025-11-13 12:58:19.899980000,Beauty,4,1876.07,7504.28
1495,2025-11-13 16:28:36.823364672,Sports,4,844.34,3377.36
1479,2025-11-13 19:58:53.746749352,Electronics,3,1699.87,5099.61
1475,2025-11-13 23:29:10.670134024,Electronics,3,2954.85,8864.55
1126,2025-11-14 02:59:27.593518704,Beauty,2,1652.95,3305.9
1395,2025-11-14 06:29:44.516903384,Electronics,2,3092.03,6184.06
1305,2025-11-14 10:00:01.440288056,Sports,5,4837.58,24187.9
1369,2025-11-14 13:30:18.363672736,Sports,1,3386.6,3386.6
1294,2025-11-14 17:00:35.287057416,Sports,2,1877.03,3754.06
1064,2025-11-14 20:30:52.210442088,Clothing,3,4685.19,14055.57
1325,2025-11-15 00:01:09.133826768,Sports,4,2871.61,11486.44
1392,2025-11-15 03:31:26.057211440,Sports,5,729.02,3645.1
1418,2025-11-15 07:01:42.980596120,Clothing,2,2545.01,5090.02
1176,2025-11-15 10:31:59.903980800,Home,4,3302.82,13211.28
1116,2025-11-15 14:02:16.827365472,Electronics,4,4207.45,16829.8
1440,2025-11-15 17:32:33.750750152,Sports,2,4688.74,9377.48
1204,2025-11-15 21:02:50.674134824,Electronics,1,1655.34,1655.34
1486,2025-11-16 00:33:07.597519504,Beauty,1,862.01,862.01
1321,2025-11-16 04:03:24.520904184,Electronics,5,461.76,2308.8
1031,2025-11-16 07:33:41.444288856,Clothing,1,3717.94,3717.94
1388,2025-11-16 11:03:58.367673536,Electronics,5,3996.28,19981.4
1113,2025-11-16 14:34:15.291058216,Electronics,3,2105.93,6317.79
1365,2025-11-16 18:04:32.214442888,Electronics,2,2040.03,4080.06
1434,2025-11-16 21:34:49.137827568,Home,4,4775.76,19103.04
1325,2025-11-17 01:05:06.061212240,Home,5,4591.74,22958.7
1414,2025-11-17 04:35:22.984596920,Beauty,1,1243.0,1243.0
1376,2025-11-17 08:05:39.907981600,Clothing,5,3925.96,19629.8
1344,2025-11-17 11:35:56.831366272,Electronics,5,3151.23,15756.15
1443,2025-11-17 15:06:13.754750952,Electronics,1,855.69,855.69
1067,2025-11-17 18:36:30.678135624,Electronics,1,1848.18,1848.18
1075,2025-11-17 22:06:47.601520304,Electronics,2,969.62,1939.24
1045,2025-11-18 01:37:04.524904984,Home,4,1546.26,6185.04
1260,2025-11-18 05:07:21.448289656,Beauty,2,3114.98,6229.96
1154,2025-11-18 08:37:38.371674336,Sports,2,1938.8,3877.6
1155,2025-11-18 12:07:55.295059016,Clothing,1,2030.89,2030.89
1430,2025-11-18 15:38:12.218443688,Electronics,1,2744.27,2744.27
1363,2025-11-18 19:08:29.141828368,Beauty,4,527.4,2109.6
1448,2025-11-18 22:38:46.065213040,Sports,5,3720.11,18600.55
1475,2025-11-19 02:09:02.988597720,Beauty,2,2068.38,4136.76
1234,2025-11-19 05:39:19.911982400,Home,4,2453.95,9815.8
1051,2025-11-19 09:09:36.835367072,Sports,2,4874.07,9748.14
1306,2025-11-19 12:39:53.758751752,Beauty,5,1787.4,8937.0
1262,2025-11-19 16:10:10.682136432,Home,2,3276.27,6552.54
1315,2025-11-19 19:40:27.605521104,Beauty,3,2023.27,6069.81
1125,2025-11-19 23:10:44.528905784,Beauty,4,4481.99,17927.96
1399,2025-11-20 02:41:01.452290456,Sports,1,4249.11,4249.11
1245,2025-11-20 06:11:18.375675136,Home,2,1283.96,2567.92
1030,2025-11-20 09:41:35.299059816,Electronics,4,3489.55,13958.2
1426,2025-11-20 13:11:52.222444488,Clothing,4,419.34,1677.36
1485,2025-11-20 16:42:09.145829168,Sports,2,4819.61,9639.22
1122,2025-11-20 20:12:26.069213840,Home,1,1810.05,1810.05
1125,2025-11-20 23:42:42.992598520,Beauty,1,4176.03,4176.03
1037,2025-11-21 03:12:59.915983200,Home,2,1660.31,3320.62
1170,2025-11-21 06:43:16.839367872,Clothing,4,3200.58,12802.32
1124,2025-11-21 10:13:33.762752552,Clothing,1,4919.59,4919.59
1357,2025-11-21 13:43:50.686137232,Electronics,2,4396.07,8792.14
1035,2025-11-21 17:14:07.609521904,Electronics,2,885.79,1771.58
1087,2025-11-21 20:44:24.532906584,Clothing,2,2782.69,5565.38
1134,2025-11-22 00:14:41.456291256,Sports,4,1807.81,7231.24
1196,2025-11-22 03:44:58.379675936,Sports,1,2228.26,2228.26
1274,2025-11-22 07:15:15.303060616,Beauty,4,1742.4,6969.6
1201,2025-11-22 10:45:32.226445288,Electronics,3,1746.2,5238.6
1369,2025-11-22 14:15:49.149829968,Beauty,1,2758.51,2758.51
1285,2025-11-22 17:46:06.073214640,Electronics,4,1040.62,4162.48
1077,2025-11-22 21:16:22.996599320,Clothing,1,2733.24,2733.24
1059,2025-11-23 00:46:39.919984000,Sports,3,1466.93,4400.79
1431,2025-11-23 04:16:56.843368672,Sports,5,1516.02,7580.1
1126,2025-11-23 07:47:13.766753352,Clothing,2,3719.87,7439.74
1500,2025-11-23 11:17:30.690138032,Beauty,4,245.01,980.04
1401,2025-11-23 14:47:47.613522704,Beauty,3,1966.63,5899.89
1109,2025-11-23 18:18:04.536907384,Home,3,2096.92,6290.76
1224,2025-11-23 21:48:21.460292056,Electronics,1,2477.04,2477.04
1496,2025-11-24 01:18:38.383676736,Beauty,1,3378.15,3378.15
1278,2025-11-24 04:48:55.307061416,Clothing,2,1911.47,3822.94
1068,2025-11-24 08:19:12.230446088,Beauty,1,1144.37,1144.37
1069,2025-11-24 11:49:29.153830768,Sports,4,4435.88,17743.52
1165,2025-11-24 15:19:46.077215440,Electronics,4,4907.09,19628.36
1489,2025-11-24 18:50:03.000600120,Home,4,198.07,792.28
1305,2025-11-24 22:20:19.923984800,Electronics,5,2777.69,13888.45
1397,2025-11-25 01:50:36.847369472,Sports,4,1774.34,7097.36
1162,2025-11-25 05:20:53.770754152,Sports,1,1457.25,1457.25
1365,2025-11-25 08:51:10.694138832,Sports,1,1744.96,1744.96
1342,2025-11-25 12:21:27.617523504,Sports,4,3230.5,12922.0
1309,2025-11-25 15:51:44.540908184,Clothing,3,1034.51,3103.53
1379,2025-11-25 19:22:01.464292856,Home,3,4573.02,13719.06
1343,2025-11-25 22:52:18.387677536,Sports,3,2383.96,7151.88
1435,2025-11-26 02:22:35.311062216,Sports,2,1695.33,3390.66
1387,2025-11-26 05:52:52.234446888,Beauty,5,3851.1,19255.5
1042,2025-11-26 09:23:09.157831568,Home,4,180.1,720.4
1354,2025-11-26 12:53:26.081216248,Electronics,2,2216.08,4432.16
1416,2025-11-26 16:23:43.004600920,Home,3,1840.99,5522.97
1109,2025-11-26 19:53:59.927985600,Home,4,1757.23,7028.92
1051,2025-11-26 23:24:16.851370272,Home,2,1751.65,3503.3
1250,2025-11-27 02:54:33.774754952,Sports,1,253.23,253.23
1497,2025-11-27 06:24:50.698139632,Sports,3,845.37,2536.11
1341,2025-11-27 09:55:07.621524304,Clothing,2,795.24,1590.48
1430,2025-11-27 13:25:24.544908984,Electronics,1,4944.19,4944.19
1383,2025-11-27 16:55:41.468293656,Beauty,3,208.61,625.83
1492,2025-11-27 20:25:58.391678336,Home,5,918.66,4593.3
1021,2025-11-27 23:56:15.315063016,Electronics,3,4873.46,14620.38
1300,2025-11-28 03:26:32.238447688,Electronics,5,3178.46,15892.3
1139,2025-11-28 06:56:49.161832368,Clothing,5,2308.27,11541.35
1359,2025-11-28 10:27:06.085217048,Beauty,5,485.93,2429.65
1324,2025-11-28 13:57:23.008601720,Home,4,3381.34,13525.36
1499,2025-11-28 17:27:39.931986400,Beauty,4,775.23,3100.92
1385,2025-11-28 20:57:56.855371072,Clothing,5,3388.81,16944.05
1092,2025-11-29 00:28:13.778755752,Sports,1,4897.96,4897.96
1447,2025-11-29 03:58:30.702140432,Electronics,5,2706.67,13533.35
1280,2025-11-29 07:28:47.625525104,Home,2,1149.01,2298.02
1125,2025-11-29 10:59:04.548909784,Sports,5,3163.89,15819.45
1483,2025-11-29 14:29:21.472294456,Clothing,4,2613.36,10453.44
1397,2025-11-29 17:59:38.395679136,Beauty,4,2712.39,10849.56
1111,2025-11-29 21:29:55.319063816,Electronics,2,2442.72,4885.44
1354,2025-11-30 01:00:12.242448488,Home,2,3401.33,6802.66
1139,2025-11-30 04:30:29.165833168,Sports,3,2902.53,8707.59
1484,2025-11-30 08:00:46.089217848,Sports,1,4936.28,4936.28
1435,2025-11-30 11:31:03.012602520,Electronics,1,4146.73,4146.73
1273,2025-11-30 15:01:19.935987200,Beauty,1,1397.02,1397.02
1099,2025-11-30 18:31:36.859371872,Clothing,4,3656.21,14624.84
1252,2025-11-30 22:01:53.782756552,Beauty,1,1150.07,1150.07
1338,2025-12-01 01:32:10.706141232,Beauty,3,3933.5,11800.5
1104,2025-12-01 05:02:27.629525904,Beauty,3,823.03,2469.09
1214,2025-12-01 08:32:44.552910584,Electronics,1,2420.41,2420.41
1249,2025-12-01 12:03:01.476295256,Electronics,2,3973.97,7947.94
1152,2025-12-01 15:33:18.399679936,Clothing,3,1472.55,4417.65
1250,2025-12-01 19:03:35.323064616,Beauty,2,4201.88,8403.76
1275,2025-12-01 22:33:52.246449288,Electronics,4,3256.34,13025.36
1165,2025-12-02 02:04:09.169833968,Clothing,3,2047.86,6143.58
1487,2025-12-02 05:34:26.093218648,Clothing,2,2174.74,4349.48
1341,2025-12-02 09:04:43.016603320,Beauty,1,4637.36,4637.36
1008,2025-12-02 12:34:59.939988000,Home,4,1167.18,4668.72
1284,2025-12-02 16:05:16.863372672,Beauty,5,3497.48,17487.4
1005,2025-12-02 19:35:33.786757352,Home,5,3565.74,17828.7
1145,2025-12-02 23:05:50.710142032,Clothing,1,4620.0,4620.0
1101,2025-12-03 02:36:07.633526704,Electronics,4,3594.5,14378.0
1164,2025-12-03 06:06:24.556911384,Sports,4,2963.89,11855.56
1374,2025-12-03 09:36:41.480296056,Clothing,4,4522.36,18089.44
1147,2025-12-03 13:06:58.403680736,Electronics,4,4162.75,16651.0
1064,2025-12-03 16:37:15.327065416,Clothing,5,3612.2,18061.0
1091,2025-12-03 20:07:32.250450088,Beauty,2,259.63,519.26
1117,2025-12-03 23:37:49.173834768,Home,4,1930.25,7721.0
1354,2025-12-04 03:08:06.097219448,Clothing,2,3196.26,6392.52
1267,2025-12-04 06:38:23.020604120,Electronics,4,2659.03,10636.12
1310,2025-12-04 10:08:39.943988800,Beauty,3,1664.66,4993.98
1173,2025-12-04 13:38:56.867373472,Sports,3,807.68,2423.04
1047,2025-12-04 17:09:13.790758152,Beauty,3,2809.68,8429.04
1140,2025-12-04 20:39:30.714142832,Home,4,1501.0,6004.0
1246,2025-12-05 00:09:47.637527504,Beauty,2,1241.7,2483.4
1149,2025-12-05 03:40:04.560912184,Sports,5,2054.9,10274.5
1246,2025-12-05 07:10:21.484296864,Electronics,1,3948.91,3948.91
1395,2025-12-05 10:40:38.407681536,Clothing,5,2490.48,12452.4
1487,2025-12-05 14:10:55.331066216,Home,4,1160.81,4643.24
1476,2025-12-05 17:41:12.254450888,Sports,3,672.83,2018.49
1005,2025-12-05 21:11:29.177835568,Home,3,2545.04,7635.12
1465,2025-12-06 00:41:46.101220248,Beauty,2,3992.4,7984.8
1184,2025-12-06 04:12:03.024604920,Home,4,3298.81,13195.24
1020,2025-12-06 07:42:19.947989600,Sports,5,1237.53,6187.65
1425,2025-12-06 11:12:36.871374272,Clothing,4,2239.86,8959.44
1046,2025-12-06 14:42:53.794758952,Clothing,4,4290.63,17162.52
1012,2025-12-06 18:13:10.718143632,Home,3,970.51,2911.53
1070,2025-12-06 21:43:27.641528304,Electronics,5,2707.19,13535.95
1017,2025-12-07 01:13:44.564912984,Home,1,1845.53,1845.53
1371,2025-12-07 04:44:01.488297664,Beauty,3,708.48,2125.44
1147,2025-12-07 08:14:18.411682336,Clothing,5,344.53,1722.65
1154,2025-12-07 11:44:35.335067016,Clothing,2,2823.77,5647.54
1304,2025-12-07 15:14:52.258451688,Clothing,3,201.67,605.01
1108,2025-12-07 18:45:09.181836368,Electronics,2,606.89,1213.78
1236,2025-12-07 22:15:26.105221048,Electronics,3,1803.06,5409.18
1308,2025-12-08 01:45:43.028605720,Sports,4,313.25,1253.0
1352,2025-12-08 05:15:59.951990400,Home,5,2062.18,10310.9
1070,2025-12-08 08:46:16.875375072,Home,2,738.79,1477.58
1183,2025-12-08 12:16:33.798759752,Beauty,3,1814.38,5443.14
1250,2025-12-08 15:46:50.722144432,Clothing,2,3976.68,7953.36
1228,2025-12-08 19:17:07.645529104,Electronics,3,3169.19,9507.57
1102,2025-12-08 22:47:24.568913784,Beauty,3,2282.47,6847.41
1075,2025-12-09 02:17:41.492298464,Beauty,1,549.98,549.98
1417,2025-12-09 05:47:58.415683136,Electronics,1,3133.83,3133.83
1446,2025-12-09 09:18:15.339067816,Home,1,902.18,902.18
1216,2025-12-09 12:48:32.262452488,Clothing,2,475.27,950.54
1407,2025-12-09 16:18:49.185837168,Home,4,3353.58,13414.32
1399,2025-12-09 19:49:06.109221848,Beauty,3,4569.09,13707.27
1411,2025-12-09 23:19:23.032606520,Clothing,5,2356.91,11784.55
1203,2025-12-10 02:49:39.955991200,Sports,1,300.88,300.88
1192,2025-12-10 06:19:56.879375872,Beauty,2,4413.46,8826.92
1249,2025-12-10 09:50:13.802760552,Home,2,428.17,856.34
1499,2025-12-10 13:20:30.726145232,Home,2,4350.81,8701.62
1242,2025-12-10 16:50:47.649529904,Home,5,2019.91,10099.55
1465,2025-12-10 20:21:04.572914584,Electronics,5,1890.43,9452.15
1179,2025-12-10 23:51:21.496299264,Beauty,1,2759.71,2759.71
1437,2025-12-11 03:21:38.419683936,Clothing,5,4789.72,23948.6
1462,2025-12-11 06:51:55.343068616,Home,1,4503.83,4503.83
1219,2025-12-11 10:22:12.266453288,Home,5,2404.62,12023.1
1082,2025-12-11 13:52:29.189837968,Electronics,5,3509.53,17547.65
1092,2025-12-11 17:22:46.113222648,Clothing,5,2944.1,14720.5
1435,2025-12-11 20:53:03.036607320,Beauty,1,3497.96,3497.96
1175,2025-12-12 00:23:19.959992000,Sports,3,4163.7,12491.1
1239,2025-12-12 03:53:36.883376680,Electronics,1,269.02,269.02
1260,2025-12-12 07:23:53.806761352,Beauty,3,1696.22,5088.66
1391,2025-12-12 10:54:10.730146032,Sports,2,4800.71,9601.42
1365,2025-12-12 14:24:27.653530704,Home,2,4751.75,9503.5
1163,2025-12-12 17:54:44.576915384,Home,1,154.98,154.98
1048,2025-12-12 21:25:01.500300064,Clothing,3,1087.06,3261.18
1329,2025-12-13 00:55:18.423684736,Sports,3,4969.47,14908.41
1328,2025-12-13 04:25:35.347069416,Home,3,2514.84,7544.52
1116,2025-12-13 07:55:52.270454088,Home,2,2907.04,5814.08
1429,2025-12-13 11:26:09.193838768,Clothing,1,915.46,915.46
1337,2025-12-13 14:56:26.117223448,Beauty,4,4482.24,17928.96
1337,2025-12-13 18:26:43.040608120,Home,3,1233.2,3699.6
1369,2025-12-13 21:56:59.963992800,Electronics,3,1029.27,3087.81
1225,2025-12-14 01:27:16.887377480,Electronics,4,1217.8,4871.2
1352,2025-12-14 04:57:33.810762152,Beauty,1,4606.15,4606.15
1328,2025-12-14 08:27:50.734146832,Sports,3,3543.95,10631.85
1147,2025-12-14 11:58:07.657531504,Clothing,1,3866.12,3866.12
1063,2025-12-14 15:28:24.580916184,Electronics,3,1947.48,5842.44
1294,2025-12-14 18:58:41.504300864,Electronics,5,4554.97,22774.85
1323,2025-12-14 22:28:58.427685536,Beauty,3,3968.1,11904.3
1443,2025-12-15 01:59:15.351070216,Sports,5,3777.93,18889.65
1325,2025-12-15 05:29:32.274454888,Sports,1,4857.61,4857.61
1013,2025-12-15 08:59:49.197839568,Beauty,3,1894.36,5683.08
1431,2025-12-15 12:30:06.121224248,Electronics,2,3093.77,6187.54
1494,2025-12-15 16:00:23.044608920,Clothing,2,4558.66,9117.32
1189,2025-12-15 19:30:39.967993600,Electronics,4,3975.36,15901.44
1287,2025-12-15 23:00:56.891378280,Sports,2,2860.56,5721.12
1208,2025-12-16 02:31:13.814762952,Electronics,5,473.45,2367.25
1114,2025-12-16 06:01:30.738147632,Clothing,2,3298.34,6596.68
1480,2025-12-16 09:31:47.661532304,Home,2,2680.12,5360.24
1022,2025-12-16 13:02:04.584916984,Electronics,2,1002.48,2004.96
1349,2025-12-16 16:32:21.508301664,Beauty,3,4423.04,13269.12
1214,2025-12-16 20:02:38.431686336,Home,4,1781.92,7127.68
1171,2025-12-16 23:32:55.355071016,Beauty,1,1998.65,1998.65
1323,2025-12-17 03:03:12.278455688,Beauty,4,3394.77,13579.08
1054,2025-12-17 06:33:29.201840368,Beauty,5,2495.11,12475.55
1394,2025-12-17 10:03:46.125225048,Electronics,3,537.48,1612.44
1298,2025-12-17 13:34:03.048609720,Sports,3,1998.46,5995.38
1320,2025-12-17 17:04:19.971994400,Home,2,562.88,1125.76
1126,2025-12-17 20:34:36.895379080,Clothing,2,1034.68,2069.36
1277,2025-12-18 00:04:53.818763752,Sports,5,135.15,675.75
1464,2025-12-18 03:35:10.742148432,Electronics,3,988.43,2965.29
1204,2025-12-18 07:05:27.665533104,Beauty,1,1719.19,1719.19
1194,2025-12-18 10:35:44.588917784,Clothing,4,2737.27,10949.08
1169,2025-12-18 14:06:01.512302464,Home,3,4604.46,13813.38
1152,2025-12-18 17:36:18.435687136,Sports,1,2747.6,2747.6
1035,2025-12-18 21:06:35.359071816,Sports,1,3557.46,3557.46
1184,2025-12-19 00:36:52.282456496,Clothing,4,1852.62,7410.48
1286,2025-12-19 04:07:09.205841168,Electronics,1,3782.99,3782.99
1057,2025-12-19 07:37:26.129225848,Home,5,3140.3,15701.5
1222,2025-12-19 11:07:43.052610520,Clothing,1,2352.99,2352.99
1303,2025-12-19 14:37:59.975995200,Beauty,5,1049.47,5247.35
1163,2025-12-19 18:08:16.899379880,Home,1,1587.35,1587.35
1019,2025-12-19 21:38:33.822764552,Sports,2,3142.64,6285.28
1370,2025-12-20 01:08:50.746149232,Clothing,1,2187.68,2187.68
1264,2025-12-20 04:39:07.669533904,Sports,5,4457.99,22289.95
1282,2025-12-20 08:09:24.592918584,Sports,1,1250.72,1250.72
1113,2025-12-20 11:39:41.516303264,Sports,1,458.06,458.06
1488,2025-12-20 15:09:58.439687936,Electronics,1,2987.81,2987.81
1327,2025-12-20 18:40:15.363072616,Sports,5,4441.65,22208.25
1030,2025-12-20 22:10:32.286457296,Beauty,1,1887.22,1887.22
1135,2025-12-21 01:40:49.209841968,Beauty,4,3273.79,13095.16
1067,2025-12-21 05:11:06.133226648,Home,4,1233.92,4935.68
1065,2025-12-21 08:41:23.056611320,Sports,5,2836.51,14182.55
1292,2025-12-21 12:11:39.979996000,Sports,2,3955.28,7910.56
1025,2025-12-21 15:41:56.903380680,Clothing,4,4348.45,17393.8
1037,2025-12-21 19:12:13.826765352,Electronics,3,615.08,1845.24
1001,2025-12-21 22:42:30.750150032,Home,4,1846.24,7384.96
1399,2025-12-22 02:12:47.673534704,Sports,3,3234.26,9702.78
1037,2025-12-22 05:43:04.596919384,Clothing,5,270.14,1350.7
1141,2025-12-22 09:13:21.520304064,Electronics,2,3484.01,6968.02
1232,2025-12-22 12:43:38.443688736,Home,3,2687.37,8062.11
1136,2025-12-22 16:13:55.367073416,Home,3,1513.97,4541.91
1389,2025-12-22 19:44:12.290458096,Sports,4,4091.81,16367.24
1188,2025-12-22 23:14:29.213842768,Home,3,1521.25,4563.75
1128,2025-12-23 02:44:46.137227448,Clothing,5,4957.93,24789.65
1201,2025-12-23 06:15:03.060612120,Home,5,4100.21,20501.05
1127,2025-12-23 09:45:19.983996800,Beauty,5,3569.1,17845.5
1257,2025-12-23 13:15:36.907381480,Clothing,4,400.6,1602.4
1164,2025-12-23 16:45:53.830766152,Electronics,2,4531.12,9062.24
1035,2025-12-23 20:16:10.754150832,Electronics,4,3971.27,15885.08
1194,2025-12-23 23:46:27.677535504,Sports,5,1222.22,6111.1
1191,2025-12-24 03:16:44.600920184,Sports,4,2022.02,8088.08
1104,2025-12-24 06:47:01.524304864,Beauty,5,1416.29,7081.45
1023,2025-12-24 10:17:18.447689536,Electronics,1,4923.64,4923.64
1265,2025-12-24 13:47:35.371074216,Electronics,1,4285.56,4285.56
1290,2025-12-24 17:17:52.294458896,Electronics,3,4658.1,13974.3
1430,2025-12-24 20:48:09.217843568,Electronics,2,3964.99,7929.98
1462,2025-12-25 00:18:26.141228248,Home,1,2336.11,2336.11
1384,2025-12-25 03:48:43.064612920,Clothing,5,1106.63,5533.15
1260,2025-12-25 07:18:59.987997600,Clothing,4,1119.59,4478.36
1414,2025-12-25 10:49:16.911382280,Beauty,4,843.25,3373.0
1479,2025-12-25 14:19:33.834766952,Home,3,2778.58,8335.74
1358,2025-12-25 17:49:50.758151632,Electronics,4,4607.84,18431.36
1075,2025-12-25 21:20:07.681536312,Electronics,1,4959.81,4959.81
1355,2025-12-26 00:50:24.604920984,Sports,4,1507.77,6031.08
1072,2025-12-26 04:20:41.528305664,Sports,1,3516.84,3516.84
1259,2025-12-26 07:50:58.451690336,Beauty,1,3025.78,3025.78
1398,2025-12-26 11:21:15.375075016,Electronics,2,2495.79,4991.58
1188,2025-12-26 14:51:32.298459696,Beauty,3,3362.27,10086.81
1461,2025-12-26 18:21:49.221844368,Home,5,1919.68,9598.4
1173,2025-12-26 21:52:06.145229048,Clothing,1,4727.98,4727.98
1480,2025-12-27 01:22:23.068613720,Electronics,3,3556.7,10670.1
1290,2025-12-27 04:52:39.991998400,Home,5,3795.59,18977.95
1045,2025-12-27 08:22:56.915383080,Electronics,4,1287.87,5151.48
1061,2025-12-27 11:53:13.838767752,Sports,3,926.05,2778.15
1083,2025-12-27 15:23:30.762152432,Beauty,3,2032.27,6096.81
1123,2025-12-27 18:53:47.685537112,Sports,3,3856.7,11570.1
1358,2025-12-27 22:24:04.608921784,Clothing,4,4700.1,18800.4
1016,2025-12-28 01:54:21.532306464,Sports,4,2193.92,8775.68
1066,2025-12-28 05:24:38.455691136,Electronics,3,3893.37,11680.11
1424,2025-12-28 08:54:55.379075816,Sports,2,2405.0,4810.0
1145,2025-12-28 12:25:12.302460496,Electronics,1,1546.62,1546.62
1375,2025-12-28 15:55:29.225845168,Clothing,4,3722.4,14889.6
1162,2025-12-28 19:25:46.149229848,Sports,2,4011.19,8022.38
1234,2025-12-28 22:56:03.072614520,Beauty,4,1093.92,4375.68
1380,2025-12-29 02:26:19.995999200,Beauty,3,1595.33,4785.99
1144,2025-12-29 05:56:36.919383880,Beauty,2,2524.41,5048.82
1358,2025-12-29 09:26:53.842768552,Sports,5,1013.96,5069.8
1188,2025-12-29 12:57:10.766153232,Sports,1,4651.29,4651.29
1322,2025-12-29 16:27:27.689537912,Sports,1,2997.54,2997.54
1450,2025-12-29 19:57:44.612922584,Electronics,4,693.9,2775.6
1474,2025-12-29 23:28:01.536307264,Clothing,1,1001.75,1001.75
1013,2025-12-30 02:58:18.459691936,Beauty,5,4776.34,23881.7
1184,2025-12-30 06:28:35.383076616,Electronics,2,3717.03,7434.06
1111,2025-12-30 09:58:52.306461296,Beauty,2,3698.58,7397.16
1415,2025-12-30 13:29:09.229845968,Electronics,3,455.24,1365.72
1290,2025-12-30 16:59:26.153230648,Sports,2,4486.96,8973.92
1295,2025-12-30 20:29:43.076615320,Beauty,4,2274.3,9097.2
1451,2025-12-31 00:00:00.000000000,Sports,5,3332.61,16663.05
